
Module: c:\source\a32\object.cpp
Group: 'DGROUP' CONST,CONST2,_DATA,_BSS,XIB,XI,XIE

Segment: _TEXT  PARA USE32  0000229e bytes  
 0000  8d 40 00          L1              lea     eax,+0H[eax]
 0003  2e 66 6e 5f                       DB      2eH,66H,6eH,5fH
 0007  69 6e 69 74                       DB      69H,6eH,69H,74H
 000b  08                                DB      08H

//Copyright(c) 1996 Bloodlust Software All rights reserved
//Object functions
#include <i86.h>
#include <stdlib.h>
#include <string.h>


#define ANIMATOR

#include "glib.h"
#include "motion.h"
#include "input.h"
#include "smix.h"
#include "misc.h"

#include "effect.h"
#include "object.h"

//include list of all control functions
#include "\a32\cfunc.lst"

 000c                    void near .fn_init():
 000c  53                                push    ebx
 000d  51                                push    ecx
 000e  52                                push    edx
 000f  56                                push    esi
 0010  57                                push    edi
 0011  55                                push    ebp
 0012  89 e5                             mov     ebp,esp
 0014  81 ec 08 01 00 00                 sub     esp,00000108H
 001a  c7 85 00 ff ff ff 
       00 00 00 00                       mov     dword ptr -100H[ebp],offset int (near object::* near object::cfunclist[])( int )
 0024  8b 85 00 ff ff ff                 mov     eax,-100H[ebp]
 002a  89 85 fc fe ff ff                 mov     -104H[ebp],eax
 0030  8b 85 fc fe ff ff                 mov     eax,-104H[ebp]
 0036  89 85 f8 fe ff ff                 mov     -108H[ebp],eax
 003c  8b 85 fc fe ff ff                 mov     eax,-104H[ebp]
 0042  c7 00 00 00 00 00                 mov     dword ptr [eax],offset int (near * near object::__mbrptrthunk())( int )
 0048  8b 85 f8 fe ff ff                 mov     eax,-108H[ebp]
 004e  c7 40 04 00 00 00 
       00                                mov     dword ptr +4H[eax],00000000H
 0055  8b 85 f8 fe ff ff                 mov     eax,-108H[ebp]
 005b  c7 40 08 00 00 00 
       00                                mov     dword ptr +8H[eax],00000000H
 0062  c7 85 0c ff ff ff 
       0c 00 00 00                       mov     dword ptr -0f4H[ebp],offset int (near object::* near object::cfunclist[])( int )+0cH
 006c  8b 85 0c ff ff ff                 mov     eax,-0f4H[ebp]
 0072  89 85 08 ff ff ff                 mov     -0f8H[ebp],eax
 0078  8b 85 08 ff ff ff                 mov     eax,-0f8H[ebp]
 007e  89 85 04 ff ff ff                 mov     -0fcH[ebp],eax
 0084  8b 85 08 ff ff ff                 mov     eax,-0f8H[ebp]
 008a  c7 00 00 00 00 00                 mov     dword ptr [eax],offset int (near * near object::__mbrptrthunk())( int )
 0090  8b 85 04 ff ff ff                 mov     eax,-0fcH[ebp]
 0096  c7 40 04 00 00 00 
       00                                mov     dword ptr +4H[eax],00000000H
 009d  8b 85 04 ff ff ff                 mov     eax,-0fcH[ebp]
 00a3  c7 40 08 00 00 00 
       00                                mov     dword ptr +8H[eax],00000000H
 00aa  c7 85 18 ff ff ff 
       18 00 00 00                       mov     dword ptr -0e8H[ebp],offset int (near object::* near object::cfunclist[])( int )+18H
 00b4  8b 85 18 ff ff ff                 mov     eax,-0e8H[ebp]
 00ba  89 85 14 ff ff ff                 mov     -0ecH[ebp],eax
 00c0  8b 85 14 ff ff ff                 mov     eax,-0ecH[ebp]
 00c6  89 85 10 ff ff ff                 mov     -0f0H[ebp],eax
 00cc  8b 85 14 ff ff ff                 mov     eax,-0ecH[ebp]
 00d2  c7 00 00 00 00 00                 mov     dword ptr [eax],offset int (near * near object::__mbrptrthunk())( int )
 00d8  8b 85 10 ff ff ff                 mov     eax,-0f0H[ebp]
 00de  c7 40 04 00 00 00 
       00                                mov     dword ptr +4H[eax],00000000H
 00e5  8b 85 10 ff ff ff                 mov     eax,-0f0H[ebp]
 00eb  c7 40 08 00 00 00 
       00                                mov     dword ptr +8H[eax],00000000H
 00f2  c7 85 24 ff ff ff 
       24 00 00 00                       mov     dword ptr -0dcH[ebp],offset int (near object::* near object::cfunclist[])( int )+24H
 00fc  8b 85 24 ff ff ff                 mov     eax,-0dcH[ebp]
 0102  89 85 20 ff ff ff                 mov     -0e0H[ebp],eax
 0108  8b 85 20 ff ff ff                 mov     eax,-0e0H[ebp]
 010e  89 85 1c ff ff ff                 mov     -0e4H[ebp],eax
 0114  8b 85 20 ff ff ff                 mov     eax,-0e0H[ebp]
 011a  c7 00 00 00 00 00                 mov     dword ptr [eax],offset int (near * near object::__mbrptrthunk())( int )
 0120  8b 85 1c ff ff ff                 mov     eax,-0e4H[ebp]
 0126  c7 40 04 00 00 00 
       00                                mov     dword ptr +4H[eax],00000000H
 012d  8b 85 1c ff ff ff                 mov     eax,-0e4H[ebp]
 0133  c7 40 08 00 00 00 
       00                                mov     dword ptr +8H[eax],00000000H
 013a  c7 85 30 ff ff ff 
       30 00 00 00                       mov     dword ptr -0d0H[ebp],offset int (near object::* near object::cfunclist[])( int )+30H
 0144  8b 85 30 ff ff ff                 mov     eax,-0d0H[ebp]
 014a  89 85 2c ff ff ff                 mov     -0d4H[ebp],eax
 0150  8b 85 2c ff ff ff                 mov     eax,-0d4H[ebp]
 0156  89 85 28 ff ff ff                 mov     -0d8H[ebp],eax
 015c  8b 85 2c ff ff ff                 mov     eax,-0d4H[ebp]
 0162  c7 00 00 00 00 00                 mov     dword ptr [eax],offset int (near * near object::__mbrptrthunk())( int )
 0168  8b 85 28 ff ff ff                 mov     eax,-0d8H[ebp]
 016e  c7 40 04 00 00 00 
       00                                mov     dword ptr +4H[eax],00000000H
 0175  8b 85 28 ff ff ff                 mov     eax,-0d8H[ebp]
 017b  c7 40 08 00 00 00 
       00                                mov     dword ptr +8H[eax],00000000H
 0182  c7 85 3c ff ff ff 
       3c 00 00 00                       mov     dword ptr -0c4H[ebp],offset int (near object::* near object::cfunclist[])( int )+3cH
 018c  8b 85 3c ff ff ff                 mov     eax,-0c4H[ebp]
 0192  89 85 38 ff ff ff                 mov     -0c8H[ebp],eax
 0198  8b 85 38 ff ff ff                 mov     eax,-0c8H[ebp]
 019e  89 85 34 ff ff ff                 mov     -0ccH[ebp],eax
 01a4  8b 85 38 ff ff ff                 mov     eax,-0c8H[ebp]
 01aa  c7 00 00 00 00 00                 mov     dword ptr [eax],offset int (near * near object::__mbrptrthunk())( int )
 01b0  8b 85 34 ff ff ff                 mov     eax,-0ccH[ebp]
 01b6  c7 40 04 00 00 00 
       00                                mov     dword ptr +4H[eax],00000000H
 01bd  8b 85 34 ff ff ff                 mov     eax,-0ccH[ebp]
 01c3  c7 40 08 00 00 00 
       00                                mov     dword ptr +8H[eax],00000000H
 01ca  c7 85 48 ff ff ff 
       48 00 00 00                       mov     dword ptr -0b8H[ebp],offset int (near object::* near object::cfunclist[])( int )+48H
 01d4  8b 85 48 ff ff ff                 mov     eax,-0b8H[ebp]
 01da  89 85 44 ff ff ff                 mov     -0bcH[ebp],eax
 01e0  8b 85 44 ff ff ff                 mov     eax,-0bcH[ebp]
 01e6  89 85 40 ff ff ff                 mov     -0c0H[ebp],eax
 01ec  8b 85 44 ff ff ff                 mov     eax,-0bcH[ebp]
 01f2  c7 00 00 00 00 00                 mov     dword ptr [eax],offset int (near * near object::__mbrptrthunk())( int )
 01f8  8b 85 40 ff ff ff                 mov     eax,-0c0H[ebp]
 01fe  c7 40 04 00 00 00 
       00                                mov     dword ptr +4H[eax],00000000H
 0205  8b 85 40 ff ff ff                 mov     eax,-0c0H[ebp]
 020b  c7 40 08 00 00 00 
       00                                mov     dword ptr +8H[eax],00000000H
 0212  c7 85 54 ff ff ff 
       54 00 00 00                       mov     dword ptr -0acH[ebp],offset int (near object::* near object::cfunclist[])( int )+54H
 021c  8b 85 54 ff ff ff                 mov     eax,-0acH[ebp]
 0222  89 85 50 ff ff ff                 mov     -0b0H[ebp],eax
 0228  8b 85 50 ff ff ff                 mov     eax,-0b0H[ebp]
 022e  89 85 4c ff ff ff                 mov     -0b4H[ebp],eax
 0234  8b 85 50 ff ff ff                 mov     eax,-0b0H[ebp]
 023a  c7 00 00 00 00 00                 mov     dword ptr [eax],offset int (near * near object::__mbrptrthunk())( int )
 0240  8b 85 4c ff ff ff                 mov     eax,-0b4H[ebp]
 0246  c7 40 04 00 00 00 
       00                                mov     dword ptr +4H[eax],00000000H
 024d  8b 85 4c ff ff ff                 mov     eax,-0b4H[ebp]
 0253  c7 40 08 00 00 00 
       00                                mov     dword ptr +8H[eax],00000000H
 025a  c7 85 60 ff ff ff 
       60 00 00 00                       mov     dword ptr -0a0H[ebp],offset int (near object::* near object::cfunclist[])( int )+60H
 0264  8b 85 60 ff ff ff                 mov     eax,-0a0H[ebp]
 026a  89 85 5c ff ff ff                 mov     -0a4H[ebp],eax
 0270  8b 85 5c ff ff ff                 mov     eax,-0a4H[ebp]
 0276  89 85 58 ff ff ff                 mov     -0a8H[ebp],eax
 027c  8b 85 5c ff ff ff                 mov     eax,-0a4H[ebp]
 0282  c7 00 00 00 00 00                 mov     dword ptr [eax],offset int (near * near object::__mbrptrthunk())( int )
 0288  8b 85 58 ff ff ff                 mov     eax,-0a8H[ebp]
 028e  c7 40 04 00 00 00 
       00                                mov     dword ptr +4H[eax],00000000H
 0295  8b 85 58 ff ff ff                 mov     eax,-0a8H[ebp]
 029b  c7 40 08 00 00 00 
       00                                mov     dword ptr +8H[eax],00000000H
 02a2  c7 85 6c ff ff ff 
       6c 00 00 00                       mov     dword ptr -94H[ebp],offset int (near object::* near object::cfunclist[])( int )+6cH
 02ac  8b 85 6c ff ff ff                 mov     eax,-94H[ebp]
 02b2  89 85 68 ff ff ff                 mov     -98H[ebp],eax
 02b8  8b 85 68 ff ff ff                 mov     eax,-98H[ebp]
 02be  89 85 64 ff ff ff                 mov     -9cH[ebp],eax
 02c4  8b 85 68 ff ff ff                 mov     eax,-98H[ebp]
 02ca  c7 00 00 00 00 00                 mov     dword ptr [eax],offset int (near * near object::__mbrptrthunk())( int )
 02d0  8b 85 64 ff ff ff                 mov     eax,-9cH[ebp]
 02d6  c7 40 04 00 00 00 
       00                                mov     dword ptr +4H[eax],00000000H
 02dd  8b 85 64 ff ff ff                 mov     eax,-9cH[ebp]
 02e3  c7 40 08 00 00 00 
       00                                mov     dword ptr +8H[eax],00000000H
 02ea  c7 85 78 ff ff ff 
       78 00 00 00                       mov     dword ptr -88H[ebp],offset int (near object::* near object::cfunclist[])( int )+78H
 02f4  8b 85 78 ff ff ff                 mov     eax,-88H[ebp]
 02fa  89 85 74 ff ff ff                 mov     -8cH[ebp],eax
 0300  8b 85 74 ff ff ff                 mov     eax,-8cH[ebp]
 0306  89 85 70 ff ff ff                 mov     -90H[ebp],eax
 030c  8b 85 74 ff ff ff                 mov     eax,-8cH[ebp]
 0312  c7 00 00 00 00 00                 mov     dword ptr [eax],offset int (near * near object::__mbrptrthunk())( int )
 0318  8b 85 70 ff ff ff                 mov     eax,-90H[ebp]
 031e  c7 40 04 00 00 00 
       00                                mov     dword ptr +4H[eax],00000000H
 0325  8b 85 70 ff ff ff                 mov     eax,-90H[ebp]
 032b  c7 40 08 00 00 00 
       00                                mov     dword ptr +8H[eax],00000000H
 0332  c7 45 84 84 00 00 
       00                                mov     dword ptr -7cH[ebp],offset int (near object::* near object::cfunclist[])( int )+84H
 0339  8b 45 84                          mov     eax,-7cH[ebp]
 033c  89 45 80                          mov     -80H[ebp],eax
 033f  8b 45 80                          mov     eax,-80H[ebp]
 0342  89 85 7c ff ff ff                 mov     -84H[ebp],eax
 0348  8b 45 80                          mov     eax,-80H[ebp]
 034b  c7 00 00 00 00 00                 mov     dword ptr [eax],offset int (near * near object::__mbrptrthunk())( int )
 0351  8b 85 7c ff ff ff                 mov     eax,-84H[ebp]
 0357  c7 40 04 00 00 00 
       00                                mov     dword ptr +4H[eax],00000000H
 035e  8b 85 7c ff ff ff                 mov     eax,-84H[ebp]
 0364  c7 40 08 00 00 00 
       00                                mov     dword ptr +8H[eax],00000000H
 036b  c7 45 90 90 00 00 
       00                                mov     dword ptr -70H[ebp],offset int (near object::* near object::cfunclist[])( int )+90H
 0372  8b 45 90                          mov     eax,-70H[ebp]
 0375  89 45 8c                          mov     -74H[ebp],eax
 0378  8b 45 8c                          mov     eax,-74H[ebp]
 037b  89 45 88                          mov     -78H[ebp],eax
 037e  8b 45 8c                          mov     eax,-74H[ebp]
 0381  c7 00 00 00 00 00                 mov     dword ptr [eax],offset int (near * near object::__mbrptrthunk())( int )
 0387  8b 45 88                          mov     eax,-78H[ebp]
 038a  c7 40 04 00 00 00 
       00                                mov     dword ptr +4H[eax],00000000H
 0391  8b 45 88                          mov     eax,-78H[ebp]
 0394  c7 40 08 00 00 00 
       00                                mov     dword ptr +8H[eax],00000000H
 039b  c7 45 9c 9c 00 00 
       00                                mov     dword ptr -64H[ebp],offset int (near object::* near object::cfunclist[])( int )+9cH
 03a2  8b 45 9c                          mov     eax,-64H[ebp]
 03a5  89 45 98                          mov     -68H[ebp],eax
 03a8  8b 45 98                          mov     eax,-68H[ebp]
 03ab  89 45 94                          mov     -6cH[ebp],eax
 03ae  8b 45 98                          mov     eax,-68H[ebp]
 03b1  c7 00 00 00 00 00                 mov     dword ptr [eax],offset int (near * near object::__mbrptrthunk())( int )
 03b7  8b 45 94                          mov     eax,-6cH[ebp]
 03ba  c7 40 04 00 00 00 
       00                                mov     dword ptr +4H[eax],00000000H
 03c1  8b 45 94                          mov     eax,-6cH[ebp]
 03c4  c7 40 08 00 00 00 
       00                                mov     dword ptr +8H[eax],00000000H
 03cb  c7 45 a8 00 00 00 
       00                                mov     dword ptr -58H[ebp],offset int (near object::* near object::extrado[])( char unsigned near * )
 03d2  8b 45 a8                          mov     eax,-58H[ebp]
 03d5  89 45 a4                          mov     -5cH[ebp],eax
 03d8  8b 45 a4                          mov     eax,-5cH[ebp]
 03db  89 45 a0                          mov     -60H[ebp],eax
 03de  8b 45 a4                          mov     eax,-5cH[ebp]
 03e1  c7 00 00 00 00 00                 mov     dword ptr [eax],offset int (near * near object::__mbrptrthunk())( e_sound near * )
 03e7  8b 45 a0                          mov     eax,-60H[ebp]
 03ea  c7 40 04 00 00 00 
       00                                mov     dword ptr +4H[eax],00000000H
 03f1  8b 45 a0                          mov     eax,-60H[ebp]
 03f4  c7 40 08 00 00 00 
       00                                mov     dword ptr +8H[eax],00000000H
 03fb  c7 45 b4 0c 00 00 
       00                                mov     dword ptr -4cH[ebp],offset int (near object::* near object::extrado[])( char unsigned near * )+0cH
 0402  8b 45 b4                          mov     eax,-4cH[ebp]
 0405  89 45 b0                          mov     -50H[ebp],eax
 0408  8b 45 b0                          mov     eax,-50H[ebp]
 040b  89 45 ac                          mov     -54H[ebp],eax
 040e  8b 45 b0                          mov     eax,-50H[ebp]
 0411  c7 00 00 00 00 00                 mov     dword ptr [eax],offset int (near * near object::__mbrptrthunk())( e_shake near * )
 0417  8b 45 ac                          mov     eax,-54H[ebp]
 041a  c7 40 04 00 00 00 
       00                                mov     dword ptr +4H[eax],00000000H
 0421  8b 45 ac                          mov     eax,-54H[ebp]
 0424  c7 40 08 00 00 00 
       00                                mov     dword ptr +8H[eax],00000000H
 042b  c7 45 c0 18 00 00 
       00                                mov     dword ptr -40H[ebp],offset int (near object::* near object::extrado[])( char unsigned near * )+18H
 0432  8b 45 c0                          mov     eax,-40H[ebp]
 0435  89 45 bc                          mov     -44H[ebp],eax
 0438  8b 45 bc                          mov     eax,-44H[ebp]
 043b  89 45 b8                          mov     -48H[ebp],eax
 043e  8b 45 bc                          mov     eax,-44H[ebp]
 0441  c7 00 00 00 00 00                 mov     dword ptr [eax],offset int (near * near object::__mbrptrthunk())( e_shake near * )
 0447  8b 45 b8                          mov     eax,-48H[ebp]
 044a  c7 40 04 00 00 00 
       00                                mov     dword ptr +4H[eax],00000000H
 0451  8b 45 b8                          mov     eax,-48H[ebp]
 0454  c7 40 08 00 00 00 
       00                                mov     dword ptr +8H[eax],00000000H
 045b  c7 45 cc 24 00 00 
       00                                mov     dword ptr -34H[ebp],offset int (near object::* near object::extrado[])( char unsigned near * )+24H
 0462  8b 45 cc                          mov     eax,-34H[ebp]
 0465  89 45 c8                          mov     -38H[ebp],eax
 0468  8b 45 c8                          mov     eax,-38H[ebp]
 046b  89 45 c4                          mov     -3cH[ebp],eax
 046e  8b 45 c8                          mov     eax,-38H[ebp]
 0471  c7 00 00 00 00 00                 mov     dword ptr [eax],offset int (near * near object::__mbrptrthunk())( e_newobject near * )
 0477  8b 45 c4                          mov     eax,-3cH[ebp]
 047a  c7 40 04 00 00 00 
       00                                mov     dword ptr +4H[eax],00000000H
 0481  8b 45 c4                          mov     eax,-3cH[ebp]
 0484  c7 40 08 00 00 00 
       00                                mov     dword ptr +8H[eax],00000000H
 048b  c7 45 d8 30 00 00 
       00                                mov     dword ptr -28H[ebp],offset int (near object::* near object::extrado[])( char unsigned near * )+30H
 0492  8b 45 d8                          mov     eax,-28H[ebp]
 0495  89 45 d4                          mov     -2cH[ebp],eax
 0498  8b 45 d4                          mov     eax,-2cH[ebp]
 049b  89 45 d0                          mov     -30H[ebp],eax
 049e  8b 45 d4                          mov     eax,-2cH[ebp]
 04a1  c7 00 00 00 00 00                 mov     dword ptr [eax],offset int (near * near object::__mbrptrthunk())( e_goto near * )
 04a7  8b 45 d0                          mov     eax,-30H[ebp]
 04aa  c7 40 04 00 00 00 
       00                                mov     dword ptr +4H[eax],00000000H
 04b1  8b 45 d0                          mov     eax,-30H[ebp]
 04b4  c7 40 08 00 00 00 
       00                                mov     dword ptr +8H[eax],00000000H
 04bb  c7 45 e4 3c 00 00 
       00                                mov     dword ptr -1cH[ebp],offset int (near object::* near object::extrado[])( char unsigned near * )+3cH
 04c2  8b 45 e4                          mov     eax,-1cH[ebp]
 04c5  89 45 e0                          mov     -20H[ebp],eax
 04c8  8b 45 e0                          mov     eax,-20H[ebp]
 04cb  89 45 dc                          mov     -24H[ebp],eax
 04ce  8b 45 e0                          mov     eax,-20H[ebp]
 04d1  c7 00 00 00 00 00                 mov     dword ptr [eax],offset int (near * near object::__mbrptrthunk())( e_blood near * )
 04d7  8b 45 dc                          mov     eax,-24H[ebp]
 04da  c7 40 04 00 00 00 
       00                                mov     dword ptr +4H[eax],00000000H
 04e1  8b 45 dc                          mov     eax,-24H[ebp]
 04e4  c7 40 08 00 00 00 
       00                                mov     dword ptr +8H[eax],00000000H
 04eb  c7 45 f0 48 00 00 
       00                                mov     dword ptr -10H[ebp],offset int (near object::* near object::extrado[])( char unsigned near * )+48H
 04f2  8b 45 f0                          mov     eax,-10H[ebp]
 04f5  89 45 ec                          mov     -14H[ebp],eax
 04f8  8b 45 ec                          mov     eax,-14H[ebp]
 04fb  89 45 e8                          mov     -18H[ebp],eax
 04fe  8b 45 ec                          mov     eax,-14H[ebp]
 0501  c7 00 00 00 00 00                 mov     dword ptr [eax],offset int (near * near object::__mbrptrthunk())( e_region near * )
 0507  8b 45 e8                          mov     eax,-18H[ebp]
 050a  c7 40 04 00 00 00 
       00                                mov     dword ptr +4H[eax],00000000H
 0511  8b 45 e8                          mov     eax,-18H[ebp]
 0514  c7 40 08 00 00 00 
       00                                mov     dword ptr +8H[eax],00000000H
 051b  c7 45 fc 54 00 00 
       00                                mov     dword ptr -4H[ebp],offset int (near object::* near object::extrado[])( char unsigned near * )+54H
 0522  8b 45 fc                          mov     eax,-4H[ebp]
 0525  89 45 f8                          mov     -8H[ebp],eax
 0528  8b 45 f8                          mov     eax,-8H[ebp]
 052b  89 45 f4                          mov     -0cH[ebp],eax
 052e  8b 45 f8                          mov     eax,-8H[ebp]
 0531  c7 00 00 00 00 00                 mov     dword ptr [eax],offset int (near * near object::__mbrptrthunk())( e_dir near * )
 0537  8b 45 f4                          mov     eax,-0cH[ebp]
 053a  c7 40 04 00 00 00 
       00                                mov     dword ptr +4H[eax],00000000H
 0541  8b 45 f4                          mov     eax,-0cH[ebp]
 0544  c7 40 08 00 00 00 
       00                                mov     dword ptr +8H[eax],00000000H
 054b  89 ec                             mov     esp,ebp
 054d  5d                                pop     ebp
 054e  5f                                pop     edi
 054f  5e                                pop     esi
 0550  5a                                pop     edx
 0551  59                                pop     ecx
 0552  5b                                pop     ebx
 0553  c3                                ret     
 0554  8d 40 00          L2              lea     eax,+0H[eax]
 0557  6e 6f 6e 65                       DB      6eH,6fH,6eH,65H
 055b  04                                DB      04H

int object::none(int instat)
 {
  instat=instat;
//  in->readmotions(0);
 055c                    int near object::none( int ):
 055c  53                                push    ebx
 055d  51                                push    ecx
 055e  56                                push    esi
 055f  57                                push    edi
 0560  55                                push    ebp
 0561  89 e5                             mov     ebp,esp
 0563  81 ec 0c 00 00 00                 sub     esp,0000000cH
 0569  89 45 f8                          mov     -8H[ebp],eax
 056c  89 55 fc                          mov     -4H[ebp],edx

  move(fptr->dx,fptr->dy,fptr->dz); //just move
 056f  8b 45 f8                          mov     eax,-8H[ebp]
 0572  8b 48 19                          mov     ecx,+19H[eax]
 0575  8b 49 04                          mov     ecx,+4H[ecx]
 0578  c1 f9 10                          sar     ecx,10H
 057b  8b 45 f8                          mov     eax,-8H[ebp]
 057e  8b 58 19                          mov     ebx,+19H[eax]
 0581  8b 5b 06                          mov     ebx,+6H[ebx]
 0584  c1 fb 10                          sar     ebx,10H
 0587  8b 45 f8                          mov     eax,-8H[ebp]
 058a  8b 50 19                          mov     edx,+19H[eax]
 058d  8b 52 02                          mov     edx,+2H[edx]
 0590  c1 fa 10                          sar     edx,10H
 0593  8b 45 f8                          mov     eax,-8H[ebp]
 0596  e8 00 00 00 00                    call    void near object::move( int, int, int )

  return -1; //no series change
 059b  c7 45 f4 ff ff ff 
       ff                                mov     dword ptr -0cH[ebp],0ffffffffH

 };

void mprintf(char *format,...);
extern volatile int needdelete;
extern object *o; //list of all objects
extern objectdef *odf;

int regionchecks=0,regionintersects=0,seriesstarts;



//adds object to main list
 05a2  8b 45 f4                          mov     eax,-0cH[ebp]
 05a5  89 ec                             mov     esp,ebp
 05a7  5d                                pop     ebp
 05a8  5f                                pop     edi
 05a9  5e                                pop     esi
 05aa  59                                pop     ecx
 05ab  5b                                pop     ebx
 05ac  c3                                ret     
 05ad  90                                nop     
 05ae  61 64 64 6f                       DB      61H,64H,64H,6fH
 05b2  62 6a 65 63                       DB      62H,6aH,65H,63H
 05b6  74 09                             DB      74H,09H

void addobject(object *a)
{
//find insertion point
 05b8                    void near addobject( object near * ):
 05b8  53                                push    ebx
 05b9  51                                push    ecx
 05ba  52                                push    edx
 05bb  56                                push    esi
 05bc  57                                push    edi
 05bd  55                                push    ebp
 05be  89 e5                             mov     ebp,esp
 05c0  81 ec 0c 00 00 00                 sub     esp,0000000cH
 05c6  89 45 fc                          mov     -4H[ebp],eax

for (object *tprev=0,*t=o; t; tprev=t,t=t->next)
 05c9  c7 45 f4 00 00 00 
       00                                mov     dword ptr -0cH[ebp],00000000H
 05d0  a1 00 00 00 00                    mov     eax,object near * near o
 05d5  89 45 f8                          mov     -8H[ebp],eax
 05d8  eb 0f                             jmp     L4
 05da  8b 45 f8          L3              mov     eax,-8H[ebp]
 05dd  89 45 f4                          mov     -0cH[ebp],eax
 05e0  8b 45 f8                          mov     eax,-8H[ebp]
 05e3  8b 40 04                          mov     eax,+4H[eax]
 05e6  89 45 f8                          mov     -8H[ebp],eax
 05e9  83 7d f8 00       L4              cmp     dword ptr -8H[ebp],00000000H
 05ed  74 0e                             je      L5

  if (t->z>a->z) break;

//a goes after tprev, before t
 05ef  8b 45 f8                          mov     eax,-8H[ebp]
 05f2  8b 50 37                          mov     edx,+37H[eax]
 05f5  8b 45 fc                          mov     eax,-4H[ebp]
 05f8  3b 50 37                          cmp     edx,+37H[eax]
 05fb  7e dd                             jle     L3

a->prev=tprev;
 05fd  8b 45 f4          L5              mov     eax,-0cH[ebp]
 0600  8b 55 fc                          mov     edx,-4H[ebp]
 0603  89 02                             mov     [edx],eax

a->next=t;
 0605  8b 45 f8                          mov     eax,-8H[ebp]
 0608  8b 55 fc                          mov     edx,-4H[ebp]
 060b  89 42 04                          mov     +4H[edx],eax

if (tprev) tprev->next=a; else o=a;
 060e  83 7d f4 00                       cmp     dword ptr -0cH[ebp],00000000H
 0612  74 0b                             je      L6
 0614  8b 45 fc                          mov     eax,-4H[ebp]
 0617  8b 55 f4                          mov     edx,-0cH[ebp]
 061a  89 42 04                          mov     +4H[edx],eax
 061d  eb 08                             jmp     L7
 061f  8b 45 fc          L6              mov     eax,-4H[ebp]
 0622  a3 00 00 00 00                    mov     object near * near o,eax

if (t)     t->prev=a;
 0627  83 7d f8 00       L7              cmp     dword ptr -8H[ebp],00000000H
 062b  74 08                             je      L8
 062d  8b 45 fc                          mov     eax,-4H[ebp]
 0630  8b 55 f8                          mov     edx,-8H[ebp]
 0633  89 02                             mov     [edx],eax

};



 0635  89 ec             L8              mov     esp,ebp
 0637  5d                                pop     ebp
 0638  5f                                pop     edi
 0639  5e                                pop     esi
 063a  5a                                pop     edx
 063b  59                                pop     ecx
 063c  5b                                pop     ebx
 063d  c3                                ret     
 063e  90                                nop     
 063f  70 6c 61 79                       DB      70H,6cH,61H,79H
 0643  04                                DB      04H

void object::play(int s)
{ //store last thing
 #ifdef ANIMATOR
 0644                    void near object::play( int ):
 0644  53                                push    ebx
 0645  51                                push    ecx
 0646  56                                push    esi
 0647  57                                push    edi
 0648  55                                push    ebp
 0649  89 e5                             mov     ebp,esp
 064b  81 ec 08 00 00 00                 sub     esp,00000008H
 0651  89 45 f8                          mov     -8H[ebp],eax
 0654  89 55 fc                          mov     -4H[ebp],edx

 if (fptr)
 {
  //cs->cf=cf;
 0657  8b 45 f8                          mov     eax,-8H[ebp]
 065a  83 78 19 00                       cmp     dword ptr +19H[eax],00000000H
 065e  74 0c                             je      L9

  oldcsnum=csnum;
 } 
 #endif
 
 0660  8b 45 f8                          mov     eax,-8H[ebp]
 0663  8a 50 40                          mov     dl,+40H[eax]
 0666  8b 45 f8                          mov     eax,-8H[ebp]
 0669  88 50 63                          mov     +63H[eax],dl

 playing=1; playrepeat=0;  //play it
 066c  8b 45 f8          L9              mov     eax,-8H[ebp]
 066f  80 48 3c 40                       or      byte ptr +3cH[eax],40H
 0673  8b 45 f8                          mov     eax,-8H[ebp]
 0676  80 60 3c 7f                       and     byte ptr +3cH[eax],7fH

 startseries(s);   //start up animation
 067a  8b 55 fc                          mov     edx,-4H[ebp]
 067d  8b 45 f8                          mov     eax,-8H[ebp]
 0680  e8 00 00 00 00                    call    int near object::startseries( int )

}

 0685  89 ec                             mov     esp,ebp
 0687  5d                                pop     ebp
 0688  5f                                pop     edi
 0689  5e                                pop     esi
 068a  59                                pop     ecx
 068b  5b                                pop     ebx
 068c  c3                                ret     
 068d  70 6c 61 79                       DB      70H,6cH,61H,79H
 0691  6c 6f 6f 70                       DB      6cH,6fH,6fH,70H
 0695  65 64 0a                          DB      65H,64H,0aH

void object::playlooped(int s)
{ //store last thing
 #ifdef ANIMATOR
 0698                    void near object::playlooped( int ):
 0698  53                                push    ebx
 0699  51                                push    ecx
 069a  56                                push    esi
 069b  57                                push    edi
 069c  55                                push    ebp
 069d  89 e5                             mov     ebp,esp
 069f  81 ec 08 00 00 00                 sub     esp,00000008H
 06a5  89 45 f8                          mov     -8H[ebp],eax
 06a8  89 55 fc                          mov     -4H[ebp],edx

 if (fptr)
 {
//  cs->cf=cf;
 06ab  8b 45 f8                          mov     eax,-8H[ebp]
 06ae  83 78 19 00                       cmp     dword ptr +19H[eax],00000000H
 06b2  74 0c                             je      L10

  oldcsnum=csnum;
 }
 #endif
 
 06b4  8b 45 f8                          mov     eax,-8H[ebp]
 06b7  8a 50 40                          mov     dl,+40H[eax]
 06ba  8b 45 f8                          mov     eax,-8H[ebp]
 06bd  88 50 63                          mov     +63H[eax],dl

 playing=1; playrepeat=1;  //play it
 06c0  8b 45 f8          L10             mov     eax,-8H[ebp]
 06c3  80 48 3c 40                       or      byte ptr +3cH[eax],40H
 06c7  8b 45 f8                          mov     eax,-8H[ebp]
 06ca  80 48 3c 80                       or      byte ptr +3cH[eax],80H

 startseries(s);   //start up animation
 06ce  8b 55 fc                          mov     edx,-4H[ebp]
 06d1  8b 45 f8                          mov     eax,-8H[ebp]
 06d4  e8 00 00 00 00                    call    int near object::startseries( int )

}

 06d9  89 ec                             mov     esp,ebp
 06db  5d                                pop     ebp
 06dc  5f                                pop     edi
 06dd  5e                                pop     esi
 06de  59                                pop     ecx
 06df  5b                                pop     ebx
 06e0  c3                                ret     
 06e1  8b c0                             mov     eax,eax
 06e3  61 63 74 69                       DB      61H,63H,74H,69H
 06e7  76 61 74 65                       DB      76H,61H,74H,65H
 06eb  08                                DB      08H

void object::activate(int s)
{
 06ec                    void near object::activate( int ):
 06ec  53                                push    ebx
 06ed  51                                push    ecx
 06ee  56                                push    esi
 06ef  57                                push    edi
 06f0  55                                push    ebp
 06f1  89 e5                             mov     ebp,esp
 06f3  81 ec 20 00 00 00                 sub     esp,00000020H
 06f9  89 45 f8                          mov     -8H[ebp],eax
 06fc  89 55 fc                          mov     -4H[ebp],edx

 in->reset();
 06ff  8b 45 f8                          mov     eax,-8H[ebp]
 0702  8b 40 54                          mov     eax,+54H[eax]
 0705  e8 00 00 00 00                    call    void near input::reset()

 if (r[0]) {delete r[0]; r[0]=0;}
 070a  8b 45 f8                          mov     eax,-8H[ebp]
 070d  83 78 23 00                       cmp     dword ptr +23H[eax],00000000H
 0711  74 34                             je      L13
 0713  8b 45 f8                          mov     eax,-8H[ebp]
 0716  8b 40 23                          mov     eax,+23H[eax]
 0719  89 45 f0                          mov     -10H[ebp],eax
 071c  83 7d f0 00                       cmp     dword ptr -10H[ebp],00000000H
 0720  74 14                             je      L11
 0722  31 d2                             xor     edx,edx
 0724  8b 45 f0                          mov     eax,-10H[ebp]
 0727  e8 00 00 00 00                    call    near region::~region()
 072c  e8 00 00 00 00                    call    void near operator delete( void near * )
 0731  89 45 f4                          mov     -0cH[ebp],eax
 0734  eb 07                             jmp     L12
 0736  c7 45 f4 00 00 00 
       00                L11             mov     dword ptr -0cH[ebp],00000000H
 073d  8b 45 f8          L12             mov     eax,-8H[ebp]
 0740  c7 40 23 00 00 00 
       00                                mov     dword ptr +23H[eax],00000000H

 if (r[1]) {delete r[1]; r[1]=0;}
 0747  8b 45 f8          L13             mov     eax,-8H[ebp]
 074a  83 78 27 00                       cmp     dword ptr +27H[eax],00000000H
 074e  74 34                             je      L16
 0750  8b 45 f8                          mov     eax,-8H[ebp]
 0753  8b 40 27                          mov     eax,+27H[eax]
 0756  89 45 e8                          mov     -18H[ebp],eax
 0759  83 7d e8 00                       cmp     dword ptr -18H[ebp],00000000H
 075d  74 14                             je      L14
 075f  31 d2                             xor     edx,edx
 0761  8b 45 e8                          mov     eax,-18H[ebp]
 0764  e8 00 00 00 00                    call    near region::~region()
 0769  e8 00 00 00 00                    call    void near operator delete( void near * )
 076e  89 45 ec                          mov     -14H[ebp],eax
 0771  eb 07                             jmp     L15
 0773  c7 45 ec 00 00 00 
       00                L14             mov     dword ptr -14H[ebp],00000000H
 077a  8b 45 f8          L15             mov     eax,-8H[ebp]
 077d  c7 40 27 00 00 00 
       00                                mov     dword ptr +27H[eax],00000000H

 if (r[2]) {delete r[2]; r[2]=0;}
 0784  8b 45 f8          L16             mov     eax,-8H[ebp]
 0787  83 78 2b 00                       cmp     dword ptr +2bH[eax],00000000H
 078b  74 34                             je      L19
 078d  8b 45 f8                          mov     eax,-8H[ebp]
 0790  8b 40 2b                          mov     eax,+2bH[eax]
 0793  89 45 e0                          mov     -20H[ebp],eax
 0796  83 7d e0 00                       cmp     dword ptr -20H[ebp],00000000H
 079a  74 14                             je      L17
 079c  31 d2                             xor     edx,edx
 079e  8b 45 e0                          mov     eax,-20H[ebp]
 07a1  e8 00 00 00 00                    call    near region::~region()
 07a6  e8 00 00 00 00                    call    void near operator delete( void near * )
 07ab  89 45 e4                          mov     -1cH[ebp],eax
 07ae  eb 07                             jmp     L18
 07b0  c7 45 e4 00 00 00 
       00                L17             mov     dword ptr -1cH[ebp],00000000H
 07b7  8b 45 f8          L18             mov     eax,-8H[ebp]
 07ba  c7 40 2b 00 00 00 
       00                                mov     dword ptr +2bH[eax],00000000H

 intersect=0;
  //reset energy
 07c1  8b 45 f8          L19             mov     eax,-8H[ebp]
 07c4  c6 40 3f 00                       mov     byte ptr +3fH[eax],00H

 if (od->sd[0].energy) energy=od->sd[0].energy; else energy=0x7FFF;
 07c8  8b 45 f8                          mov     eax,-8H[ebp]
 07cb  8b 40 15                          mov     eax,+15H[eax]
 07ce  8b 40 23                          mov     eax,+23H[eax]
 07d1  66 83 78 17 00                    cmp     word ptr +17H[eax],0000H
 07d6  74 16                             je      L20
 07d8  8b 45 f8                          mov     eax,-8H[ebp]
 07db  8b 40 15                          mov     eax,+15H[eax]
 07de  8b 50 23                          mov     edx,+23H[eax]
 07e1  66 8b 52 17                       mov     dx,+17H[edx]
 07e5  8b 45 f8                          mov     eax,-8H[ebp]
 07e8  66 89 50 51                       mov     +51H[eax],dx
 07ec  eb 09                             jmp     L21
 07ee  8b 45 f8          L20             mov     eax,-8H[ebp]
 07f1  66 c7 40 51 ff 7f                 mov     word ptr +51H[eax],7fffH

 jumpptr=0;  shakedur=0;
 
 //activate object
 07f7  8b 45 f8          L21             mov     eax,-8H[ebp]
 07fa  c7 40 58 00 00 00 
       00                                mov     dword ptr +58H[eax],00000000H
 0801  8b 45 f8                          mov     eax,-8H[ebp]
 0804  c6 40 53 00                       mov     byte ptr +53H[eax],00H

 active=1; updated|=16;
 0808  8b 45 f8                          mov     eax,-8H[ebp]
 080b  80 48 3c 20                       or      byte ptr +3cH[eax],20H
 080f  8b 45 f8                          mov     eax,-8H[ebp]
 0812  8a 40 3c                          mov     al,+3cH[eax]
 0815  24 1f                             and     al,1fH
 0817  0c 10                             or      al,10H
 0819  24 1f                             and     al,1fH
 081b  88 c2                             mov     dl,al
 081d  8b 45 f8                          mov     eax,-8H[ebp]
 0820  80 60 3c e0                       and     byte ptr +3cH[eax],0e0H
 0824  8b 45 f8                          mov     eax,-8H[ebp]
 0827  08 50 3c                          or      +3cH[eax],dl

 play(s);     
 082a  8b 55 fc                          mov     edx,-4H[ebp]
 082d  8b 45 f8                          mov     eax,-8H[ebp]
 0830  e8 00 00 00 00                    call    void near object::play( int )

}    

 0835  89 ec                             mov     esp,ebp
 0837  5d                                pop     ebp
 0838  5f                                pop     edi
 0839  5e                                pop     esi
 083a  59                                pop     ecx
 083b  5b                                pop     ebx
 083c  c3                                ret     
 083d  8b c0                             mov     eax,eax
 083f  73 74 6f 70                       DB      73H,74H,6fH,70H
 0843  04                                DB      04H

void object::stop()
{
 0844                    void near object::stop():
 0844  53                                push    ebx
 0845  51                                push    ecx
 0846  52                                push    edx
 0847  56                                push    esi
 0848  57                                push    edi
 0849  55                                push    ebp
 084a  89 e5                             mov     ebp,esp
 084c  81 ec 1c 00 00 00                 sub     esp,0000001cH
 0852  89 45 fc                          mov     -4H[ebp],eax

 if (r[0]) {delete r[0]; r[0]=0;}
 0855  8b 45 fc                          mov     eax,-4H[ebp]
 0858  83 78 23 00                       cmp     dword ptr +23H[eax],00000000H
 085c  74 34                             je      L24
 085e  8b 45 fc                          mov     eax,-4H[ebp]
 0861  8b 40 23                          mov     eax,+23H[eax]
 0864  89 45 f4                          mov     -0cH[ebp],eax
 0867  83 7d f4 00                       cmp     dword ptr -0cH[ebp],00000000H
 086b  74 14                             je      L22
 086d  31 d2                             xor     edx,edx
 086f  8b 45 f4                          mov     eax,-0cH[ebp]
 0872  e8 00 00 00 00                    call    near region::~region()
 0877  e8 00 00 00 00                    call    void near operator delete( void near * )
 087c  89 45 f8                          mov     -8H[ebp],eax
 087f  eb 07                             jmp     L23
 0881  c7 45 f8 00 00 00 
       00                L22             mov     dword ptr -8H[ebp],00000000H
 0888  8b 45 fc          L23             mov     eax,-4H[ebp]
 088b  c7 40 23 00 00 00 
       00                                mov     dword ptr +23H[eax],00000000H

 if (r[1]) {delete r[1]; r[1]=0;}
 0892  8b 45 fc          L24             mov     eax,-4H[ebp]
 0895  83 78 27 00                       cmp     dword ptr +27H[eax],00000000H
 0899  74 34                             je      L27
 089b  8b 45 fc                          mov     eax,-4H[ebp]
 089e  8b 40 27                          mov     eax,+27H[eax]
 08a1  89 45 ec                          mov     -14H[ebp],eax
 08a4  83 7d ec 00                       cmp     dword ptr -14H[ebp],00000000H
 08a8  74 14                             je      L25
 08aa  31 d2                             xor     edx,edx
 08ac  8b 45 ec                          mov     eax,-14H[ebp]
 08af  e8 00 00 00 00                    call    near region::~region()
 08b4  e8 00 00 00 00                    call    void near operator delete( void near * )
 08b9  89 45 f0                          mov     -10H[ebp],eax
 08bc  eb 07                             jmp     L26
 08be  c7 45 f0 00 00 00 
       00                L25             mov     dword ptr -10H[ebp],00000000H
 08c5  8b 45 fc          L26             mov     eax,-4H[ebp]
 08c8  c7 40 27 00 00 00 
       00                                mov     dword ptr +27H[eax],00000000H

 if (r[2]) {delete r[2]; r[2]=0;}
 08cf  8b 45 fc          L27             mov     eax,-4H[ebp]
 08d2  83 78 2b 00                       cmp     dword ptr +2bH[eax],00000000H
 08d6  74 34                             je      L30
 08d8  8b 45 fc                          mov     eax,-4H[ebp]
 08db  8b 40 2b                          mov     eax,+2bH[eax]
 08de  89 45 e4                          mov     -1cH[ebp],eax
 08e1  83 7d e4 00                       cmp     dword ptr -1cH[ebp],00000000H
 08e5  74 14                             je      L28
 08e7  31 d2                             xor     edx,edx
 08e9  8b 45 e4                          mov     eax,-1cH[ebp]
 08ec  e8 00 00 00 00                    call    near region::~region()
 08f1  e8 00 00 00 00                    call    void near operator delete( void near * )
 08f6  89 45 e8                          mov     -18H[ebp],eax
 08f9  eb 07                             jmp     L29
 08fb  c7 45 e8 00 00 00 
       00                L28             mov     dword ptr -18H[ebp],00000000H
 0902  8b 45 fc          L29             mov     eax,-4H[ebp]
 0905  c7 40 2b 00 00 00 
       00                                mov     dword ptr +2bH[eax],00000000H

 playing=0; //stop playing
 090c  8b 45 fc          L30             mov     eax,-4H[ebp]
 090f  80 60 3c bf                       and     byte ptr +3cH[eax],0bfH

 active=0; //no longer active either
 0913  8b 45 fc                          mov     eax,-4H[ebp]
 0916  80 60 3c df                       and     byte ptr +3cH[eax],0dfH

 shakedur=0;
 091a  8b 45 fc                          mov     eax,-4H[ebp]
 091d  c6 40 53 00                       mov     byte ptr +53H[eax],00H

 startseries(oldcsnum);
 0921  8b 55 fc                          mov     edx,-4H[ebp]
 0924  8a 52 63                          mov     dl,+63H[edx]
 0927  81 e2 ff 00 00 00                 and     edx,000000ffH
 092d  8b 45 fc                          mov     eax,-4H[ebp]
 0930  e8 00 00 00 00                    call    int near object::startseries( int )

 if (fptr)
 {
 0935  8b 45 fc                          mov     eax,-4H[ebp]
 0938  83 78 19 00                       cmp     dword ptr +19H[eax],00000000H
 093c  74 17                             je      L31

  cf=cs->cf;
 093e  8b 45 fc                          mov     eax,-4H[ebp]
 0941  8b 40 41                          mov     eax,+41H[eax]
 0944  8a 50 08                          mov     dl,+8H[eax]
 0947  8b 45 fc                          mov     eax,-4H[ebp]
 094a  88 50 21                          mov     +21H[eax],dl

  resetfptr();
 }
 094d  8b 45 fc                          mov     eax,-4H[ebp]
 0950  e8 00 00 00 00                    call    void near object::resetfptr()

}    

//kills this object,sets kill flag
 0955  89 ec             L31             mov     esp,ebp
 0957  5d                                pop     ebp
 0958  5f                                pop     edi
 0959  5e                                pop     esi
 095a  5a                                pop     edx
 095b  59                                pop     ecx
 095c  5b                                pop     ebx
 095d  c3                                ret     
 095e  90                                nop     
 095f  6b 69 6c 6c                       DB      6bH,69H,6cH,6cH
 0963  04                                DB      04H

void object::kill()
{
 0964                    void near object::kill():
 0964  53                                push    ebx
 0965  51                                push    ecx
 0966  52                                push    edx
 0967  56                                push    esi
 0968  57                                push    edi
 0969  55                                push    ebp
 096a  89 e5                             mov     ebp,esp
 096c  81 ec 04 00 00 00                 sub     esp,00000004H
 0972  89 45 fc                          mov     -4H[ebp],eax

 fptr=0;  playing=active=0; killme=1; needdelete++;
 0975  8b 45 fc                          mov     eax,-4H[ebp]
 0978  c7 40 19 00 00 00 
       00                                mov     dword ptr +19H[eax],00000000H
 097f  8b 45 fc                          mov     eax,-4H[ebp]
 0982  80 60 3c df                       and     byte ptr +3cH[eax],0dfH
 0986  30 c0                             xor     al,al
 0988  24 01                             and     al,01H
 098a  88 c2                             mov     dl,al
 098c  8b 45 fc                          mov     eax,-4H[ebp]
 098f  80 60 3c bf                       and     byte ptr +3cH[eax],0bfH
 0993  c0 e2 06                          shl     dl,06H
 0996  8b 45 fc                          mov     eax,-4H[ebp]
 0999  08 50 3c                          or      +3cH[eax],dl
 099c  8b 45 fc                          mov     eax,-4H[ebp]
 099f  80 48 3d 01                       or      byte ptr +3dH[eax],01H
 09a3  a1 00 00 00 00                    mov     eax,int volatile near needdelete
 09a8  ff 05 00 00 00 00                 inc     dword ptr int volatile near needdelete

}

 09ae  89 ec                             mov     esp,ebp
 09b0  5d                                pop     ebp
 09b1  5f                                pop     edi
 09b2  5e                                pop     esi
 09b3  5a                                pop     edx
 09b4  59                                pop     ecx
 09b5  5b                                pop     ebx
 09b6  c3                                ret     
 09b7  90                                nop     
 09b8  73 74 61 72                       DB      73H,74H,61H,72H
 09bc  74 73 65 72                       DB      74H,73H,65H,72H
 09c0  69 65 73 0b                       DB      69H,65H,73H,0bH

int object::startseries(int seriesnum)
{
 09c4                    int near object::startseries( int ):
 09c4  53                                push    ebx
 09c5  51                                push    ecx
 09c6  56                                push    esi
 09c7  57                                push    edi
 09c8  55                                push    ebp
 09c9  89 e5                             mov     ebp,esp
 09cb  81 ec 2c 00 00 00                 sub     esp,0000002cH
 09d1  89 45 f8                          mov     -8H[ebp],eax
 09d4  89 55 fc                          mov     -4H[ebp],edx

seriesstarts++;    
//if suicide
 09d7  ff 05 00 00 00 00                 inc     dword ptr int near seriesstarts

if (seriesnum==0xFF)  {kill(); return -1;}
//if lastforever
 09dd  81 7d fc ff 00 00 
       00                                cmp     dword ptr -4H[ebp],000000ffH
 09e4  75 14                             jne     L32
 09e6  8b 45 f8                          mov     eax,-8H[ebp]
 09e9  e8 00 00 00 00                    call    void near object::kill()
 09ee  c7 45 e0 ff ff ff 
       ff                                mov     dword ptr -20H[ebp],0ffffffffH
 09f5  e9 76 01 00 00                    jmp     L37

if (seriesnum==0xFE) {cf=nf-1; lastforever=1; return -1;}
 09fa  81 7d fc fe 00 00 
       00                L32             cmp     dword ptr -4H[ebp],000000feH
 0a01  75 21                             jne     L33
 0a03  8b 45 f8                          mov     eax,-8H[ebp]
 0a06  8a 40 22                          mov     al,+22H[eax]
 0a09  fe c8                             dec     al
 0a0b  8b 55 f8                          mov     edx,-8H[ebp]
 0a0e  88 42 21                          mov     +21H[edx],al
 0a11  8b 45 f8                          mov     eax,-8H[ebp]
 0a14  80 48 3d 02                       or      byte ptr +3dH[eax],02H
 0a18  c7 45 e0 ff ff ff 
       ff                                mov     dword ptr -20H[ebp],0ffffffffH
 0a1f  e9 4c 01 00 00                    jmp     L37

lastforever=0;

 0a24  8b 45 f8          L33             mov     eax,-8H[ebp]
 0a27  80 60 3d fd                       and     byte ptr +3dH[eax],0fdH

csnum=seriesnum;      //number of series
 0a2b  8a 45 fc                          mov     al,-4H[ebp]
 0a2e  8b 55 f8                          mov     edx,-8H[ebp]
 0a31  88 42 40                          mov     +40H[edx],al

if (!od->loaded) {fptr=0; return 0;}  //if not loaded, hey, lets get the fuck out of here
 0a34  8b 45 f8                          mov     eax,-8H[ebp]
 0a37  8b 40 15                          mov     eax,+15H[eax]
 0a3a  f6 00 01                          test    byte ptr [eax],01H
 0a3d  75 16                             jne     L34
 0a3f  8b 45 f8                          mov     eax,-8H[ebp]
 0a42  c7 40 19 00 00 00 
       00                                mov     dword ptr +19H[eax],00000000H
 0a49  c7 45 e0 00 00 00 
       00                                mov     dword ptr -20H[ebp],00000000H
 0a50  e9 1b 01 00 00                    jmp     L37

cs=&od->sd[seriesnum]; //pointer to series

 0a55  8b 45 f8          L34             mov     eax,-8H[ebp]
 0a58  8b 40 15                          mov     eax,+15H[eax]
 0a5b  6b 55 fc 29                       imul    edx,-4H[ebp],29H
 0a5f  8b 58 23                          mov     ebx,+23H[eax]
 0a62  8b 45 f8                          mov     eax,-8H[ebp]
 0a65  01 d3                             add     ebx,edx
 0a67  89 58 41                          mov     +41H[eax],ebx

nf=cs->nf;  //store number of frames
 0a6a  8b 45 f8                          mov     eax,-8H[ebp]
 0a6d  8b 50 41                          mov     edx,+41H[eax]
 0a70  8a 52 09                          mov     dl,+9H[edx]
 0a73  8b 45 f8                          mov     eax,-8H[ebp]
 0a76  88 50 22                          mov     +22H[eax],dl

if (!nf) {controlfunc=0; fptr=0; cf=0; return 0;}

 0a79  8b 45 f8                          mov     eax,-8H[ebp]
 0a7c  80 78 22 00                       cmp     byte ptr +22H[eax],00H
 0a80  75 4f                             jne     L35
 0a82  8b 45 f8                          mov     eax,-8H[ebp]
 0a85  83 c0 45                          add     eax,00000045H
 0a88  89 45 dc                          mov     -24H[ebp],eax
 0a8b  8b 45 dc                          mov     eax,-24H[ebp]
 0a8e  89 45 d8                          mov     -28H[ebp],eax
 0a91  8b 45 d8                          mov     eax,-28H[ebp]
 0a94  89 45 d4                          mov     -2cH[ebp],eax
 0a97  8b 45 d8                          mov     eax,-28H[ebp]
 0a9a  c7 00 00 00 00 00                 mov     dword ptr [eax],00000000H
 0aa0  8b 45 d4                          mov     eax,-2cH[ebp]
 0aa3  c7 40 04 00 00 00 
       00                                mov     dword ptr +4H[eax],00000000H
 0aaa  8b 45 d4                          mov     eax,-2cH[ebp]
 0aad  c7 40 08 00 00 00 
       00                                mov     dword ptr +8H[eax],00000000H
 0ab4  8b 45 f8                          mov     eax,-8H[ebp]
 0ab7  c7 40 19 00 00 00 
       00                                mov     dword ptr +19H[eax],00000000H
 0abe  8b 45 f8                          mov     eax,-8H[ebp]
 0ac1  c6 40 21 00                       mov     byte ptr +21H[eax],00H
 0ac5  c7 45 e0 00 00 00 
       00                                mov     dword ptr -20H[ebp],00000000H
 0acc  e9 9f 00 00 00                    jmp     L37

controlfunc=object::cfunclist[cs->cfunc]; //get pointer to the control function.

 0ad1  8b 45 f8          L35             mov     eax,-8H[ebp]
 0ad4  83 c0 45                          add     eax,00000045H
 0ad7  89 45 f4                          mov     -0cH[ebp],eax
 0ada  8b 45 f4                          mov     eax,-0cH[ebp]
 0add  89 45 f0                          mov     -10H[ebp],eax
 0ae0  8b 45 f8                          mov     eax,-8H[ebp]
 0ae3  8b 40 41                          mov     eax,+41H[eax]
 0ae6  8a 40 15                          mov     al,+15H[eax]
 0ae9  25 ff 00 00 00                    and     eax,000000ffH
 0aee  6b c0 0c                          imul    eax,0cH
 0af1  ba 00 00 00 00                    mov     edx,offset int (near object::* near object::cfunclist[])( int )
 0af6  01 c2                             add     edx,eax
 0af8  89 55 ec                          mov     -14H[ebp],edx
 0afb  8b 45 f0                          mov     eax,-10H[ebp]
 0afe  89 45 e8                          mov     -18H[ebp],eax
 0b01  8b 45 ec                          mov     eax,-14H[ebp]
 0b04  89 45 e4                          mov     -1cH[ebp],eax
 0b07  8b 45 ec                          mov     eax,-14H[ebp]
 0b0a  8b 10                             mov     edx,[eax]
 0b0c  8b 45 f0                          mov     eax,-10H[ebp]
 0b0f  89 10                             mov     [eax],edx
 0b11  8b 45 e4                          mov     eax,-1cH[ebp]
 0b14  8b 50 04                          mov     edx,+4H[eax]
 0b17  8b 45 e8                          mov     eax,-18H[ebp]
 0b1a  89 50 04                          mov     +4H[eax],edx
 0b1d  8b 45 e4                          mov     eax,-1cH[ebp]
 0b20  8b 50 08                          mov     edx,+8H[eax]
 0b23  8b 45 e8                          mov     eax,-18H[ebp]
 0b26  89 50 08                          mov     +8H[eax],edx

cf=0; fptr=cs->first; //reset to first frame of series
 0b29  8b 45 f8                          mov     eax,-8H[ebp]
 0b2c  c6 40 21 00                       mov     byte ptr +21H[eax],00H
 0b30  8b 45 f8                          mov     eax,-8H[ebp]
 0b33  8b 50 41                          mov     edx,+41H[eax]
 0b36  8b 12                             mov     edx,[edx]
 0b38  8b 45 f8                          mov     eax,-8H[ebp]
 0b3b  89 50 19                          mov     +19H[eax],edx

if (playing)  effect();
        
 0b3e  8b 45 f8                          mov     eax,-8H[ebp]
 0b41  f6 40 3c 40                       test    byte ptr +3cH[eax],40H
 0b45  74 08                             je      L36
 0b47  8b 45 f8                          mov     eax,-8H[ebp]
 0b4a  e8 00 00 00 00                    call    void near object::effect()

dur=fptr->dur;
//updated|=15;

 0b4f  8b 45 f8          L36             mov     eax,-8H[ebp]
 0b52  8b 50 19                          mov     edx,+19H[eax]
 0b55  66 8b 52 02                       mov     dx,+2H[edx]
 0b59  81 e2 ff ff 00 00                 and     edx,0000ffffH
 0b5f  8b 45 f8                          mov     eax,-8H[ebp]
 0b62  89 50 1d                          mov     +1dH[eax],edx

return nf;
 0b65  31 c0                             xor     eax,eax
 0b67  8b 55 f8                          mov     edx,-8H[ebp]
 0b6a  8a 42 22                          mov     al,+22H[edx]
 0b6d  89 45 e0                          mov     -20H[ebp],eax

}

//finds a series from a character name
 0b70  8b 45 e0          L37             mov     eax,-20H[ebp]
 0b73  89 ec                             mov     esp,ebp
 0b75  5d                                pop     ebp
 0b76  5f                                pop     edi
 0b77  5e                                pop     esi
 0b78  59                                pop     ecx
 0b79  5b                                pop     ebx
 0b7a  c3                                ret     
 0b7b  8b c0                             mov     eax,eax
 0b7d  66 69 6e 64                       DB      66H,69H,6eH,64H
 0b81  73 65 72 69                       DB      73H,65H,72H,69H
 0b85  65 73 0a                          DB      65H,73H,0aH

int object::findseries(char *seriesname)
{
 0b88                    int near object::findseries( char near * ):
 0b88  53                                push    ebx
 0b89  51                                push    ecx
 0b8a  56                                push    esi
 0b8b  57                                push    edi
 0b8c  55                                push    ebp
 0b8d  89 e5                             mov     ebp,esp
 0b8f  81 ec 14 00 00 00                 sub     esp,00000014H
 0b95  89 45 f8                          mov     -8H[ebp],eax
 0b98  89 55 fc                          mov     -4H[ebp],edx

series *s=od->sd;    
 0b9b  8b 45 f8                          mov     eax,-8H[ebp]
 0b9e  8b 40 15                          mov     eax,+15H[eax]
 0ba1  8b 40 23                          mov     eax,+23H[eax]
 0ba4  89 45 f0                          mov     -10H[ebp],eax

for (int i=0; i<od->nums; i++,s++)
 0ba7  c7 45 f4 00 00 00 
       00                                mov     dword ptr -0cH[ebp],00000000H
 0bae  eb 0d                             jmp     L39
 0bb0  8b 45 f4          L38             mov     eax,-0cH[ebp]
 0bb3  ff 45 f4                          inc     dword ptr -0cH[ebp]
 0bb6  8b 45 f0                          mov     eax,-10H[ebp]
 0bb9  83 45 f0 29                       add     dword ptr -10H[ebp],00000029H
 0bbd  8b 45 f8          L39             mov     eax,-8H[ebp]
 0bc0  8b 50 15                          mov     edx,+15H[eax]
 0bc3  8b 45 f4                          mov     eax,-0cH[ebp]
 0bc6  3b 42 1f                          cmp     eax,+1fH[edx]
 0bc9  7d 1c                             jge     L41

 if (!stricmp(s->name,seriesname))  return i;
 0bcb  8b 55 fc                          mov     edx,-4H[ebp]
 0bce  8b 45 f0                          mov     eax,-10H[ebp]
 0bd1  83 c0 19                          add     eax,00000019H
 0bd4  e8 00 00 00 00                    call    stricmp_
 0bd9  85 c0                             test    eax,eax
 0bdb  75 08                             jne     L40
 0bdd  8b 45 f4                          mov     eax,-0cH[ebp]
 0be0  89 45 ec                          mov     -14H[ebp],eax
 0be3  eb 09                             jmp     L42
 0be5  eb c9             L40             jmp     L38

return -1;
 0be7  c7 45 ec ff ff ff 
       ff                L41             mov     dword ptr -14H[ebp],0ffffffffH

}    

//starts series from a character name
 0bee  8b 45 ec          L42             mov     eax,-14H[ebp]
 0bf1  89 ec                             mov     esp,ebp
 0bf3  5d                                pop     ebp
 0bf4  5f                                pop     edi
 0bf5  5e                                pop     esi
 0bf6  59                                pop     ecx
 0bf7  5b                                pop     ebx
 0bf8  c3                                ret     
 0bf9  8d 40 00                          lea     eax,+0H[eax]
 0bfc  73 74 61 72                       DB      73H,74H,61H,72H
 0c00  74 73 65 72                       DB      74H,73H,65H,72H
 0c04  69 65 73 0b                       DB      69H,65H,73H,0bH

int object::startseries(char *seriesname)
{
 0c08                    int near object::startseries( char near * ):
 0c08  53                                push    ebx
 0c09  51                                push    ecx
 0c0a  56                                push    esi
 0c0b  57                                push    edi
 0c0c  55                                push    ebp
 0c0d  89 e5                             mov     ebp,esp
 0c0f  81 ec 10 00 00 00                 sub     esp,00000010H
 0c15  89 45 f8                          mov     -8H[ebp],eax
 0c18  89 55 fc                          mov     -4H[ebp],edx

 int s=findseries(seriesname);
 0c1b  8b 55 fc                          mov     edx,-4H[ebp]
 0c1e  8b 45 f8                          mov     eax,-8H[ebp]
 0c21  e8 00 00 00 00                    call    int near object::findseries( char near * )
 0c26  89 45 f4                          mov     -0cH[ebp],eax

 if (s==-1) return 0;

 0c29  83 7d f4 ff                       cmp     dword ptr -0cH[ebp],0ffffffffH
 0c2d  75 09                             jne     L43
 0c2f  c7 45 f0 00 00 00 
       00                                mov     dword ptr -10H[ebp],00000000H
 0c36  eb 0e                             jmp     L44

 return startseries(s);
 0c38  8b 55 f4          L43             mov     edx,-0cH[ebp]
 0c3b  8b 45 f8                          mov     eax,-8H[ebp]
 0c3e  e8 00 00 00 00                    call    int near object::startseries( int )
 0c43  89 45 f0                          mov     -10H[ebp],eax

}    

//starts a series but keeps a reference to jump tragectory
 0c46  8b 45 f0          L44             mov     eax,-10H[ebp]
 0c49  89 ec                             mov     esp,ebp
 0c4b  5d                                pop     ebp
 0c4c  5f                                pop     edi
 0c4d  5e                                pop     esi
 0c4e  59                                pop     ecx
 0c4f  5b                                pop     ebx
 0c50  c3                                ret     
 0c51  8d 40 00                          lea     eax,+0H[eax]
 0c54  73 74 61 72                       DB      73H,74H,61H,72H
 0c58  74 6a 75 6d                       DB      74H,6aH,75H,6dH
 0c5c  70 73 65 72                       DB      70H,73H,65H,72H
 0c60  69 65 73 0f                       DB      69H,65H,73H,0fH

int object::startjumpseries(int seriesnum)
{
 0c64                    int near object::startjumpseries( int ):
 0c64  53                                push    ebx
 0c65  51                                push    ecx
 0c66  56                                push    esi
 0c67  57                                push    edi
 0c68  55                                push    ebp
 0c69  89 e5                             mov     ebp,esp
 0c6b  81 ec 0c 00 00 00                 sub     esp,0000000cH
 0c71  89 45 f8                          mov     -8H[ebp],eax
 0c74  89 55 fc                          mov     -4H[ebp],edx

if (csnum==seriesnum) return 0; //dont repeat
    
 0c77  8b 45 f8                          mov     eax,-8H[ebp]
 0c7a  8a 40 40                          mov     al,+40H[eax]
 0c7d  25 ff 00 00 00                    and     eax,000000ffH
 0c82  3b 45 fc                          cmp     eax,-4H[ebp]
 0c85  75 09                             jne     L45
 0c87  c7 45 f4 00 00 00 
       00                                mov     dword ptr -0cH[ebp],00000000H
 0c8e  eb 53                             jmp     L47

if (!jumpptr) //not in some sort of jump...
 0c90  8b 45 f8          L45             mov     eax,-8H[ebp]
 0c93  83 78 58 00                       cmp     dword ptr +58H[eax],00000000H
 0c97  75 3c                             jne     L46

  {jumpptr=fptr; jumpdur=dur; jumpcf=cf; jumpnf=nf; jumpcsnum=csnum;} //store jump vars
  
 0c99  8b 45 f8                          mov     eax,-8H[ebp]
 0c9c  8b 50 19                          mov     edx,+19H[eax]
 0c9f  8b 45 f8                          mov     eax,-8H[ebp]
 0ca2  89 50 58                          mov     +58H[eax],edx
 0ca5  8b 45 f8                          mov     eax,-8H[ebp]
 0ca8  8b 50 1d                          mov     edx,+1dH[eax]
 0cab  8b 45 f8                          mov     eax,-8H[ebp]
 0cae  89 50 5c                          mov     +5cH[eax],edx
 0cb1  8b 45 f8                          mov     eax,-8H[ebp]
 0cb4  8a 50 21                          mov     dl,+21H[eax]
 0cb7  8b 45 f8                          mov     eax,-8H[ebp]
 0cba  88 50 60                          mov     +60H[eax],dl
 0cbd  8b 45 f8                          mov     eax,-8H[ebp]
 0cc0  8a 50 22                          mov     dl,+22H[eax]
 0cc3  8b 45 f8                          mov     eax,-8H[ebp]
 0cc6  88 50 61                          mov     +61H[eax],dl
 0cc9  8b 45 f8                          mov     eax,-8H[ebp]
 0ccc  8a 50 40                          mov     dl,+40H[eax]
 0ccf  8b 45 f8                          mov     eax,-8H[ebp]
 0cd2  88 50 62                          mov     +62H[eax],dl

return startseries(seriesnum);
 0cd5  8b 55 fc          L46             mov     edx,-4H[ebp]
 0cd8  8b 45 f8                          mov     eax,-8H[ebp]
 0cdb  e8 00 00 00 00                    call    int near object::startseries( int )
 0ce0  89 45 f4                          mov     -0cH[ebp],eax

}    

//resumes series from jump tragectory
 0ce3  8b 45 f4          L47             mov     eax,-0cH[ebp]
 0ce6  89 ec                             mov     esp,ebp
 0ce8  5d                                pop     ebp
 0ce9  5f                                pop     edi
 0cea  5e                                pop     esi
 0ceb  59                                pop     ecx
 0cec  5b                                pop     ebx
 0ced  c3                                ret     
 0cee  8d 40 00                          lea     eax,+0H[eax]
 0cf1  72 65 73 75                       DB      72H,65H,73H,75H
 0cf5  6d 65 6a 75                       DB      6dH,65H,6aH,75H
 0cf9  6d 70 0a                          DB      6dH,70H,0aH

void object::resumejump()
{
 0cfc                    void near object::resumejump():
 0cfc  53                                push    ebx
 0cfd  51                                push    ecx
 0cfe  52                                push    edx
 0cff  56                                push    esi
 0d00  57                                push    edi
 0d01  55                                push    ebp
 0d02  89 e5                             mov     ebp,esp
 0d04  81 ec 04 00 00 00                 sub     esp,00000004H
 0d0a  89 45 fc                          mov     -4H[ebp],eax

if (!jumpptr) return; //no jump
 0d0d  8b 45 fc                          mov     eax,-4H[ebp]
 0d10  83 78 58 00                       cmp     dword ptr +58H[eax],00000000H
 0d14  74 4e                             je      L48

startseries(jumpcsnum);
 0d16  8b 55 fc                          mov     edx,-4H[ebp]
 0d19  8a 52 62                          mov     dl,+62H[edx]
 0d1c  81 e2 ff 00 00 00                 and     edx,000000ffH
 0d22  8b 45 fc                          mov     eax,-4H[ebp]
 0d25  e8 00 00 00 00                    call    int near object::startseries( int )

fptr=jumpptr; dur=jumpdur; cf=jumpcf; nf=jumpnf;
 0d2a  8b 45 fc                          mov     eax,-4H[ebp]
 0d2d  8b 40 58                          mov     eax,+58H[eax]
 0d30  8b 55 fc                          mov     edx,-4H[ebp]
 0d33  89 42 19                          mov     +19H[edx],eax
 0d36  8b 55 fc                          mov     edx,-4H[ebp]
 0d39  8b 52 5c                          mov     edx,+5cH[edx]
 0d3c  8b 45 fc                          mov     eax,-4H[ebp]
 0d3f  89 50 1d                          mov     +1dH[eax],edx
 0d42  8b 45 fc                          mov     eax,-4H[ebp]
 0d45  8a 50 60                          mov     dl,+60H[eax]
 0d48  8b 45 fc                          mov     eax,-4H[ebp]
 0d4b  88 50 21                          mov     +21H[eax],dl
 0d4e  8b 45 fc                          mov     eax,-4H[ebp]
 0d51  8a 50 61                          mov     dl,+61H[eax]
 0d54  8b 45 fc                          mov     eax,-4H[ebp]
 0d57  88 50 22                          mov     +22H[eax],dl

jumpptr=0; 
 0d5a  8b 45 fc                          mov     eax,-4H[ebp]
 0d5d  c7 40 58 00 00 00 
       00                                mov     dword ptr +58H[eax],00000000H

}    

extern object *p;

//object constructor
 0d64  89 ec             L48             mov     esp,ebp
 0d66  5d                                pop     ebp
 0d67  5f                                pop     edi
 0d68  5e                                pop     esi
 0d69  5a                                pop     edx
 0d6a  59                                pop     ecx
 0d6b  5b                                pop     ebx
 0d6c  c3                                ret     
 0d6d  6f 62 6a 65                       DB      6fH,62H,6aH,65H
 0d71  63 74 06                          DB      63H,74H,06H

object::object(objectdef *objdef,int s,int tx,int ty,int tz,int td, object *c)
{
//memset(this,0,sizeof(object));
//erase all of structure
 0d74                    near object::object( objectdef near *, int, int, int, int, int, object near * ):
 0d74  56                                push    esi
 0d75  57                                push    edi
 0d76  55                                push    ebp
 0d77  89 e5                             mov     ebp,esp
 0d79  81 ec 14 00 00 00                 sub     esp,00000014H
 0d7f  89 45 f0                          mov     -10H[ebp],eax
 0d82  89 55 f4                          mov     -0cH[ebp],edx
 0d85  89 5d f8                          mov     -8H[ebp],ebx
 0d88  89 4d fc                          mov     -4H[ebp],ecx
 0d8b  8b 45 f0                          mov     eax,-10H[ebp]
 0d8e  c7 40 64 00 00 00 
       00                                mov     dword ptr +64H[eax],offset void (near * const near __vftbl[])()

next=prev=0;
 0d95  8b 45 f0                          mov     eax,-10H[ebp]
 0d98  c7 00 00 00 00 00                 mov     dword ptr [eax],00000000H
 0d9e  8b 45 f0                          mov     eax,-10H[ebp]
 0da1  8b 10                             mov     edx,[eax]
 0da3  8b 45 f0                          mov     eax,-10H[ebp]
 0da6  89 50 04                          mov     +4H[eax],edx

child=parent=0;
 0da9  8b 45 f0                          mov     eax,-10H[ebp]
 0dac  c7 40 0c 00 00 00 
       00                                mov     dword ptr +0cH[eax],00000000H
 0db3  8b 45 f0                          mov     eax,-10H[ebp]
 0db6  8b 50 0c                          mov     edx,+0cH[eax]
 0db9  8b 45 f0                          mov     eax,-10H[ebp]
 0dbc  89 50 10                          mov     +10H[eax],edx

fptr=0;      //no frame
 0dbf  8b 45 f0                          mov     eax,-10H[ebp]
 0dc2  c7 40 19 00 00 00 
       00                                mov     dword ptr +19H[eax],00000000H

playing=active=0; killme=0;
 0dc9  8b 45 f0                          mov     eax,-10H[ebp]
 0dcc  80 60 3c df                       and     byte ptr +3cH[eax],0dfH
 0dd0  30 c0                             xor     al,al
 0dd2  24 01                             and     al,01H
 0dd4  88 c2                             mov     dl,al
 0dd6  8b 45 f0                          mov     eax,-10H[ebp]
 0dd9  80 60 3c bf                       and     byte ptr +3cH[eax],0bfH
 0ddd  c0 e2 06                          shl     dl,06H
 0de0  8b 45 f0                          mov     eax,-10H[ebp]
 0de3  08 50 3c                          or      +3cH[eax],dl
 0de6  8b 45 f0                          mov     eax,-10H[ebp]
 0de9  80 60 3d fe                       and     byte ptr +3dH[eax],0feH

r[0]=r[1]=r[2]=0; shakedur=0;
 0ded  8b 45 f0                          mov     eax,-10H[ebp]
 0df0  c7 40 2b 00 00 00 
       00                                mov     dword ptr +2bH[eax],00000000H
 0df7  8b 45 f0                          mov     eax,-10H[ebp]
 0dfa  8b 50 2b                          mov     edx,+2bH[eax]
 0dfd  8b 45 f0                          mov     eax,-10H[ebp]
 0e00  89 50 27                          mov     +27H[eax],edx
 0e03  8b 45 f0                          mov     eax,-10H[ebp]
 0e06  8b 50 27                          mov     edx,+27H[eax]
 0e09  8b 45 f0                          mov     eax,-10H[ebp]
 0e0c  89 50 23                          mov     +23H[eax],edx
 0e0f  8b 45 f0                          mov     eax,-10H[ebp]
 0e12  c6 40 53 00                       mov     byte ptr +53H[eax],00H

layer=0;
//oldcsnum=0;
 
 0e16  8b 45 f0                          mov     eax,-10H[ebp]
 0e19  c6 40 3e 00                       mov     byte ptr +3eH[eax],00H

od=objdef;       //bind to objectdef
 0e1d  8b 45 f4                          mov     eax,-0cH[ebp]
 0e20  8b 55 f0                          mov     edx,-10H[ebp]
 0e23  89 42 15                          mov     +15H[edx],eax

onum=od->onum;   //store ordinal object type
 0e26  8b 45 f0                          mov     eax,-10H[ebp]
 0e29  8b 40 15                          mov     eax,+15H[eax]
 0e2c  8a 50 02                          mov     dl,+2H[eax]
 0e2f  8b 45 f0                          mov     eax,-10H[ebp]
 0e32  88 50 14                          mov     +14H[eax],dl

creator=c;       //set creator

//initialize position
 0e35  8b 45 1c                          mov     eax,+1cH[ebp]
 0e38  8b 55 f0                          mov     edx,-10H[ebp]
 0e3b  89 42 08                          mov     +8H[edx],eax

x=tx<<16; y=ty<<16; z=tz<<16; d=td;
 0e3e  8b 45 fc                          mov     eax,-4H[ebp]
 0e41  c1 e0 10                          shl     eax,10H
 0e44  8b 55 f0                          mov     edx,-10H[ebp]
 0e47  89 42 2f                          mov     +2fH[edx],eax
 0e4a  8b 45 10                          mov     eax,+10H[ebp]
 0e4d  c1 e0 10                          shl     eax,10H
 0e50  8b 55 f0                          mov     edx,-10H[ebp]
 0e53  89 42 33                          mov     +33H[edx],eax
 0e56  8b 45 14                          mov     eax,+14H[ebp]
 0e59  c1 e0 10                          shl     eax,10H
 0e5c  8b 55 f0                          mov     edx,-10H[ebp]
 0e5f  89 42 37                          mov     +37H[edx],eax
 0e62  8a 45 18                          mov     al,+18H[ebp]
 0e65  8b 55 f0                          mov     edx,-10H[ebp]
 0e68  88 42 3b                          mov     +3bH[edx],al

updated=15; //position changed 421

//bind to null input
 0e6b  8b 45 f0                          mov     eax,-10H[ebp]
 0e6e  80 60 3c e0                       and     byte ptr +3cH[eax],0e0H
 0e72  8b 45 f0                          mov     eax,-10H[ebp]
 0e75  80 48 3c 0f                       or      byte ptr +3cH[eax],0fH

in=NULL;

 0e79  8b 45 f0                          mov     eax,-10H[ebp]
 0e7c  c7 40 54 00 00 00 
       00                                mov     dword ptr +54H[eax],00000000H

if (!onum)  return;  //it's a null object, return

//load object
 0e83  8b 45 f0                          mov     eax,-10H[ebp]
 0e86  80 78 14 00                       cmp     byte ptr +14H[eax],00H
 0e8a  74 1c                             je      L49

od->Read(); //read objectdef into memory (if not loaded already)

//activate object
 0e8c  8b 45 f0                          mov     eax,-10H[ebp]
 0e8f  8b 40 15                          mov     eax,+15H[eax]
 0e92  e8 00 00 00 00                    call    void near objectdef::Read()

if (s!=-1) activate(s);

//if (!p) p=this;
 0e97  83 7d f8 ff                       cmp     dword ptr -8H[ebp],0ffffffffH
 0e9b  74 0b                             je      L49
 0e9d  8b 55 f8                          mov     edx,-8H[ebp]
 0ea0  8b 45 f0                          mov     eax,-10H[ebp]
 0ea3  e8 00 00 00 00                    call    void near object::activate( int )

}

 0ea8  8b 45 f0          L49             mov     eax,-10H[ebp]
 0eab  89 45 ec                          mov     -14H[ebp],eax
 0eae  8b 45 ec                          mov     eax,-14H[ebp]
 0eb1  89 ec                             mov     esp,ebp
 0eb3  5d                                pop     ebp
 0eb4  5f                                pop     edi
 0eb5  5e                                pop     esi
 0eb6  c2 10 00                          ret     0010H
 0eb9  8d 40 00                          lea     eax,+0H[eax]
 0ebc  7e 6f 62 6a                       DB      7eH,6fH,62H,6aH
 0ec0  65 63 74 07                       DB      65H,63H,74H,07H

object::~object()
{
 //unbind from input
 0ec4                    near object::~object():
 0ec4  53                                push    ebx
 0ec5  51                                push    ecx
 0ec6  56                                push    esi
 0ec7  57                                push    edi
 0ec8  55                                push    ebp
 0ec9  89 e5                             mov     ebp,esp
 0ecb  81 ec 30 00 00 00                 sub     esp,00000030H
 0ed1  89 45 f8                          mov     -8H[ebp],eax
 0ed4  89 55 fc                          mov     -4H[ebp],edx
 0ed7  f7 45 fc 04 00 00 
       00                                test    dword ptr -4H[ebp],00000004H
 0ede  74 17                             je      L50
 0ee0  ba 00 00 00 00                    mov     edx,offset char unsigned const near __typesig[]
 0ee5  8b 45 f8                          mov     eax,-8H[ebp]
 0ee8  e8 00 00 00 00                    call    __wcpp_2_dtor_array_store__
 0eed  e8 00 00 00 00                    call    void near operator delete []( void near * )
 0ef2  e9 8f 01 00 00                    jmp     L67
 0ef7  8b 45 f8          L50             mov     eax,-8H[ebp]
 0efa  c7 40 64 00 00 00 
       00                                mov     dword ptr +64H[eax],offset void (near * const near __vftbl[])()

in->unbind();
 //dereference object
 0f01  8b 45 f8                          mov     eax,-8H[ebp]
 0f04  8b 40 54                          mov     eax,+54H[eax]
 0f07  e8 00 00 00 00                    call    void near input::unbind()

od->Kill();

 0f0c  8b 45 f8                          mov     eax,-8H[ebp]
 0f0f  8b 40 15                          mov     eax,+15H[eax]
 0f12  e8 00 00 00 00                    call    void near objectdef::Kill()

if (r[0]) {delete r[0]; r[0]=0;}
 0f17  8b 45 f8                          mov     eax,-8H[ebp]
 0f1a  83 78 23 00                       cmp     dword ptr +23H[eax],00000000H
 0f1e  74 34                             je      L53
 0f20  8b 45 f8                          mov     eax,-8H[ebp]
 0f23  8b 40 23                          mov     eax,+23H[eax]
 0f26  89 45 ec                          mov     -14H[ebp],eax
 0f29  83 7d ec 00                       cmp     dword ptr -14H[ebp],00000000H
 0f2d  74 14                             je      L51
 0f2f  31 d2                             xor     edx,edx
 0f31  8b 45 ec                          mov     eax,-14H[ebp]
 0f34  e8 00 00 00 00                    call    near region::~region()
 0f39  e8 00 00 00 00                    call    void near operator delete( void near * )
 0f3e  89 45 f0                          mov     -10H[ebp],eax
 0f41  eb 07                             jmp     L52
 0f43  c7 45 f0 00 00 00 
       00                L51             mov     dword ptr -10H[ebp],00000000H
 0f4a  8b 45 f8          L52             mov     eax,-8H[ebp]
 0f4d  c7 40 23 00 00 00 
       00                                mov     dword ptr +23H[eax],00000000H

if (r[1]) {delete r[1]; r[1]=0;}
 0f54  8b 45 f8          L53             mov     eax,-8H[ebp]
 0f57  83 78 27 00                       cmp     dword ptr +27H[eax],00000000H
 0f5b  74 34                             je      L56
 0f5d  8b 45 f8                          mov     eax,-8H[ebp]
 0f60  8b 40 27                          mov     eax,+27H[eax]
 0f63  89 45 e4                          mov     -1cH[ebp],eax
 0f66  83 7d e4 00                       cmp     dword ptr -1cH[ebp],00000000H
 0f6a  74 14                             je      L54
 0f6c  31 d2                             xor     edx,edx
 0f6e  8b 45 e4                          mov     eax,-1cH[ebp]
 0f71  e8 00 00 00 00                    call    near region::~region()
 0f76  e8 00 00 00 00                    call    void near operator delete( void near * )
 0f7b  89 45 e8                          mov     -18H[ebp],eax
 0f7e  eb 07                             jmp     L55
 0f80  c7 45 e8 00 00 00 
       00                L54             mov     dword ptr -18H[ebp],00000000H
 0f87  8b 45 f8          L55             mov     eax,-8H[ebp]
 0f8a  c7 40 27 00 00 00 
       00                                mov     dword ptr +27H[eax],00000000H

if (r[2]) {delete r[2]; r[2]=0;}

 //unlink from chain
 0f91  8b 45 f8          L56             mov     eax,-8H[ebp]
 0f94  83 78 2b 00                       cmp     dword ptr +2bH[eax],00000000H
 0f98  74 34                             je      L59
 0f9a  8b 45 f8                          mov     eax,-8H[ebp]
 0f9d  8b 40 2b                          mov     eax,+2bH[eax]
 0fa0  89 45 dc                          mov     -24H[ebp],eax
 0fa3  83 7d dc 00                       cmp     dword ptr -24H[ebp],00000000H
 0fa7  74 14                             je      L57
 0fa9  31 d2                             xor     edx,edx
 0fab  8b 45 dc                          mov     eax,-24H[ebp]
 0fae  e8 00 00 00 00                    call    near region::~region()
 0fb3  e8 00 00 00 00                    call    void near operator delete( void near * )
 0fb8  89 45 e0                          mov     -20H[ebp],eax
 0fbb  eb 07                             jmp     L58
 0fbd  c7 45 e0 00 00 00 
       00                L57             mov     dword ptr -20H[ebp],00000000H
 0fc4  8b 45 f8          L58             mov     eax,-8H[ebp]
 0fc7  c7 40 2b 00 00 00 
       00                                mov     dword ptr +2bH[eax],00000000H

if (prev) prev->next=next;
 0fce  8b 45 f8          L59             mov     eax,-8H[ebp]
 0fd1  83 38 00                          cmp     dword ptr [eax],00000000H
 0fd4  74 0e                             je      L60
 0fd6  8b 45 f8                          mov     eax,-8H[ebp]
 0fd9  8b 10                             mov     edx,[eax]
 0fdb  8b 45 f8                          mov     eax,-8H[ebp]
 0fde  8b 40 04                          mov     eax,+4H[eax]
 0fe1  89 42 04                          mov     +4H[edx],eax

if (next) next->prev=prev;
 0fe4  8b 45 f8          L60             mov     eax,-8H[ebp]
 0fe7  83 78 04 00                       cmp     dword ptr +4H[eax],00000000H
 0feb  74 0d                             je      L61
 0fed  8b 45 f8                          mov     eax,-8H[ebp]
 0ff0  8b 50 04                          mov     edx,+4H[eax]
 0ff3  8b 45 f8                          mov     eax,-8H[ebp]
 0ff6  8b 00                             mov     eax,[eax]
 0ff8  89 02                             mov     [edx],eax

if (this==o) o=next;

 0ffa  8b 45 f8          L61             mov     eax,-8H[ebp]
 0ffd  3b 05 00 00 00 00                 cmp     eax,object near * near o
 1003  75 0b                             jne     L62
 1005  8b 45 f8                          mov     eax,-8H[ebp]
 1008  8b 40 04                          mov     eax,+4H[eax]
 100b  a3 00 00 00 00                    mov     object near * near o,eax

if (parent) parent->child=0; //unlink from parent
 1010  8b 45 f8          L62             mov     eax,-8H[ebp]
 1013  83 78 0c 00                       cmp     dword ptr +0cH[eax],00000000H
 1017  74 0d                             je      L63
 1019  8b 45 f8                          mov     eax,-8H[ebp]
 101c  8b 40 0c                          mov     eax,+0cH[eax]
 101f  c7 40 10 00 00 00 
       00                                mov     dword ptr +10H[eax],00000000H

if (child) delete child; //child dies with us
 1026  8b 45 f8          L63             mov     eax,-8H[ebp]
 1029  83 78 10 00                       cmp     dword ptr +10H[eax],00000000H
 102d  74 31                             je      L65
 102f  8b 45 f8                          mov     eax,-8H[ebp]
 1032  8b 40 10                          mov     eax,+10H[eax]
 1035  89 45 d4                          mov     -2cH[ebp],eax
 1038  83 7d d4 00                       cmp     dword ptr -2cH[ebp],00000000H
 103c  74 1b                             je      L64
 103e  8b 45 d4                          mov     eax,-2cH[ebp]
 1041  89 45 d0                          mov     -30H[ebp],eax
 1044  8b 5d d0                          mov     ebx,-30H[ebp]
 1047  8b 5b 64                          mov     ebx,+64H[ebx]
 104a  ba 02 00 00 00                    mov     edx,00000002H
 104f  8b 45 d0                          mov     eax,-30H[ebp]
 1052  ff 13                             call    dword ptr [ebx]
 1054  89 45 d8                          mov     -28H[ebp],eax
 1057  eb 07                             jmp     L65
 1059  c7 45 d8 00 00 00 
       00                L64             mov     dword ptr -28H[ebp],00000000H

if (this==p) p=0;
 1060  8b 45 f8          L65             mov     eax,-8H[ebp]
 1063  3b 05 00 00 00 00                 cmp     eax,object near * near p
 1069  75 0a                             jne     L66
 106b  c7 05 00 00 00 00 
       00 00 00 00                       mov     dword ptr object near * near p,00000000H

}


 1075  f7 45 fc 02 00 00 
       00                L66             test    dword ptr -4H[ebp],00000002H
 107c  74 08                             je      L67
 107e  8b 45 f8                          mov     eax,-8H[ebp]
 1081  e8 00 00 00 00                    call    void near operator delete( void near * )
 1086  8b 45 f8          L67             mov     eax,-8H[ebp]
 1089  89 45 f4                          mov     -0cH[ebp],eax
 108c  8b 45 f4                          mov     eax,-0cH[ebp]
 108f  89 ec                             mov     esp,ebp
 1091  5d                                pop     ebp
 1092  5f                                pop     edi
 1093  5e                                pop     esi
 1094  59                                pop     ecx
 1095  5b                                pop     ebx
 1096  c3                                ret     
 1097  8d 40 00                          lea     eax,+0H[eax]
 109a  67 65 74 69                       DB      67H,65H,74H,69H
 109e  6d 67 70 74                       DB      6dH,67H,70H,74H
 10a2  72 09                             DB      72H,09H

image *frame::getimgptr()
{
 10a4                    image near * near frame::getimgptr():
 10a4  53                                push    ebx
 10a5  51                                push    ecx
 10a6  52                                push    edx
 10a7  56                                push    esi
 10a8  57                                push    edi
 10a9  55                                push    ebp
 10aa  89 e5                             mov     ebp,esp
 10ac  81 ec 08 00 00 00                 sub     esp,00000008H
 10b2  89 45 fc                          mov     -4H[ebp],eax

 if (!this) return 0;    
 10b5  83 7d fc 00                       cmp     dword ptr -4H[ebp],00000000H
 10b9  75 09                             jne     L68
 10bb  c7 45 f8 00 00 00 
       00                                mov     dword ptr -8H[ebp],00000000H
 10c2  eb 09                             jmp     L69

 return (image *) (((char *)this)+sizeof(frame));
 10c4  8b 45 fc          L68             mov     eax,-4H[ebp]
 10c7  83 c0 0e                          add     eax,0000000eH
 10ca  89 45 f8                          mov     -8H[ebp],eax

}

 10cd  8b 45 f8          L69             mov     eax,-8H[ebp]
 10d0  89 ec                             mov     esp,ebp
 10d2  5d                                pop     ebp
 10d3  5f                                pop     edi
 10d4  5e                                pop     esi
 10d5  5a                                pop     edx
 10d6  59                                pop     ecx
 10d7  5b                                pop     ebx
 10d8  c3                                ret     
 10d9  8d 40 00                          lea     eax,+0H[eax]
 10dc  67 65 74 65                       DB      67H,65H,74H,65H
 10e0  78 74 72 61                       DB      78H,74H,72H,61H
 10e4  70 74 72 0b                       DB      70H,74H,72H,0bH

byte *frame::getextraptr()
{
 10e8                    char unsigned near * near frame::getextraptr():
 10e8  53                                push    ebx
 10e9  51                                push    ecx
 10ea  52                                push    edx
 10eb  56                                push    esi
 10ec  57                                push    edi
 10ed  55                                push    ebp
 10ee  89 e5                             mov     ebp,esp
 10f0  81 ec 08 00 00 00                 sub     esp,00000008H
 10f6  89 45 fc                          mov     -4H[ebp],eax

 if (!this) return 0;    
 10f9  83 7d fc 00                       cmp     dword ptr -4H[ebp],00000000H
 10fd  75 09                             jne     L70
 10ff  c7 45 f8 00 00 00 
       00                                mov     dword ptr -8H[ebp],00000000H
 1106  eb 17                             jmp     L71

 return (byte *) (((char *)this)+numimages*sizeof(image)+sizeof(frame));
 1108  8b 45 fc          L70             mov     eax,-4H[ebp]
 110b  8a 40 0d                          mov     al,+0dH[eax]
 110e  25 ff 00 00 00                    and     eax,000000ffH
 1113  6b c0 06                          imul    eax,06H
 1116  03 45 fc                          add     eax,-4H[ebp]
 1119  83 c0 0e                          add     eax,0000000eH
 111c  89 45 f8                          mov     -8H[ebp],eax

}

 111f  8b 45 f8          L71             mov     eax,-8H[ebp]
 1122  89 ec                             mov     esp,ebp
 1124  5d                                pop     ebp
 1125  5f                                pop     edi
 1126  5e                                pop     esi
 1127  5a                                pop     edx
 1128  59                                pop     ecx
 1129  5b                                pop     ebx
 112a  c3                                ret     
 112b  8d 40 00                          lea     eax,+0H[eax]
 112e  68 69 74 67                       DB      68H,69H,74H,67H
 1132  72 6f 75 6e                       DB      72H,6fH,75H,6eH
 1136  64 09                             DB      64H,09H

int object::hitground(int groundy)
{
 1138                    int near object::hitground( int ):
 1138  53                                push    ebx
 1139  51                                push    ecx
 113a  56                                push    esi
 113b  57                                push    edi
 113c  55                                push    ebp
 113d  89 e5                             mov     ebp,esp
 113f  81 ec 0c 00 00 00                 sub     esp,0000000cH
 1145  89 45 f8                          mov     -8H[ebp],eax
 1148  89 55 fc                          mov     -4H[ebp],edx

 if (y<=groundy || (cs->parm&SP_NOGROUND)) return 0; //this object doesn't hit ground

 114b  8b 45 f8                          mov     eax,-8H[ebp]
 114e  8b 40 33                          mov     eax,+33H[eax]
 1151  3b 45 fc                          cmp     eax,-4H[ebp]
 1154  7e 0c                             jle     L72
 1156  8b 45 f8                          mov     eax,-8H[ebp]
 1159  8b 40 41                          mov     eax,+41H[eax]
 115c  f6 40 0a 02                       test    byte ptr +0aH[eax],02H
 1160  74 09                             je      L73
 1162  c7 45 f4 00 00 00 
       00                L72             mov     dword ptr -0cH[ebp],00000000H
 1169  eb 6f                             jmp     L78

 y=groundy; updated|=2;
 116b  8b 45 fc          L73             mov     eax,-4H[ebp]
 116e  8b 55 f8                          mov     edx,-8H[ebp]
 1171  89 42 33                          mov     +33H[edx],eax
 1174  8b 45 f8                          mov     eax,-8H[ebp]
 1177  8a 40 3c                          mov     al,+3cH[eax]
 117a  24 1f                             and     al,1fH
 117c  0c 02                             or      al,02H
 117e  24 1f                             and     al,1fH
 1180  88 c2                             mov     dl,al
 1182  8b 45 f8                          mov     eax,-8H[ebp]
 1185  80 60 3c e0                       and     byte ptr +3cH[eax],0e0H
 1189  8b 45 f8                          mov     eax,-8H[ebp]
 118c  08 50 3c                          or      +3cH[eax],dl

 resumejump(); //stop jump

 //go to next frame with no y movement
 do
 {
 118f  8b 45 f8                          mov     eax,-8H[ebp]
 1192  e8 00 00 00 00                    call    void near object::resumejump()

  hiteffect(INTC(x),INTC(y),0); //play hiteffect of this frame
 1197  31 c9             L74             xor     ecx,ecx
 1199  8b 5d f8                          mov     ebx,-8H[ebp]
 119c  8b 5b 33                          mov     ebx,+33H[ebx]
 119f  c1 fb 10                          sar     ebx,10H
 11a2  8b 55 f8                          mov     edx,-8H[ebp]
 11a5  8b 52 2f                          mov     edx,+2fH[edx]
 11a8  c1 fa 10                          sar     edx,10H
 11ab  8b 45 f8                          mov     eax,-8H[ebp]
 11ae  e8 00 00 00 00                    call    void near object::hiteffect( int, int, int )

 } while (!advanceframe() && fptr->dy>0);
 
 11b3  8b 45 f8                          mov     eax,-8H[ebp]
 11b6  e8 00 00 00 00                    call    int near object::advanceframe()
 11bb  85 c0                             test    eax,eax
 11bd  75 10                             jne     L75
 11bf  8b 45 f8                          mov     eax,-8H[ebp]
 11c2  8b 40 19                          mov     eax,+19H[eax]
 11c5  8b 40 06                          mov     eax,+6H[eax]
 11c8  c1 f8 10                          sar     eax,10H
 11cb  85 c0                             test    eax,eax
 11cd  7f 02                             jg      L76
 11cf  eb 02             L75             jmp     L77
 11d1  eb c4             L76             jmp     L74

 return 1;     
 11d3  c7 45 f4 01 00 00 
       00                L77             mov     dword ptr -0cH[ebp],00000001H

}    

 11da  8b 45 f4          L78             mov     eax,-0cH[ebp]
 11dd  89 ec                             mov     esp,ebp
 11df  5d                                pop     ebp
 11e0  5f                                pop     edi
 11e1  5e                                pop     esi
 11e2  59                                pop     ecx
 11e3  5b                                pop     ebx
 11e4  c3                                ret     
 11e5  8b c0                             mov     eax,eax
 11e7  6d 6f 76 65                       DB      6dH,6fH,76H,65H
 11eb  04                                DB      04H

void object::move(int tx, int ty, int tz)
{
 11ec                    void near object::move( int, int, int ):
 11ec  56                                push    esi
 11ed  57                                push    edi
 11ee  55                                push    ebp
 11ef  89 e5                             mov     ebp,esp
 11f1  81 ec 10 00 00 00                 sub     esp,00000010H
 11f7  89 45 f0                          mov     -10H[ebp],eax
 11fa  89 55 f4                          mov     -0cH[ebp],edx
 11fd  89 5d f8                          mov     -8H[ebp],ebx
 1200  89 4d fc                          mov     -4H[ebp],ecx

if (d) tx=-tx;    
 //move X
 1203  8b 45 f0                          mov     eax,-10H[ebp]
 1206  80 78 3b 00                       cmp     byte ptr +3bH[eax],00H
 120a  74 03                             je      L79
 120c  f7 5d f4                          neg     dword ptr -0cH[ebp]

if (tx) {x+=tx<<8; updated|=1; }

 //move Y
 120f  83 7d f4 00       L79             cmp     dword ptr -0cH[ebp],00000000H
 1213  74 27                             je      L80
 1215  8b 55 f4                          mov     edx,-0cH[ebp]
 1218  c1 e2 08                          shl     edx,08H
 121b  8b 45 f0                          mov     eax,-10H[ebp]
 121e  01 50 2f                          add     +2fH[eax],edx
 1221  8b 45 f0                          mov     eax,-10H[ebp]
 1224  8a 40 3c                          mov     al,+3cH[eax]
 1227  24 1f                             and     al,1fH
 1229  0c 01                             or      al,01H
 122b  24 1f                             and     al,1fH
 122d  88 c2                             mov     dl,al
 122f  8b 45 f0                          mov     eax,-10H[ebp]
 1232  80 60 3c e0                       and     byte ptr +3cH[eax],0e0H
 1236  8b 45 f0                          mov     eax,-10H[ebp]
 1239  08 50 3c                          or      +3cH[eax],dl

if (ty)
   {
 123c  83 7d f8 00       L80             cmp     dword ptr -8H[ebp],00000000H
 1240  74 31                             je      L81

    y+=ty<<8; hitground(0); updated|=2; //see if hit ground
   }

 //move Z
 1242  8b 55 f8                          mov     edx,-8H[ebp]
 1245  c1 e2 08                          shl     edx,08H
 1248  8b 45 f0                          mov     eax,-10H[ebp]
 124b  01 50 33                          add     +33H[eax],edx
 124e  31 d2                             xor     edx,edx
 1250  8b 45 f0                          mov     eax,-10H[ebp]
 1253  e8 00 00 00 00                    call    int near object::hitground( int )
 1258  8b 45 f0                          mov     eax,-10H[ebp]
 125b  8a 40 3c                          mov     al,+3cH[eax]
 125e  24 1f                             and     al,1fH
 1260  0c 02                             or      al,02H
 1262  24 1f                             and     al,1fH
 1264  88 c2                             mov     dl,al
 1266  8b 45 f0                          mov     eax,-10H[ebp]
 1269  80 60 3c e0                       and     byte ptr +3cH[eax],0e0H
 126d  8b 45 f0                          mov     eax,-10H[ebp]
 1270  08 50 3c                          or      +3cH[eax],dl

if (tz) { z+=tz<<8; updated|=4; }

//update objects standing on us
 1273  83 7d fc 00       L81             cmp     dword ptr -4H[ebp],00000000H
 1277  74 27                             je      L82
 1279  8b 55 fc                          mov     edx,-4H[ebp]
 127c  c1 e2 08                          shl     edx,08H
 127f  8b 45 f0                          mov     eax,-10H[ebp]
 1282  01 50 37                          add     +37H[eax],edx
 1285  8b 45 f0                          mov     eax,-10H[ebp]
 1288  8a 40 3c                          mov     al,+3cH[eax]
 128b  24 1f                             and     al,1fH
 128d  0c 04                             or      al,04H
 128f  24 1f                             and     al,1fH
 1291  88 c2                             mov     dl,al
 1293  8b 45 f0                          mov     eax,-10H[ebp]
 1296  80 60 3c e0                       and     byte ptr +3cH[eax],0e0H
 129a  8b 45 f0                          mov     eax,-10H[ebp]
 129d  08 50 3c                          or      +3cH[eax],dl

if (updated && r[R_IMPERM] && r[R_IMPERM]->platnum) r[R_IMPERM]->moveaboveobjects(tx<<8,ty<<8,tz<<8);

 12a0  8b 45 f0          L82             mov     eax,-10H[ebp]
 12a3  f6 40 3c 1f                       test    byte ptr +3cH[eax],1fH
 12a7  74 09                             je      L83
 12a9  8b 45 f0                          mov     eax,-10H[ebp]
 12ac  83 78 23 00                       cmp     dword ptr +23H[eax],00000000H
 12b0  75 02                             jne     L84
 12b2  eb 0c             L83             jmp     L85
 12b4  8b 45 f0          L84             mov     eax,-10H[ebp]
 12b7  8b 40 23                          mov     eax,+23H[eax]
 12ba  83 78 21 00                       cmp     dword ptr +21H[eax],00000000H
 12be  75 02                             jne     L86
 12c0  eb 1d             L85             jmp     L87
 12c2  8b 4d fc          L86             mov     ecx,-4H[ebp]
 12c5  c1 e1 08                          shl     ecx,08H
 12c8  8b 5d f8                          mov     ebx,-8H[ebp]
 12cb  c1 e3 08                          shl     ebx,08H
 12ce  8b 55 f4                          mov     edx,-0cH[ebp]
 12d1  c1 e2 08                          shl     edx,08H
 12d4  8b 45 f0                          mov     eax,-10H[ebp]
 12d7  8b 40 23                          mov     eax,+23H[eax]
 12da  e8 00 00 00 00                    call    void near region::moveaboveobjects( int, int, int )

}


//moves absolutely with pixel based coords
 12df  89 ec             L87             mov     esp,ebp
 12e1  5d                                pop     ebp
 12e2  5f                                pop     edi
 12e3  5e                                pop     esi
 12e4  c3                                ret     
 12e5  8d 40 00                          lea     eax,+0H[eax]
 12e8  6d 6f 76 65                       DB      6dH,6fH,76H,65H
 12ec  61 62 73 07                       DB      61H,62H,73H,07H

void object::moveabs(int tx, int ty, int tz)
{
 //move X
 12f0                    void near object::moveabs( int, int, int ):
 12f0  56                                push    esi
 12f1  57                                push    edi
 12f2  55                                push    ebp
 12f3  89 e5                             mov     ebp,esp
 12f5  81 ec 10 00 00 00                 sub     esp,00000010H
 12fb  89 45 f0                          mov     -10H[ebp],eax
 12fe  89 55 f4                          mov     -0cH[ebp],edx
 1301  89 5d f8                          mov     -8H[ebp],ebx
 1304  89 4d fc                          mov     -4H[ebp],ecx

if (tx) { x+=tx; updated|=1; }
 1307  83 7d f4 00                       cmp     dword ptr -0cH[ebp],00000000H
 130b  74 24                             je      L88
 130d  8b 45 f4                          mov     eax,-0cH[ebp]
 1310  8b 55 f0                          mov     edx,-10H[ebp]
 1313  01 42 2f                          add     +2fH[edx],eax
 1316  8b 45 f0                          mov     eax,-10H[ebp]
 1319  8a 40 3c                          mov     al,+3cH[eax]
 131c  24 1f                             and     al,1fH
 131e  0c 01                             or      al,01H
 1320  24 1f                             and     al,1fH
 1322  88 c2                             mov     dl,al
 1324  8b 45 f0                          mov     eax,-10H[ebp]
 1327  80 60 3c e0                       and     byte ptr +3cH[eax],0e0H
 132b  8b 45 f0                          mov     eax,-10H[ebp]
 132e  08 50 3c                          or      +3cH[eax],dl

if (ty) { y+=ty; updated|=2; }
 1331  83 7d f8 00       L88             cmp     dword ptr -8H[ebp],00000000H
 1335  74 24                             je      L89
 1337  8b 45 f8                          mov     eax,-8H[ebp]
 133a  8b 55 f0                          mov     edx,-10H[ebp]
 133d  01 42 33                          add     +33H[edx],eax
 1340  8b 45 f0                          mov     eax,-10H[ebp]
 1343  8a 40 3c                          mov     al,+3cH[eax]
 1346  24 1f                             and     al,1fH
 1348  0c 02                             or      al,02H
 134a  24 1f                             and     al,1fH
 134c  88 c2                             mov     dl,al
 134e  8b 45 f0                          mov     eax,-10H[ebp]
 1351  80 60 3c e0                       and     byte ptr +3cH[eax],0e0H
 1355  8b 45 f0                          mov     eax,-10H[ebp]
 1358  08 50 3c                          or      +3cH[eax],dl

if (tz) { z+=tz; updated|=4; }

 135b  83 7d fc 00       L89             cmp     dword ptr -4H[ebp],00000000H
 135f  74 24                             je      L90
 1361  8b 45 fc                          mov     eax,-4H[ebp]
 1364  8b 55 f0                          mov     edx,-10H[ebp]
 1367  01 42 37                          add     +37H[edx],eax
 136a  8b 45 f0                          mov     eax,-10H[ebp]
 136d  8a 40 3c                          mov     al,+3cH[eax]
 1370  24 1f                             and     al,1fH
 1372  0c 04                             or      al,04H
 1374  24 1f                             and     al,1fH
 1376  88 c2                             mov     dl,al
 1378  8b 45 f0                          mov     eax,-10H[ebp]
 137b  80 60 3c e0                       and     byte ptr +3cH[eax],0e0H
 137f  8b 45 f0                          mov     eax,-10H[ebp]
 1382  08 50 3c                          or      +3cH[eax],dl

if (updated && r[R_IMPERM] && r[R_IMPERM]->platnum) r[R_IMPERM]->moveaboveobjects(tx,ty,tz);
 1385  8b 45 f0          L90             mov     eax,-10H[ebp]
 1388  f6 40 3c 1f                       test    byte ptr +3cH[eax],1fH
 138c  74 09                             je      L91
 138e  8b 45 f0                          mov     eax,-10H[ebp]
 1391  83 78 23 00                       cmp     dword ptr +23H[eax],00000000H
 1395  75 02                             jne     L92
 1397  eb 0c             L91             jmp     L93
 1399  8b 45 f0          L92             mov     eax,-10H[ebp]
 139c  8b 40 23                          mov     eax,+23H[eax]
 139f  83 78 21 00                       cmp     dword ptr +21H[eax],00000000H
 13a3  75 02                             jne     L94
 13a5  eb 14             L93             jmp     L95
 13a7  8b 4d fc          L94             mov     ecx,-4H[ebp]
 13aa  8b 5d f8                          mov     ebx,-8H[ebp]
 13ad  8b 55 f4                          mov     edx,-0cH[ebp]
 13b0  8b 45 f0                          mov     eax,-10H[ebp]
 13b3  8b 40 23                          mov     eax,+23H[eax]
 13b6  e8 00 00 00 00                    call    void near region::moveaboveobjects( int, int, int )

}


int swapcount=0;    

//swaps two objects in order
 13bb  89 ec             L95             mov     esp,ebp
 13bd  5d                                pop     ebp
 13be  5f                                pop     edi
 13bf  5e                                pop     esi
 13c0  c3                                ret     
 13c1  8b c0                             mov     eax,eax
 13c3  73 77 61 70                       DB      73H,77H,61H,70H
 13c7  04                                DB      04H

void swap(object *a,object *b)
{
 13c8                    void near swap( object near *, object near * ):
 13c8  53                                push    ebx
 13c9  51                                push    ecx
 13ca  56                                push    esi
 13cb  57                                push    edi
 13cc  55                                push    ebp
 13cd  89 e5                             mov     ebp,esp
 13cf  81 ec 08 00 00 00                 sub     esp,00000008H
 13d5  89 45 f8                          mov     -8H[ebp],eax
 13d8  89 55 fc                          mov     -4H[ebp],edx

 swapcount++;
 13db  ff 05 00 00 00 00                 inc     dword ptr int near swapcount

 if (!a || !b) return;
     
 13e1  83 7d f8 00                       cmp     dword ptr -8H[ebp],00000000H
 13e5  74 06                             je      L96
 13e7  83 7d fc 00                       cmp     dword ptr -4H[ebp],00000000H
 13eb  75 02                             jne     L97
 13ed  eb 58             L96             jmp     L101

 if (a->prev) a->prev->next=b;
 13ef  8b 45 f8          L97             mov     eax,-8H[ebp]
 13f2  83 38 00                          cmp     dword ptr [eax],00000000H
 13f5  74 0d                             je      L98
 13f7  8b 45 f8                          mov     eax,-8H[ebp]
 13fa  8b 10                             mov     edx,[eax]
 13fc  8b 45 fc                          mov     eax,-4H[ebp]
 13ff  89 42 04                          mov     +4H[edx],eax
 1402  eb 08                             jmp     L99

   else o=b; //set as first now
 1404  8b 45 fc          L98             mov     eax,-4H[ebp]
 1407  a3 00 00 00 00                    mov     object near * near o,eax

 if (b->next) b->next->prev=a;

 140c  8b 45 fc          L99             mov     eax,-4H[ebp]
 140f  83 78 04 00                       cmp     dword ptr +4H[eax],00000000H
 1413  74 0b                             je      L100
 1415  8b 45 fc                          mov     eax,-4H[ebp]
 1418  8b 50 04                          mov     edx,+4H[eax]
 141b  8b 45 f8                          mov     eax,-8H[ebp]
 141e  89 02                             mov     [edx],eax

 a->next=b->next;
 1420  8b 45 fc          L100            mov     eax,-4H[ebp]
 1423  8b 50 04                          mov     edx,+4H[eax]
 1426  8b 45 f8                          mov     eax,-8H[ebp]
 1429  89 50 04                          mov     +4H[eax],edx

 b->prev=a->prev;

 142c  8b 45 f8                          mov     eax,-8H[ebp]
 142f  8b 10                             mov     edx,[eax]
 1431  8b 45 fc                          mov     eax,-4H[ebp]
 1434  89 10                             mov     [eax],edx

 b->next=a;
 1436  8b 45 f8                          mov     eax,-8H[ebp]
 1439  8b 55 fc                          mov     edx,-4H[ebp]
 143c  89 42 04                          mov     +4H[edx],eax

 a->prev=b;
 143f  8b 45 fc                          mov     eax,-4H[ebp]
 1442  8b 55 f8                          mov     edx,-8H[ebp]
 1445  89 02                             mov     [edx],eax

}

 1447  89 ec             L101            mov     esp,ebp
 1449  5d                                pop     ebp
 144a  5f                                pop     edi
 144b  5e                                pop     esi
 144c  59                                pop     ecx
 144d  5b                                pop     ebx
 144e  c3                                ret     
 144f  8b c0                             mov     eax,eax
 1451  72 65 73 6f                       DB      72H,65H,73H,6fH
 1455  72 74 06                          DB      72H,74H,06H

void object::resort()
{
//if (!(updated&4)) return; //resort only if z changed

 1458                    void near object::resort():
 1458  53                                push    ebx
 1459  51                                push    ecx
 145a  52                                push    edx
 145b  56                                push    esi
 145c  57                                push    edi
 145d  55                                push    ebp
 145e  89 e5                             mov     ebp,esp
 1460  81 ec 04 00 00 00                 sub     esp,00000004H
 1466  89 45 fc                          mov     -4H[ebp],eax

if (prev && (z<prev->z)) // || (z==prev->z && (y>prev->y)))// || (y==prev->y && x<prev->x)) )) ) //should be moved up in list
 1469  8b 45 fc                          mov     eax,-4H[ebp]
 146c  83 38 00                          cmp     dword ptr [eax],00000000H
 146f  74 10                             je      L102
 1471  8b 45 fc                          mov     eax,-4H[ebp]
 1474  8b 10                             mov     edx,[eax]
 1476  8b 45 fc                          mov     eax,-4H[ebp]
 1479  8b 40 37                          mov     eax,+37H[eax]
 147c  3b 42 37                          cmp     eax,+37H[edx]
 147f  7c 02                             jl      L103
 1481  eb 17             L102            jmp     L104

 {swap(prev,this); resort(); return;}
 
 1483  8b 55 fc          L103            mov     edx,-4H[ebp]
 1486  8b 45 fc                          mov     eax,-4H[ebp]
 1489  8b 00                             mov     eax,[eax]
 148b  e8 00 00 00 00                    call    void near swap( object near *, object near * )
 1490  8b 45 fc                          mov     eax,-4H[ebp]
 1493  e8 00 00 00 00                    call    void near object::resort()
 1498  eb 34                             jmp     L107

if (next && (z>next->z) )// || (z==next->z && (y<next->y)))  || (y==next->y && x>next->x)) )) )//should be moved up in list
 149a  8b 45 fc          L104            mov     eax,-4H[ebp]
 149d  83 78 04 00                       cmp     dword ptr +4H[eax],00000000H
 14a1  74 11                             je      L105
 14a3  8b 45 fc                          mov     eax,-4H[ebp]
 14a6  8b 50 04                          mov     edx,+4H[eax]
 14a9  8b 45 fc                          mov     eax,-4H[ebp]
 14ac  8b 40 37                          mov     eax,+37H[eax]
 14af  3b 42 37                          cmp     eax,+37H[edx]
 14b2  7f 02                             jg      L106
 14b4  eb 18             L105            jmp     L107

 {swap(this,next); prev->resort(); return;}
 14b6  8b 55 fc          L106            mov     edx,-4H[ebp]
 14b9  8b 52 04                          mov     edx,+4H[edx]
 14bc  8b 45 fc                          mov     eax,-4H[ebp]
 14bf  e8 00 00 00 00                    call    void near swap( object near *, object near * )
 14c4  8b 45 fc                          mov     eax,-4H[ebp]
 14c7  8b 00                             mov     eax,[eax]
 14c9  e8 00 00 00 00                    call    void near object::resort()

}


 14ce  89 ec             L107            mov     esp,ebp
 14d0  5d                                pop     ebp
 14d1  5f                                pop     edi
 14d2  5e                                pop     esi
 14d3  5a                                pop     edx
 14d4  59                                pop     ecx
 14d5  5b                                pop     ebx
 14d6  c3                                ret     
 14d7  61 64 76 61                       DB      61H,64H,76H,61H
 14db  6e 63 65 66                       DB      6eH,63H,65H,66H
 14df  72 61 6d 65                       DB      72H,61H,6dH,65H
 14e3  0c                                DB      0cH

int object::advanceframe()
{
 //we have completed a frame
 14e4                    int near object::advanceframe():
 14e4  53                                push    ebx
 14e5  51                                push    ecx
 14e6  52                                push    edx
 14e7  56                                push    esi
 14e8  57                                push    edi
 14e9  55                                push    ebp
 14ea  89 e5                             mov     ebp,esp
 14ec  81 ec 08 00 00 00                 sub     esp,00000008H
 14f2  89 45 fc                          mov     -4H[ebp],eax

 cf++;
 14f5  8b 45 fc                          mov     eax,-4H[ebp]
 14f8  fe 40 21                          inc     byte ptr +21H[eax]

 if (cf>=nf) //gone through all frames
  {        //done with series
 14fb  8b 45 fc                          mov     eax,-4H[ebp]
 14fe  8a 50 21                          mov     dl,+21H[eax]
 1501  8b 45 fc                          mov     eax,-4H[ebp]
 1504  3a 50 22                          cmp     dl,+22H[eax]
 1507  0f 82 a7 00 00 00                 jb      L115

   if (active) //if it's an active object
     {
      //if jump trajectory, and jump was reinitiated, resume it at last position
 150d  8b 45 fc                          mov     eax,-4H[ebp]
 1510  f6 40 3c 20                       test    byte ptr +3cH[eax],20H
 1514  0f 84 6a 00 00 00                 je      L112

       if (jumpptr && cs->next==jumpcsnum) resumejump();             
             else
      //initiate next series
 151a  8b 45 fc                          mov     eax,-4H[ebp]
 151d  83 78 58 00                       cmp     dword ptr +58H[eax],00000000H
 1521  74 11                             je      L108
 1523  8b 45 fc                          mov     eax,-4H[ebp]
 1526  8b 50 41                          mov     edx,+41H[eax]
 1529  8a 52 14                          mov     dl,+14H[edx]
 152c  8b 45 fc                          mov     eax,-4H[ebp]
 152f  3a 50 62                          cmp     dl,+62H[eax]
 1532  74 02                             je      L109
 1534  eb 0a             L108            jmp     L110
 1536  8b 45 fc          L109            mov     eax,-4H[ebp]
 1539  e8 00 00 00 00                    call    void near object::resumejump()
 153e  eb 42                             jmp     L111

      if (!startseries(cs->next)) {fptr=0; playing=active=0;} //if no frames, stop playing
 1540  8b 55 fc          L110            mov     edx,-4H[ebp]
 1543  8b 52 41                          mov     edx,+41H[edx]
 1546  8a 52 14                          mov     dl,+14H[edx]
 1549  81 e2 ff 00 00 00                 and     edx,000000ffH
 154f  8b 45 fc                          mov     eax,-4H[ebp]
 1552  e8 00 00 00 00                    call    int near object::startseries( int )
 1557  85 c0                             test    eax,eax
 1559  75 27                             jne     L111
 155b  8b 45 fc                          mov     eax,-4H[ebp]
 155e  c7 40 19 00 00 00 
       00                                mov     dword ptr +19H[eax],00000000H
 1565  8b 45 fc                          mov     eax,-4H[ebp]
 1568  80 60 3c df                       and     byte ptr +3cH[eax],0dfH
 156c  30 c0                             xor     al,al
 156e  24 01                             and     al,01H
 1570  88 c2                             mov     dl,al
 1572  8b 45 fc                          mov     eax,-4H[ebp]
 1575  80 60 3c bf                       and     byte ptr +3cH[eax],0bfH
 1579  c0 e2 06                          shl     dl,06H
 157c  8b 45 fc                          mov     eax,-4H[ebp]
 157f  08 50 3c                          or      +3cH[eax],dl

     } else //it's just a played series
     {
 1582  eb 27             L111            jmp     L114

      if (!playrepeat) stop();
 1584  8b 45 fc          L112            mov     eax,-4H[ebp]
 1587  f6 40 3c 80                       test    byte ptr +3cH[eax],80H
 158b  75 0a                             jne     L113
 158d  8b 45 fc                          mov     eax,-4H[ebp]
 1590  e8 00 00 00 00                    call    void near object::stop()
 1595  eb 14                             jmp     L114

        else startseries(csnum);
     }
 1597  8b 55 fc          L113            mov     edx,-4H[ebp]
 159a  8a 52 40                          mov     dl,+40H[edx]
 159d  81 e2 ff 00 00 00                 and     edx,000000ffH
 15a3  8b 45 fc                          mov     eax,-4H[ebp]
 15a6  e8 00 00 00 00                    call    int near object::startseries( int )

     return 1; //series completed
    }
   else 
    {        //advance to next frame
 15ab  c7 45 f8 01 00 00 
       00                L114            mov     dword ptr -8H[ebp],00000001H
 15b2  eb 3a                             jmp     L116

     fptr=(frame *) (((char *)fptr)+fptr->size);
 15b4  8b 45 fc          L115            mov     eax,-4H[ebp]
 15b7  8b 40 19                          mov     eax,+19H[eax]
 15ba  31 d2                             xor     edx,edx
 15bc  66 8b 10                          mov     dx,[eax]
 15bf  8b 45 fc                          mov     eax,-4H[ebp]
 15c2  8b 58 19                          mov     ebx,+19H[eax]
 15c5  8b 45 fc                          mov     eax,-4H[ebp]
 15c8  01 d3                             add     ebx,edx
 15ca  89 58 19                          mov     +19H[eax],ebx

     dur=fptr->dur;
 15cd  8b 45 fc                          mov     eax,-4H[ebp]
 15d0  8b 40 19                          mov     eax,+19H[eax]
 15d3  31 d2                             xor     edx,edx
 15d5  66 8b 50 02                       mov     dx,+2H[eax]
 15d9  8b 45 fc                          mov     eax,-4H[ebp]
 15dc  89 50 1d                          mov     +1dH[eax],edx

     effect(); //do the extra effect thingees
 15df  8b 45 fc                          mov     eax,-4H[ebp]
 15e2  e8 00 00 00 00                    call    void near object::effect()

     return 0; //just next frame
    }
 15e7  c7 45 f8 00 00 00 
       00                                mov     dword ptr -8H[ebp],00000000H

}
        


//extern int playing;
 15ee  8b 45 f8          L116            mov     eax,-8H[ebp]
 15f1  89 ec                             mov     esp,ebp
 15f3  5d                                pop     ebp
 15f4  5f                                pop     edi
 15f5  5e                                pop     esi
 15f6  5a                                pop     edx
 15f7  59                                pop     ecx
 15f8  5b                                pop     ebx
 15f9  c3                                ret     
 15fa  90                                nop     
 15fb  74 69 63 6b                       DB      74H,69H,63H,6bH
 15ff  04                                DB      04H

void object::tick()
{
 1600                    void near object::tick():
 1600  53                                push    ebx
 1601  51                                push    ecx
 1602  52                                push    edx
 1603  56                                push    esi
 1604  57                                push    edi
 1605  55                                push    ebp
 1606  89 e5                             mov     ebp,esp
 1608  81 ec 14 00 00 00                 sub     esp,00000014H
 160e  89 45 fc                          mov     -4H[ebp],eax

 if (!fptr || lastforever) return; //must leave if no frame
 
 1611  8b 45 fc                          mov     eax,-4H[ebp]
 1614  83 78 19 00                       cmp     dword ptr +19H[eax],00000000H
 1618  74 09                             je      L117
 161a  8b 45 fc                          mov     eax,-4H[ebp]
 161d  f6 40 3d 02                       test    byte ptr +3dH[eax],02H
 1621  74 05                             je      L118
 1623  e9 78 01 00 00    L117            jmp     L132

 if (shakedur>0) shakedur--;
    
 //call control func for this series
 1628  8b 45 fc          L118            mov     eax,-4H[ebp]
 162b  8a 40 53                          mov     al,+53H[eax]
 162e  25 ff 00 00 00                    and     eax,000000ffH
 1633  85 c0                             test    eax,eax
 1635  7e 06                             jle     L119
 1637  8b 45 fc                          mov     eax,-4H[ebp]
 163a  fe 48 53                          dec     byte ptr +53H[eax]

 if (active && controlfunc) //do control function if active
  {
 163d  8b 45 fc          L119            mov     eax,-4H[ebp]
 1640  f6 40 3c 20                       test    byte ptr +3cH[eax],20H
 1644  74 09                             je      L120
 1646  8b 45 fc                          mov     eax,-4H[ebp]
 1649  83 78 45 00                       cmp     dword ptr +45H[eax],00000000H
 164d  75 05                             jne     L121
 164f  e9 72 00 00 00    L120            jmp     L125

   int tempcs=(this->*(this->controlfunc))(in->getstat());
 1654  8b 45 fc          L121            mov     eax,-4H[ebp]
 1657  83 c0 45                          add     eax,00000045H
 165a  89 45 f8                          mov     -8H[ebp],eax
 165d  8b 45 fc                          mov     eax,-4H[ebp]
 1660  8b 5d f8                          mov     ebx,-8H[ebp]
 1663  03 43 04                          add     eax,+4H[ebx]
 1666  89 45 f4                          mov     -0cH[ebp],eax
 1669  8b 45 f4                          mov     eax,-0cH[ebp]
 166c  8b 5d f8                          mov     ebx,-8H[ebp]
 166f  ff 13                             call    dword ptr [ebx]
 1671  89 45 f0                          mov     -10H[ebp],eax
 1674  8b 45 fc                          mov     eax,-4H[ebp]
 1677  8b 40 54                          mov     eax,+54H[eax]
 167a  e8 00 00 00 00                    call    int unsigned near input::getstat()
 167f  8b 5d f4                          mov     ebx,-0cH[ebp]
 1682  89 c2                             mov     edx,eax
 1684  89 d8                             mov     eax,ebx
 1686  ff 55 f0                          call    dword ptr -10H[ebp]
 1689  89 45 ec                          mov     -14H[ebp],eax

   if (tempcs!=-1 && tempcs!=csnum)
    {
 168c  83 7d ec ff                       cmp     dword ptr -14H[ebp],0ffffffffH
 1690  74 10                             je      L122
 1692  8b 45 fc                          mov     eax,-4H[ebp]
 1695  8a 40 40                          mov     al,+40H[eax]
 1698  25 ff 00 00 00                    and     eax,000000ffH
 169d  3b 45 ec                          cmp     eax,-14H[ebp]
 16a0  75 02                             jne     L123
 16a2  eb 20             L122            jmp     L124

     if (od->sd[tempcs].nf) startseries(tempcs); //start up new series
    }
 16a4  8b 45 fc          L123            mov     eax,-4H[ebp]
 16a7  8b 40 15                          mov     eax,+15H[eax]
 16aa  6b 55 ec 29                       imul    edx,-14H[ebp],29H
 16ae  8b 40 23                          mov     eax,+23H[eax]
 16b1  01 d0                             add     eax,edx
 16b3  80 78 09 00                       cmp     byte ptr +9H[eax],00H
 16b7  74 0b                             je      L124
 16b9  8b 55 ec                          mov     edx,-14H[ebp]
 16bc  8b 45 fc                          mov     eax,-4H[ebp]
 16bf  e8 00 00 00 00                    call    int near object::startseries( int )

  } else none(0);

 //advance jumping trajectory frames
 16c4  eb 0a             L124            jmp     L126
 16c6  31 d2             L125            xor     edx,edx
 16c8  8b 45 fc                          mov     eax,-4H[ebp]
 16cb  e8 00 00 00 00                    call    int near object::none( int )

 if (jumpptr)
  {
 16d0  8b 45 fc          L126            mov     eax,-4H[ebp]
 16d3  83 78 58 00                       cmp     dword ptr +58H[eax],00000000H
 16d7  0f 84 8d 00 00 00                 je      L129

   if (jumpdur>0) jumpdur--;
     else
     {
 16dd  8b 45 fc                          mov     eax,-4H[ebp]
 16e0  83 78 5c 00                       cmp     dword ptr +5cH[eax],00000000H
 16e4  7e 0b                             jle     L127
 16e6  8b 45 fc                          mov     eax,-4H[ebp]
 16e9  ff 48 5c                          dec     dword ptr +5cH[eax]
 16ec  e9 79 00 00 00                    jmp     L129

      jumpcf++;
 16f1  8b 45 fc          L127            mov     eax,-4H[ebp]
 16f4  fe 40 60                          inc     byte ptr +60H[eax]

      if (jumpcf>=jumpnf) //we completed jump...but attack is still going on
       {
 16f7  8b 45 fc                          mov     eax,-4H[ebp]
 16fa  8a 50 60                          mov     dl,+60H[eax]
 16fd  8b 45 fc                          mov     eax,-4H[ebp]
 1700  3a 50 61                          cmp     dl,+61H[eax]
 1703  72 36                             jb      L128

        jumpptr=0; //stop trajectory
 1705  8b 45 fc                          mov     eax,-4H[ebp]
 1708  c7 40 58 00 00 00 
       00                                mov     dword ptr +58H[eax],00000000H

        startseries(od->sd[jumpcsnum].next); //abort attack
 170f  8b 45 fc                          mov     eax,-4H[ebp]
 1712  8b 50 15                          mov     edx,+15H[eax]
 1715  8b 45 fc                          mov     eax,-4H[ebp]
 1718  8a 40 62                          mov     al,+62H[eax]
 171b  25 ff 00 00 00                    and     eax,000000ffH
 1720  6b c0 29                          imul    eax,29H
 1723  8b 52 23                          mov     edx,+23H[edx]
 1726  01 c2                             add     edx,eax
 1728  8a 52 14                          mov     dl,+14H[edx]
 172b  81 e2 ff 00 00 00                 and     edx,000000ffH
 1731  8b 45 fc                          mov     eax,-4H[ebp]
 1734  e8 00 00 00 00                    call    int near object::startseries( int )

       }      else 
        {        //advance to next frame
 1739  eb 2f                             jmp     L129

         jumpptr=(frame *) (((char *)jumpptr)+jumpptr->size);
 173b  8b 45 fc          L128            mov     eax,-4H[ebp]
 173e  8b 40 58                          mov     eax,+58H[eax]
 1741  31 d2                             xor     edx,edx
 1743  66 8b 10                          mov     dx,[eax]
 1746  8b 45 fc                          mov     eax,-4H[ebp]
 1749  8b 58 58                          mov     ebx,+58H[eax]
 174c  8b 45 fc                          mov     eax,-4H[ebp]
 174f  01 d3                             add     ebx,edx
 1751  89 58 58                          mov     +58H[eax],ebx

         jumpdur=jumpptr->dur;
        } 
     }
  }

 //dur
 1754  8b 45 fc                          mov     eax,-4H[ebp]
 1757  8b 50 58                          mov     edx,+58H[eax]
 175a  66 8b 52 02                       mov     dx,+2H[edx]
 175e  81 e2 ff ff 00 00                 and     edx,0000ffffH
 1764  8b 45 fc                          mov     eax,-4H[ebp]
 1767  89 50 5c                          mov     +5cH[eax],edx

 if (dur>0) dur--;
 176a  8b 45 fc          L129            mov     eax,-4H[ebp]
 176d  83 78 1d 00                       cmp     dword ptr +1dH[eax],00000000H
 1771  7e 08                             jle     L130
 1773  8b 45 fc                          mov     eax,-4H[ebp]
 1776  ff 48 1d                          dec     dword ptr +1dH[eax]
 1779  eb 08                             jmp     L131

  else advanceframe();

 //see if we are attacking anyone
 177b  8b 45 fc          L130            mov     eax,-4H[ebp]
 177e  e8 00 00 00 00                    call    int near object::advanceframe()

 r[R_ATTACK]->checkattack();
 1783  8b 45 fc          L131            mov     eax,-4H[ebp]
 1786  8b 40 2b                          mov     eax,+2bH[eax]
 1789  e8 00 00 00 00                    call    void near region::checkattack()

 r[R_IMPERM]->checkimperm();
 178e  8b 45 fc                          mov     eax,-4H[ebp]
 1791  8b 40 23                          mov     eax,+23H[eax]
 1794  e8 00 00 00 00                    call    void near region::checkimperm()

 updated=0;
 1799  8b 45 fc                          mov     eax,-4H[ebp]
 179c  80 60 3c e0                       and     byte ptr +3cH[eax],0e0H

}


 17a0  89 ec             L132            mov     esp,ebp
 17a2  5d                                pop     ebp
 17a3  5f                                pop     edi
 17a4  5e                                pop     esi
 17a5  5a                                pop     edx
 17a6  59                                pop     ecx
 17a7  5b                                pop     ebx
 17a8  c3                                ret     
 17a9  6c 6f 73 65                       DB      6cH,6fH,73H,65H
 17ad  65 6e 65 72                       DB      65H,6eH,65H,72H
 17b1  67 79 0a                          DB      67H,79H,0aH

int object::loseenergy(int e)
{
 17b4                    int near object::loseenergy( int ):
 17b4  53                                push    ebx
 17b5  51                                push    ecx
 17b6  56                                push    esi
 17b7  57                                push    edi
 17b8  55                                push    ebp
 17b9  89 e5                             mov     ebp,esp
 17bb  81 ec 0c 00 00 00                 sub     esp,0000000cH
 17c1  89 45 f8                          mov     -8H[ebp],eax
 17c4  89 55 fc                          mov     -4H[ebp],edx

if (!active || energy==0x7FFF) return 0;
 17c7  8b 45 f8                          mov     eax,-8H[ebp]
 17ca  f6 40 3c 20                       test    byte ptr +3cH[eax],20H
 17ce  74 10                             je      L133
 17d0  8b 45 f8                          mov     eax,-8H[ebp]
 17d3  8b 40 4f                          mov     eax,+4fH[eax]
 17d6  c1 f8 10                          sar     eax,10H
 17d9  3d ff 7f 00 00                    cmp     eax,00007fffH
 17de  75 09                             jne     L134
 17e0  c7 45 f4 00 00 00 
       00                L133            mov     dword ptr -0cH[ebp],00000000H
 17e7  eb 53                             jmp     L138

energy-=e;

 17e9  8b 45 fc          L134            mov     eax,-4H[ebp]
 17ec  8b 55 f8                          mov     edx,-8H[ebp]
 17ef  66 29 42 51                       sub     +51H[edx],ax

if (energy<0)
  {
 17f3  8b 55 f8                          mov     edx,-8H[ebp]
 17f6  8b 52 4f                          mov     edx,+4fH[edx]
 17f9  c1 fa 10                          sar     edx,10H
 17fc  85 d2                             test    edx,edx
 17fe  7d 35                             jge     L137

   if (energy>=-5 || !startseries("dieexplode")) startseries("die");
 1800  8b 45 f8                          mov     eax,-8H[ebp]
 1803  8b 40 4f                          mov     eax,+4fH[eax]
 1806  c1 f8 10                          sar     eax,10H
 1809  83 f8 fb                          cmp     eax,0fffffffbH
 180c  7d 11                             jge     L135
 180e  ba 00 00 00 00                    mov     edx,offset L205
 1813  8b 45 f8                          mov     eax,-8H[ebp]
 1816  e8 00 00 00 00                    call    int near object::startseries( char near * )
 181b  85 c0                             test    eax,eax
 181d  75 0d                             jne     L136
 181f  ba 0b 00 00 00    L135            mov     edx,offset L206
 1824  8b 45 f8                          mov     eax,-8H[ebp]
 1827  e8 00 00 00 00                    call    int near object::startseries( char near * )

   return 1; 
  }
 182c  c7 45 f4 01 00 00 
       00                L136            mov     dword ptr -0cH[ebp],00000001H
 1833  eb 07                             jmp     L138

return 0; 
 1835  c7 45 f4 00 00 00 
       00                L137            mov     dword ptr -0cH[ebp],00000000H

}    


int oshake[8]={0,1,0,2,-1,0,-2,0};

 183c  8b 45 f4          L138            mov     eax,-0cH[ebp]
 183f  89 ec                             mov     esp,ebp
 1841  5d                                pop     ebp
 1842  5f                                pop     edi
 1843  5e                                pop     esi
 1844  59                                pop     ecx
 1845  5b                                pop     ebx
 1846  c3                                ret     
 1847  64 72 61 77                       DB      64H,72H,61H,77H
 184b  04                                DB      04H

void object::draw()
{
 184c                    void near object::draw():
 184c  53                                push    ebx
 184d  51                                push    ecx
 184e  52                                push    edx
 184f  56                                push    esi
 1850  57                                push    edi
 1851  55                                push    ebp
 1852  89 e5                             mov     ebp,esp
 1854  81 ec 18 00 00 00                 sub     esp,00000018H
 185a  89 45 fc                          mov     -4H[ebp],eax

 if (!fptr) return;

 185d  8b 45 fc                          mov     eax,-4H[ebp]
 1860  83 78 19 00                       cmp     dword ptr +19H[eax],00000000H
 1864  0f 84 ec 01 00 00                 je      L154

 _disable();
 186a  e8 00 00 00 00                    call    _disable_

 int tx=(x>>16);
 186f  8b 45 fc                          mov     eax,-4H[ebp]
 1872  8b 40 2f                          mov     eax,+2fH[eax]
 1875  c1 f8 10                          sar     eax,10H
 1878  89 45 ec                          mov     -14H[ebp],eax

 int ty=(y+z)>>16;
 187b  8b 45 fc                          mov     eax,-4H[ebp]
 187e  8b 40 33                          mov     eax,+33H[eax]
 1881  8b 55 fc                          mov     edx,-4H[ebp]
 1884  03 42 37                          add     eax,+37H[edx]
 1887  c1 f8 10                          sar     eax,10H
 188a  89 45 f0                          mov     -10H[ebp],eax

 register image *i=fptr->getimgptr();
 188d  8b 45 fc                          mov     eax,-4H[ebp]
 1890  8b 40 19                          mov     eax,+19H[eax]
 1893  e8 00 00 00 00                    call    image near * near frame::getimgptr()
 1898  89 45 f4                          mov     -0cH[ebp],eax

 int j=fptr->numimages;
 189b  8b 45 fc                          mov     eax,-4H[ebp]
 189e  8b 50 19                          mov     edx,+19H[eax]
 18a1  31 c0                             xor     eax,eax
 18a3  8a 42 0d                          mov     al,+0dH[edx]
 18a6  89 45 f8                          mov     -8H[ebp],eax

 _enable();


 //do object shaking
 18a9  e8 00 00 00 00                    call    _enable_

 if (shakedur>0)  tx+=oshake[dur&7];
 18ae  8b 45 fc                          mov     eax,-4H[ebp]
 18b1  8a 40 53                          mov     al,+53H[eax]
 18b4  25 ff 00 00 00                    and     eax,000000ffH
 18b9  85 c0                             test    eax,eax
 18bb  7e 15                             jle     L139
 18bd  8b 45 fc                          mov     eax,-4H[ebp]
 18c0  8b 40 1d                          mov     eax,+1dH[eax]
 18c3  83 e0 07                          and     eax,00000007H
 18c6  c1 e0 02                          shl     eax,02H
 18c9  8b 80 00 00 00 00                 mov     eax,int near oshake[][eax]
 18cf  01 45 ec                          add     -14H[ebp],eax

 if (!d)
 { 
 18d2  8b 45 fc          L139            mov     eax,-4H[ebp]
 18d5  80 78 3b 00                       cmp     byte ptr +3bH[eax],00H
 18d9  0f 85 b2 00 00 00                 jne     L147

  for (; j>0; j--)
  {
 18df  eb 06                             jmp     L141
 18e1  8b 45 f8          L140            mov     eax,-8H[ebp]
 18e4  ff 4d f8                          dec     dword ptr -8H[ebp]
 18e7  83 7d f8 00       L141            cmp     dword ptr -8H[ebp],00000000H
 18eb  0f 8e 9b 00 00 00                 jle     L146

   if ((!i->exclusive && i->layer<=layer) || (i->exclusive && i->layer==layer))
 18f1  8b 45 f4                          mov     eax,-0cH[ebp]
 18f4  f6 40 01 10                       test    byte ptr +1H[eax],10H
 18f8  75 16                             jne     L142
 18fa  8b 45 f4                          mov     eax,-0cH[ebp]
 18fd  8a 40 01                          mov     al,+1H[eax]
 1900  c0 e0 04                          shl     al,04H
 1903  c0 e8 06                          shr     al,06H
 1906  88 c2                             mov     dl,al
 1908  8b 45 fc                          mov     eax,-4H[ebp]
 190b  3a 50 3e                          cmp     dl,+3eH[eax]
 190e  76 21                             jbe     L144
 1910  8b 45 f4          L142            mov     eax,-0cH[ebp]
 1913  f6 40 01 10                       test    byte ptr +1H[eax],10H
 1917  74 16                             je      L143
 1919  8b 45 f4                          mov     eax,-0cH[ebp]
 191c  8a 40 01                          mov     al,+1H[eax]
 191f  c0 e0 04                          shl     al,04H
 1922  c0 e8 06                          shr     al,06H
 1925  88 c2                             mov     dl,al
 1927  8b 45 fc                          mov     eax,-4H[ebp]
 192a  3a 50 3e                          cmp     dl,+3eH[eax]
 192d  74 02                             je      L144
 192f  eb 4f             L143            jmp     L145

    DrawImage(od->id[i->index],screen,tx+i->dispx,ty+i->dispy,i->orient);
 1931  8b 45 f4          L144            mov     eax,-0cH[ebp]
 1934  8a 40 01                          mov     al,+1H[eax]
 1937  24 03                             and     al,03H
 1939  25 ff 00 00 00                    and     eax,000000ffH
 193e  50                                push    eax
 193f  8b 45 f4                          mov     eax,-0cH[ebp]
 1942  8b 40 02                          mov     eax,+2H[eax]
 1945  c1 f8 10                          sar     eax,10H
 1948  03 45 f0                          add     eax,-10H[ebp]
 194b  50                                push    eax
 194c  8b 45 f4                          mov     eax,-0cH[ebp]
 194f  8b 00                             mov     eax,[eax]
 1951  c1 f8 10                          sar     eax,10H
 1954  03 45 ec                          add     eax,-14H[ebp]
 1957  50                                push    eax
 1958  ff 35 00 00 00 00                 push    char near * near screen
 195e  8b 45 fc                          mov     eax,-4H[ebp]
 1961  8b 50 15                          mov     edx,+15H[eax]
 1964  8b 45 f4                          mov     eax,-0cH[ebp]
 1967  8a 00                             mov     al,[eax]
 1969  25 ff 00 00 00                    and     eax,000000ffH
 196e  c1 e0 02                          shl     eax,02H
 1971  8b 52 17                          mov     edx,+17H[edx]
 1974  01 d0                             add     eax,edx
 1976  ff 30                             push    [eax]
 1978  e8 00 00 00 00                    call    _DrawImage
 197d  83 c4 14                          add     esp,00000014H

   i++;
 1980  8b 45 f4          L145            mov     eax,-0cH[ebp]
 1983  83 45 f4 06                       add     dword ptr -0cH[ebp],00000006H

  }
 1987  e9 55 ff ff ff                    jmp     L140

 } else
 { 
 198c  e9 c5 00 00 00    L146            jmp     L154

  for (; j>0; j--)
  {
 1991  eb 06             L147            jmp     L149
 1993  8b 45 f8          L148            mov     eax,-8H[ebp]
 1996  ff 4d f8                          dec     dword ptr -8H[ebp]
 1999  83 7d f8 00       L149            cmp     dword ptr -8H[ebp],00000000H
 199d  0f 8e b3 00 00 00                 jle     L154

   if ((!i->exclusive && i->layer<=layer) || (i->exclusive && i->layer==layer))
   {   
 19a3  8b 45 f4                          mov     eax,-0cH[ebp]
 19a6  f6 40 01 10                       test    byte ptr +1H[eax],10H
 19aa  75 16                             jne     L150
 19ac  8b 45 f4                          mov     eax,-0cH[ebp]
 19af  8a 40 01                          mov     al,+1H[eax]
 19b2  c0 e0 04                          shl     al,04H
 19b5  c0 e8 06                          shr     al,06H
 19b8  88 c2                             mov     dl,al
 19ba  8b 45 fc                          mov     eax,-4H[ebp]
 19bd  3a 50 3e                          cmp     dl,+3eH[eax]
 19c0  76 21                             jbe     L152
 19c2  8b 45 f4          L150            mov     eax,-0cH[ebp]
 19c5  f6 40 01 10                       test    byte ptr +1H[eax],10H
 19c9  74 16                             je      L151
 19cb  8b 45 f4                          mov     eax,-0cH[ebp]
 19ce  8a 40 01                          mov     al,+1H[eax]
 19d1  c0 e0 04                          shl     al,04H
 19d4  c0 e8 06                          shr     al,06H
 19d7  88 c2                             mov     dl,al
 19d9  8b 45 fc                          mov     eax,-4H[ebp]
 19dc  3a 50 3e                          cmp     dl,+3eH[eax]
 19df  74 02                             je      L152
 19e1  eb 67             L151            jmp     L153

    img *iptr=od->id[i->index];
 19e3  8b 45 fc          L152            mov     eax,-4H[ebp]
 19e6  8b 50 15                          mov     edx,+15H[eax]
 19e9  8b 45 f4                          mov     eax,-0cH[ebp]
 19ec  8a 00                             mov     al,[eax]
 19ee  25 ff 00 00 00                    and     eax,000000ffH
 19f3  c1 e0 02                          shl     eax,02H
 19f6  8b 52 17                          mov     edx,+17H[edx]
 19f9  01 d0                             add     eax,edx
 19fb  8b 00                             mov     eax,[eax]
 19fd  89 45 e8                          mov     -18H[ebp],eax

    DrawImage(iptr,screen,tx-i->dispx-iptr->xw,ty+i->dispy,0x2^i->orient);
   }
 1a00  8b 45 f4                          mov     eax,-0cH[ebp]
 1a03  8a 40 01                          mov     al,+1H[eax]
 1a06  24 03                             and     al,03H
 1a08  34 02                             xor     al,02H
 1a0a  25 ff 00 00 00                    and     eax,000000ffH
 1a0f  50                                push    eax
 1a10  8b 45 f4                          mov     eax,-0cH[ebp]
 1a13  8b 40 02                          mov     eax,+2H[eax]
 1a16  c1 f8 10                          sar     eax,10H
 1a19  03 45 f0                          add     eax,-10H[ebp]
 1a1c  50                                push    eax
 1a1d  8b 45 f4                          mov     eax,-0cH[ebp]
 1a20  8b 00                             mov     eax,[eax]
 1a22  c1 f8 10                          sar     eax,10H
 1a25  8b 55 ec                          mov     edx,-14H[ebp]
 1a28  29 c2                             sub     edx,eax
 1a2a  8b 45 e8                          mov     eax,-18H[ebp]
 1a2d  8a 40 01                          mov     al,+1H[eax]
 1a30  25 ff 00 00 00                    and     eax,000000ffH
 1a35  29 c2                             sub     edx,eax
 1a37  52                                push    edx
 1a38  ff 35 00 00 00 00                 push    char near * near screen
 1a3e  8b 45 e8                          mov     eax,-18H[ebp]
 1a41  50                                push    eax
 1a42  e8 00 00 00 00                    call    _DrawImage
 1a47  83 c4 14                          add     esp,00000014H

   i++;
 1a4a  8b 45 f4          L153            mov     eax,-0cH[ebp]
 1a4d  83 45 f4 06                       add     dword ptr -0cH[ebp],00000006H

  }
 } 

 
 1a51  e9 3d ff ff ff                    jmp     L148

}


 1a56  89 ec             L154            mov     esp,ebp
 1a58  5d                                pop     ebp
 1a59  5f                                pop     edi
 1a5a  5e                                pop     esi
 1a5b  5a                                pop     edx
 1a5c  59                                pop     ecx
 1a5d  5b                                pop     ebx
 1a5e  c3                                ret     
 1a5f  8d 40 00                          lea     eax,+0H[eax]
 1a62  73 6f 75 6e                       DB      73H,6fH,75H,6eH
 1a66  64 05                             DB      64H,05H

void object::sound(int n)
{
 1a68                    void near object::sound( int ):
 1a68  53                                push    ebx
 1a69  51                                push    ecx
 1a6a  56                                push    esi
 1a6b  57                                push    edi
 1a6c  55                                push    ebp
 1a6d  89 e5                             mov     ebp,esp
 1a6f  81 ec 08 00 00 00                 sub     esp,00000008H
 1a75  89 45 f8                          mov     -8H[ebp],eax
 1a78  89 55 fc                          mov     -4H[ebp],edx

 if (!sbstat) return;    
 1a7b  83 3d 00 00 00 00 
       00                                cmp     dword ptr _sbstat,00000000H
 1a82  74 51                             je      L157

 if (n>=od->numsounds || !od->sounds[n]) return;
 
 1a84  8b 45 f8                          mov     eax,-8H[ebp]
 1a87  8b 50 15                          mov     edx,+15H[eax]
 1a8a  8b 45 fc                          mov     eax,-4H[ebp]
 1a8d  3b 42 2b                          cmp     eax,+2bH[edx]
 1a90  7d 16                             jge     L155
 1a92  8b 45 f8                          mov     eax,-8H[ebp]
 1a95  8b 40 15                          mov     eax,+15H[eax]
 1a98  8b 55 fc                          mov     edx,-4H[ebp]
 1a9b  c1 e2 02                          shl     edx,02H
 1a9e  8b 40 2f                          mov     eax,+2fH[eax]
 1aa1  01 d0                             add     eax,edx
 1aa3  83 38 00                          cmp     dword ptr [eax],00000000H
 1aa6  75 02                             jne     L156
 1aa8  eb 2b             L155            jmp     L157

 start_sound(od->sounds[n],onum,255,0);
 1aaa  31 c9             L156            xor     ecx,ecx
 1aac  bb ff 00 00 00                    mov     ebx,000000ffH
 1ab1  8b 55 f8                          mov     edx,-8H[ebp]
 1ab4  8a 52 14                          mov     dl,+14H[edx]
 1ab7  81 e2 ff 00 00 00                 and     edx,000000ffH
 1abd  8b 45 f8                          mov     eax,-8H[ebp]
 1ac0  8b 40 15                          mov     eax,+15H[eax]
 1ac3  8b 75 fc                          mov     esi,-4H[ebp]
 1ac6  c1 e6 02                          shl     esi,02H
 1ac9  8b 40 2f                          mov     eax,+2fH[eax]
 1acc  01 f0                             add     eax,esi
 1ace  8b 00                             mov     eax,[eax]
 1ad0  e8 00 00 00 00                    call    start_sound_

}

//extra effects
//-------------------------------------------
//-------------------------------------------
//-------------------------------------------
//-------------------------------------------
//-------------------------------------------
//-------------------------------------------
//-------------------------------------------
//-------------------------------------------
 1ad5  89 ec             L157            mov     esp,ebp
 1ad7  5d                                pop     ebp
 1ad8  5f                                pop     edi
 1ad9  5e                                pop     esi
 1ada  59                                pop     ecx
 1adb  5b                                pop     ebx
 1adc  c3                                ret     
 1add  45 5f 53 4f                       DB      45H,5fH,53H,4fH
 1ae1  55 4e 44 5f                       DB      55H,4eH,44H,5fH
 1ae5  64 6f 0a                          DB      64H,6fH,0aH

int object::E_SOUND_do(e_sound *t)
{
 1ae8                    int near object::E_SOUND_do( e_sound near * ):
 1ae8  53                                push    ebx
 1ae9  51                                push    ecx
 1aea  56                                push    esi
 1aeb  57                                push    edi
 1aec  55                                push    ebp
 1aed  89 e5                             mov     ebp,esp
 1aef  81 ec 0c 00 00 00                 sub     esp,0000000cH
 1af5  89 45 f8                          mov     -8H[ebp],eax
 1af8  89 55 fc                          mov     -4H[ebp],edx

 sound(t->sound); //play sound
 1afb  8b 55 fc                          mov     edx,-4H[ebp]
 1afe  8a 52 01                          mov     dl,+1H[edx]
 1b01  81 e2 ff 00 00 00                 and     edx,000000ffH
 1b07  8b 45 f8                          mov     eax,-8H[ebp]
 1b0a  e8 00 00 00 00                    call    void near object::sound( int )

 return (sizeof(e_sound));
 1b0f  c7 45 f4 02 00 00 
       00                                mov     dword ptr -0cH[ebp],00000002H

}

int shakelength[4]={5,25,50,150};
extern int gshakedur;
 1b16  8b 45 f4                          mov     eax,-0cH[ebp]
 1b19  89 ec                             mov     esp,ebp
 1b1b  5d                                pop     ebp
 1b1c  5f                                pop     edi
 1b1d  5e                                pop     esi
 1b1e  59                                pop     ecx
 1b1f  5b                                pop     ebx
 1b20  c3                                ret     
 1b21  8b c0                             mov     eax,eax
 1b23  45 5f 47 52                       DB      45H,5fH,47H,52H
 1b27  4f 55 4e 44                       DB      4fH,55H,4eH,44H
 1b2b  53 48 41 4b                       DB      53H,48H,41H,4bH
 1b2f  45 5f 64 6f                       DB      45H,5fH,64H,6fH
 1b33  10                                DB      10H

int object::E_GROUNDSHAKE_do(e_shake *t)
{
 1b34                    int near object::E_GROUNDSHAKE_do( e_shake near * ):
 1b34  53                                push    ebx
 1b35  51                                push    ecx
 1b36  56                                push    esi
 1b37  57                                push    edi
 1b38  55                                push    ebp
 1b39  89 e5                             mov     ebp,esp
 1b3b  81 ec 0c 00 00 00                 sub     esp,0000000cH
 1b41  89 45 f8                          mov     -8H[ebp],eax
 1b44  89 55 fc                          mov     -4H[ebp],edx

 gshakedur=shakelength[t->intensity]; //make ground shake
 1b47  8b 45 fc                          mov     eax,-4H[ebp]
 1b4a  8a 40 01                          mov     al,+1H[eax]
 1b4d  25 ff 00 00 00                    and     eax,000000ffH
 1b52  c1 e0 02                          shl     eax,02H
 1b55  8b 80 00 00 00 00                 mov     eax,int near shakelength[][eax]
 1b5b  a3 00 00 00 00                    mov     int near gshakedur,eax

 return (sizeof(e_shake));
 1b60  c7 45 f4 02 00 00 
       00                                mov     dword ptr -0cH[ebp],00000002H

}    

 1b67  8b 45 f4                          mov     eax,-0cH[ebp]
 1b6a  89 ec                             mov     esp,ebp
 1b6c  5d                                pop     ebp
 1b6d  5f                                pop     edi
 1b6e  5e                                pop     esi
 1b6f  59                                pop     ecx
 1b70  5b                                pop     ebx
 1b71  c3                                ret     
 1b72  90                                nop     
 1b73  45 5f 4f 42                       DB      45H,5fH,4fH,42H
 1b77  4a 45 43 54                       DB      4aH,45H,43H,54H
 1b7b  53 48 41 4b                       DB      53H,48H,41H,4bH
 1b7f  45 5f 64 6f                       DB      45H,5fH,64H,6fH
 1b83  10                                DB      10H

int object::E_OBJECTSHAKE_do(e_shake *t)
{
 1b84                    int near object::E_OBJECTSHAKE_do( e_shake near * ):
 1b84  53                                push    ebx
 1b85  51                                push    ecx
 1b86  56                                push    esi
 1b87  57                                push    edi
 1b88  55                                push    ebp
 1b89  89 e5                             mov     ebp,esp
 1b8b  81 ec 0c 00 00 00                 sub     esp,0000000cH
 1b91  89 45 f8                          mov     -8H[ebp],eax
 1b94  89 55 fc                          mov     -4H[ebp],edx

 shakedur=shakelength[t->intensity];
 1b97  8b 45 fc                          mov     eax,-4H[ebp]
 1b9a  8a 40 01                          mov     al,+1H[eax]
 1b9d  25 ff 00 00 00                    and     eax,000000ffH
 1ba2  c1 e0 02                          shl     eax,02H
 1ba5  8a 90 00 00 00 00                 mov     dl,int near shakelength[][eax]
 1bab  8b 45 f8                          mov     eax,-8H[ebp]
 1bae  88 50 53                          mov     +53H[eax],dl

 return (sizeof(e_shake));
 1bb1  c7 45 f4 02 00 00 
       00                                mov     dword ptr -0cH[ebp],00000002H

}    


 1bb8  8b 45 f4                          mov     eax,-0cH[ebp]
 1bbb  89 ec                             mov     esp,ebp
 1bbd  5d                                pop     ebp
 1bbe  5f                                pop     edi
 1bbf  5e                                pop     esi
 1bc0  59                                pop     ecx
 1bc1  5b                                pop     ebx
 1bc2  c3                                ret     
 1bc3  8d 40 00                          lea     eax,+0H[eax]
 1bc6  45 5f 47 4f                       DB      45H,5fH,47H,4fH
 1bca  54 4f 5f 64                       DB      54H,4fH,5fH,64H
 1bce  6f 09                             DB      6fH,09H

int object::E_GOTO_do(e_goto *t)
{
 1bd0                    int near object::E_GOTO_do( e_goto near * ):
 1bd0  53                                push    ebx
 1bd1  51                                push    ecx
 1bd2  56                                push    esi
 1bd3  57                                push    edi
 1bd4  55                                push    ebp
 1bd5  89 e5                             mov     ebp,esp
 1bd7  81 ec 0c 00 00 00                 sub     esp,0000000cH
 1bdd  89 45 f8                          mov     -8H[ebp],eax
 1be0  89 55 fc                          mov     -4H[ebp],edx

 startseries(t->s);
 1be3  8b 55 fc                          mov     edx,-4H[ebp]
 1be6  8a 52 01                          mov     dl,+1H[edx]
 1be9  81 e2 ff 00 00 00                 and     edx,000000ffH
 1bef  8b 45 f8                          mov     eax,-8H[ebp]
 1bf2  e8 00 00 00 00                    call    int near object::startseries( int )

 return (sizeof(e_goto));
 1bf7  c7 45 f4 02 00 00 
       00                                mov     dword ptr -0cH[ebp],00000002H

}

 1bfe  8b 45 f4                          mov     eax,-0cH[ebp]
 1c01  89 ec                             mov     esp,ebp
 1c03  5d                                pop     ebp
 1c04  5f                                pop     edi
 1c05  5e                                pop     esi
 1c06  59                                pop     ecx
 1c07  5b                                pop     ebx
 1c08  c3                                ret     
 1c09  8b c0                             mov     eax,eax
 1c0b  45 5f 44 49                       DB      45H,5fH,44H,49H
 1c0f  52 5f 64 6f                       DB      52H,5fH,64H,6fH
 1c13  08                                DB      08H

int object::E_DIR_do(e_dir *t)
{
 1c14                    int near object::E_DIR_do( e_dir near * ):
 1c14  53                                push    ebx
 1c15  51                                push    ecx
 1c16  56                                push    esi
 1c17  57                                push    edi
 1c18  55                                push    ebp
 1c19  89 e5                             mov     ebp,esp
 1c1b  81 ec 0c 00 00 00                 sub     esp,0000000cH
 1c21  89 45 f8                          mov     -8H[ebp],eax
 1c24  89 55 fc                          mov     -4H[ebp],edx

 if (t->d<2) d=t->d;
 1c27  8b 45 fc                          mov     eax,-4H[ebp]
 1c2a  8a 40 01                          mov     al,+1H[eax]
 1c2d  25 ff 00 00 00                    and     eax,000000ffH
 1c32  83 f8 02                          cmp     eax,00000002H
 1c35  7d 0e                             jge     L158
 1c37  8b 45 fc                          mov     eax,-4H[ebp]
 1c3a  8a 50 01                          mov     dl,+1H[eax]
 1c3d  8b 45 f8                          mov     eax,-8H[ebp]
 1c40  88 50 3b                          mov     +3bH[eax],dl
 1c43  eb 07                             jmp     L159

    else d^=1;
 1c45  8b 45 f8          L158            mov     eax,-8H[ebp]
 1c48  80 70 3b 01                       xor     byte ptr +3bH[eax],01H

 return (sizeof(e_dir));
 1c4c  c7 45 f4 02 00 00 
       00                L159            mov     dword ptr -0cH[ebp],00000002H

}


 1c53  8b 45 f4                          mov     eax,-0cH[ebp]
 1c56  89 ec                             mov     esp,ebp
 1c58  5d                                pop     ebp
 1c59  5f                                pop     edi
 1c5a  5e                                pop     esi
 1c5b  59                                pop     ecx
 1c5c  5b                                pop     ebx
 1c5d  c3                                ret     
 1c5e  8d 40 00                          lea     eax,+0H[eax]
 1c61  45 5f 42 4c                       DB      45H,5fH,42H,4cH
 1c65  4f 4f 44 5f                       DB      4fH,4fH,44H,5fH
 1c69  64 6f 0a                          DB      64H,6fH,0aH

int object::E_BLOOD_do(e_blood *t)
{
 zpoint p;
 1c6c                    int near object::E_BLOOD_do( e_blood near * ):
 1c6c  53                                push    ebx
 1c6d  51                                push    ecx
 1c6e  56                                push    esi
 1c6f  57                                push    edi
 1c70  55                                push    ebp
 1c71  89 e5                             mov     ebp,esp
 1c73  81 ec 50 00 00 00                 sub     esp,00000050H
 1c79  89 45 f8                          mov     -8H[ebp],eax
 1c7c  89 55 fc                          mov     -4H[ebp],edx

 p.x=t->pos.x; if (d) p.x=-p.x;
 1c7f  8b 45 fc                          mov     eax,-4H[ebp]
 1c82  66 8b 40 02                       mov     ax,+2H[eax]
 1c86  66 89 45 f0                       mov     -10H[ebp],ax
 1c8a  8b 45 f8                          mov     eax,-8H[ebp]
 1c8d  80 78 3b 00                       cmp     byte ptr +3bH[eax],00H
 1c91  74 04                             je      L160
 1c93  66 f7 5d f0                       neg     word ptr -10H[ebp]

 p.x+=x>>16;
 1c97  8b 45 f8          L160            mov     eax,-8H[ebp]
 1c9a  8b 50 2f                          mov     edx,+2fH[eax]
 1c9d  c1 fa 10                          sar     edx,10H
 1ca0  0f bf 45 f0                       movsx   eax,word ptr -10H[ebp]
 1ca4  01 d0                             add     eax,edx
 1ca6  66 89 45 f0                       mov     -10H[ebp],ax

 p.y=(y>>16)+t->pos.y;
 1caa  8b 45 f8                          mov     eax,-8H[ebp]
 1cad  8b 50 33                          mov     edx,+33H[eax]
 1cb0  c1 fa 10                          sar     edx,10H
 1cb3  8b 45 fc                          mov     eax,-4H[ebp]
 1cb6  8b 40 04                          mov     eax,+4H[eax]
 1cb9  c1 f8 10                          sar     eax,10H
 1cbc  01 d0                             add     eax,edx
 1cbe  66 89 45 f4                       mov     -0cH[ebp],ax

 p.z=(z>>16)+t->pos.z;
 1cc2  8b 45 f8                          mov     eax,-8H[ebp]
 1cc5  8b 50 37                          mov     edx,+37H[eax]
 1cc8  c1 fa 10                          sar     edx,10H
 1ccb  8b 45 fc                          mov     eax,-4H[ebp]
 1cce  8b 40 01                          mov     eax,+1H[eax]
 1cd1  c1 f8 18                          sar     eax,18H
 1cd4  01 d0                             add     eax,edx
 1cd6  66 89 45 f2                       mov     -0eH[ebp],ax

 switch(t->bloodtype)
 {
  case 0: //blood squirt
   {
 1cda  8b 45 fc                          mov     eax,-4H[ebp]
 1cdd  8a 40 01                          mov     al,+1H[eax]
 1ce0  88 45 ec                          mov     -14H[ebp],al
 1ce3  e9 62 01 00 00                    jmp     L173

   p.z+=2;
 1ce8  66 83 45 f2 02    L161            add     word ptr -0eH[ebp],0002H

   for (int i=0; i<5; i++)
 1ced  c7 45 e8 00 00 00 
       00                                mov     dword ptr -18H[ebp],00000000H
 1cf4  eb 06                             jmp     L163
 1cf6  8b 45 e8          L162            mov     eax,-18H[ebp]
 1cf9  ff 45 e8                          inc     dword ptr -18H[ebp]
 1cfc  83 7d e8 05       L163            cmp     dword ptr -18H[ebp],00000005H
 1d00  7d 68                             jge     L166

    addobject(new object(&odf[2],0,p.x,p.y,(unsigned)p.z,d,this));
 1d02  b8 68 00 00 00                    mov     eax,00000068H
 1d07  e8 00 00 00 00                    call    void near * near operator new( int unsigned )
 1d0c  89 45 e4                          mov     -1cH[ebp],eax
 1d0f  8b 45 e4                          mov     eax,-1cH[ebp]
 1d12  89 45 e0                          mov     -20H[ebp],eax
 1d15  83 7d e0 00                       cmp     dword ptr -20H[ebp],00000000H
 1d19  74 3f                             je      L164
 1d1b  8b 45 f8                          mov     eax,-8H[ebp]
 1d1e  50                                push    eax
 1d1f  8b 45 f8                          mov     eax,-8H[ebp]
 1d22  8a 40 3b                          mov     al,+3bH[eax]
 1d25  25 ff 00 00 00                    and     eax,000000ffH
 1d2a  50                                push    eax
 1d2b  0f bf 45 f2                       movsx   eax,word ptr -0eH[ebp]
 1d2f  50                                push    eax
 1d30  0f bf 45 f4                       movsx   eax,word ptr -0cH[ebp]
 1d34  50                                push    eax
 1d35  0f bf 4d f0                       movsx   ecx,word ptr -10H[ebp]
 1d39  31 db                             xor     ebx,ebx
 1d3b  8b 15 00 00 00 00                 mov     edx,objectdef near * near odf
 1d41  81 c2 36 01 00 00                 add     edx,00000136H
 1d47  8b 45 e4                          mov     eax,-1cH[ebp]
 1d4a  e8 00 00 00 00                    call    near object::object( objectdef near *, int, int, int, int, int, object near * )
 1d4f  89 45 dc                          mov     -24H[ebp],eax
 1d52  8b 45 dc                          mov     eax,-24H[ebp]
 1d55  89 45 d8                          mov     -28H[ebp],eax
 1d58  eb 06                             jmp     L165
 1d5a  8b 45 e0          L164            mov     eax,-20H[ebp]
 1d5d  89 45 d8                          mov     -28H[ebp],eax
 1d60  8b 45 d8          L165            mov     eax,-28H[ebp]
 1d63  e8 00 00 00 00                    call    void near addobject( object near * )
 1d68  eb 8c                             jmp     L162

   addobject(new object(&odf[2],3,p.x,p.y,(unsigned)p.z,d,this));
   }
 1d6a  b8 68 00 00 00    L166            mov     eax,00000068H
 1d6f  e8 00 00 00 00                    call    void near * near operator new( int unsigned )
 1d74  89 45 d4                          mov     -2cH[ebp],eax
 1d77  8b 45 d4                          mov     eax,-2cH[ebp]
 1d7a  89 45 d0                          mov     -30H[ebp],eax
 1d7d  83 7d d0 00                       cmp     dword ptr -30H[ebp],00000000H
 1d81  74 42                             je      L167
 1d83  8b 45 f8                          mov     eax,-8H[ebp]
 1d86  50                                push    eax
 1d87  8b 45 f8                          mov     eax,-8H[ebp]
 1d8a  8a 40 3b                          mov     al,+3bH[eax]
 1d8d  25 ff 00 00 00                    and     eax,000000ffH
 1d92  50                                push    eax
 1d93  0f bf 45 f2                       movsx   eax,word ptr -0eH[ebp]
 1d97  50                                push    eax
 1d98  0f bf 45 f4                       movsx   eax,word ptr -0cH[ebp]
 1d9c  50                                push    eax
 1d9d  0f bf 4d f0                       movsx   ecx,word ptr -10H[ebp]
 1da1  bb 03 00 00 00                    mov     ebx,00000003H
 1da6  8b 15 00 00 00 00                 mov     edx,objectdef near * near odf
 1dac  81 c2 36 01 00 00                 add     edx,00000136H
 1db2  8b 45 d4                          mov     eax,-2cH[ebp]
 1db5  e8 00 00 00 00                    call    near object::object( objectdef near *, int, int, int, int, int, object near * )
 1dba  89 45 cc                          mov     -34H[ebp],eax
 1dbd  8b 45 cc                          mov     eax,-34H[ebp]
 1dc0  89 45 c8                          mov     -38H[ebp],eax
 1dc3  eb 06                             jmp     L168
 1dc5  8b 45 d0          L167            mov     eax,-30H[ebp]
 1dc8  89 45 c8                          mov     -38H[ebp],eax
 1dcb  8b 45 c8          L168            mov     eax,-38H[ebp]
 1dce  e8 00 00 00 00                    call    void near addobject( object near * )

  break;
  case 3: //flood
   {
 1dd3  e9 90 00 00 00                    jmp     L174

   p.z-=2;
 1dd8  66 83 45 f2 fe    L169            add     word ptr -0eH[ebp],0fffeH

   addobject(new object(&odf[2],4,p.x,p.y,(unsigned)p.z,d,this));
   }
 1ddd  b8 68 00 00 00                    mov     eax,00000068H
 1de2  e8 00 00 00 00                    call    void near * near operator new( int unsigned )
 1de7  89 45 c4                          mov     -3cH[ebp],eax
 1dea  8b 45 c4                          mov     eax,-3cH[ebp]
 1ded  89 45 c0                          mov     -40H[ebp],eax
 1df0  83 7d c0 00                       cmp     dword ptr -40H[ebp],00000000H
 1df4  74 42                             je      L170
 1df6  8b 45 f8                          mov     eax,-8H[ebp]
 1df9  50                                push    eax
 1dfa  8b 45 f8                          mov     eax,-8H[ebp]
 1dfd  8a 40 3b                          mov     al,+3bH[eax]
 1e00  25 ff 00 00 00                    and     eax,000000ffH
 1e05  50                                push    eax
 1e06  0f bf 45 f2                       movsx   eax,word ptr -0eH[ebp]
 1e0a  50                                push    eax
 1e0b  0f bf 45 f4                       movsx   eax,word ptr -0cH[ebp]
 1e0f  50                                push    eax
 1e10  0f bf 4d f0                       movsx   ecx,word ptr -10H[ebp]
 1e14  bb 04 00 00 00                    mov     ebx,00000004H
 1e19  8b 15 00 00 00 00                 mov     edx,objectdef near * near odf
 1e1f  81 c2 36 01 00 00                 add     edx,00000136H
 1e25  8b 45 c4                          mov     eax,-3cH[ebp]
 1e28  e8 00 00 00 00                    call    near object::object( objectdef near *, int, int, int, int, int, object near * )
 1e2d  89 45 bc                          mov     -44H[ebp],eax
 1e30  8b 45 bc                          mov     eax,-44H[ebp]
 1e33  89 45 b8                          mov     -48H[ebp],eax
 1e36  eb 06                             jmp     L171
 1e38  8b 45 c0          L170            mov     eax,-40H[ebp]
 1e3b  89 45 b8                          mov     -48H[ebp],eax
 1e3e  8b 45 b8          L171            mov     eax,-48H[ebp]
 1e41  e8 00 00 00 00                    call    void near addobject( object near * )

  break;
 1e46  eb 20                             jmp     L174

 }
 1e48  eb 1e             L172            jmp     L174
 1e4a  8a 45 ec          L173            mov     al,-14H[ebp]
 1e4d  88 45 b4                          mov     -4cH[ebp],al
 1e50  80 7d b4 00                       cmp     byte ptr -4cH[ebp],00H
 1e54  0f 86 8e fe ff ff                 jbe     L161
 1e5a  80 7d b4 03                       cmp     byte ptr -4cH[ebp],03H
 1e5e  0f 84 74 ff ff ff                 je      L169
 1e64  eb e2                             jmp     L172
 1e66  eb e0                             jmp     L172

 return (sizeof(e_blood));
 1e68  c7 45 b0 08 00 00 
       00                L174            mov     dword ptr -50H[ebp],00000008H

}


//creates new object and makes it a child
 1e6f  8b 45 b0                          mov     eax,-50H[ebp]
 1e72  89 ec                             mov     esp,ebp
 1e74  5d                                pop     ebp
 1e75  5f                                pop     edi
 1e76  5e                                pop     esi
 1e77  59                                pop     ecx
 1e78  5b                                pop     ebx
 1e79  c3                                ret     
 1e7a  8d 40 00                          lea     eax,+0H[eax]
 1e7d  45 5f 4e 45                       DB      45H,5fH,4eH,45H
 1e81  57 4f 42 4a                       DB      57H,4fH,42H,4aH
 1e85  45 43 54 5f                       DB      45H,43H,54H,5fH
 1e89  64 6f 0e                          DB      64H,6fH,0eH

int object::E_NEWOBJECT_do(e_newobject *t)
{ //create an instance of the object
 objectdef *objdef;
 1e8c                    int near object::E_NEWOBJECT_do( e_newobject near * ):
 1e8c  53                                push    ebx
 1e8d  51                                push    ecx
 1e8e  56                                push    esi
 1e8f  57                                push    edi
 1e90  55                                push    ebp
 1e91  89 e5                             mov     ebp,esp
 1e93  81 ec 34 00 00 00                 sub     esp,00000034H
 1e99  89 45 f8                          mov     -8H[ebp],eax
 1e9c  89 55 fc                          mov     -4H[ebp],edx

 if (!t->onum) objdef=&odf[onum];
 1e9f  8b 45 fc                          mov     eax,-4H[ebp]
 1ea2  80 78 01 00                       cmp     byte ptr +1H[eax],00H
 1ea6  75 1e                             jne     L175
 1ea8  8b 45 f8                          mov     eax,-8H[ebp]
 1eab  8a 40 14                          mov     al,+14H[eax]
 1eae  25 ff 00 00 00                    and     eax,000000ffH
 1eb3  69 c0 9b 00 00 00                 imul    eax,0000009bH
 1eb9  8b 15 00 00 00 00                 mov     edx,objectdef near * near odf
 1ebf  01 c2                             add     edx,eax
 1ec1  89 55 e8                          mov     -18H[ebp],edx
 1ec4  eb 1c                             jmp     L176

          else objdef=&odf[t->onum];
 
 1ec6  8b 45 fc          L175            mov     eax,-4H[ebp]
 1ec9  8a 40 01                          mov     al,+1H[eax]
 1ecc  25 ff 00 00 00                    and     eax,000000ffH
 1ed1  69 c0 9b 00 00 00                 imul    eax,0000009bH
 1ed7  8b 15 00 00 00 00                 mov     edx,objectdef near * near odf
 1edd  01 c2                             add     edx,eax
 1edf  89 55 e8                          mov     -18H[ebp],edx

 addobject(new object(objdef,t->s,!d ? (x>>16)+t->pos.x : (x>>16)-t->pos.x,(y>>16)+t->pos.y,(z>>16)+(t->pos.z),
       (t->pos.d) ? d^1 : d,this));
 1ee2  b8 68 00 00 00    L176            mov     eax,00000068H
 1ee7  e8 00 00 00 00                    call    void near * near operator new( int unsigned )
 1eec  89 45 f4                          mov     -0cH[ebp],eax
 1eef  8b 45 f4                          mov     eax,-0cH[ebp]
 1ef2  89 45 f0                          mov     -10H[ebp],eax
 1ef5  83 7d f0 00                       cmp     dword ptr -10H[ebp],00000000H
 1ef9  0f 84 c2 00 00 00                 je      L181
 1eff  8b 45 f8                          mov     eax,-8H[ebp]
 1f02  89 45 dc                          mov     -24H[ebp],eax
 1f05  ff 75 dc                          push    -24H[ebp]
 1f08  8b 45 fc                          mov     eax,-4H[ebp]
 1f0b  80 78 05 00                       cmp     byte ptr +5H[eax],00H
 1f0f  74 12                             je      L177
 1f11  8b 45 f8                          mov     eax,-8H[ebp]
 1f14  8a 40 3b                          mov     al,+3bH[eax]
 1f17  34 01                             xor     al,01H
 1f19  25 ff 00 00 00                    and     eax,000000ffH
 1f1e  89 45 d0                          mov     -30H[ebp],eax
 1f21  eb 0b                             jmp     L178
 1f23  31 c0             L177            xor     eax,eax
 1f25  8b 55 f8                          mov     edx,-8H[ebp]
 1f28  8a 42 3b                          mov     al,+3bH[edx]
 1f2b  89 45 d0                          mov     -30H[ebp],eax
 1f2e  ff 75 d0          L178            push    -30H[ebp]
 1f31  8b 45 f8                          mov     eax,-8H[ebp]
 1f34  8b 50 37                          mov     edx,+37H[eax]
 1f37  c1 fa 10                          sar     edx,10H
 1f3a  8b 45 fc                          mov     eax,-4H[ebp]
 1f3d  8b 40 01                          mov     eax,+1H[eax]
 1f40  c1 f8 18                          sar     eax,18H
 1f43  01 c2                             add     edx,eax
 1f45  89 55 d4                          mov     -2cH[ebp],edx
 1f48  ff 75 d4                          push    -2cH[ebp]
 1f4b  8b 45 f8                          mov     eax,-8H[ebp]
 1f4e  8b 50 33                          mov     edx,+33H[eax]
 1f51  c1 fa 10                          sar     edx,10H
 1f54  8b 45 fc                          mov     eax,-4H[ebp]
 1f57  8b 40 04                          mov     eax,+4H[eax]
 1f5a  c1 f8 10                          sar     eax,10H
 1f5d  01 c2                             add     edx,eax
 1f5f  89 55 e0                          mov     -20H[ebp],edx
 1f62  ff 75 e0                          push    -20H[ebp]
 1f65  8b 45 f8                          mov     eax,-8H[ebp]
 1f68  80 78 3b 00                       cmp     byte ptr +3bH[eax],00H
 1f6c  75 18                             jne     L179
 1f6e  8b 45 f8                          mov     eax,-8H[ebp]
 1f71  8b 50 2f                          mov     edx,+2fH[eax]
 1f74  c1 fa 10                          sar     edx,10H
 1f77  8b 45 fc                          mov     eax,-4H[ebp]
 1f7a  8b 00                             mov     eax,[eax]
 1f7c  c1 f8 10                          sar     eax,10H
 1f7f  01 c2                             add     edx,eax
 1f81  89 55 d8                          mov     -28H[ebp],edx
 1f84  eb 16                             jmp     L180
 1f86  8b 45 f8          L179            mov     eax,-8H[ebp]
 1f89  8b 50 2f                          mov     edx,+2fH[eax]
 1f8c  c1 fa 10                          sar     edx,10H
 1f8f  8b 45 fc                          mov     eax,-4H[ebp]
 1f92  8b 00                             mov     eax,[eax]
 1f94  c1 f8 10                          sar     eax,10H
 1f97  29 c2                             sub     edx,eax
 1f99  89 55 d8                          mov     -28H[ebp],edx
 1f9c  8b 4d d8          L180            mov     ecx,-28H[ebp]
 1f9f  8b 5d fc                          mov     ebx,-4H[ebp]
 1fa2  8a 5b 08                          mov     bl,+8H[ebx]
 1fa5  81 e3 ff 00 00 00                 and     ebx,000000ffH
 1fab  8b 55 e8                          mov     edx,-18H[ebp]
 1fae  8b 45 f4                          mov     eax,-0cH[ebp]
 1fb1  e8 00 00 00 00                    call    near object::object( objectdef near *, int, int, int, int, int, object near * )
 1fb6  89 45 ec                          mov     -14H[ebp],eax
 1fb9  8b 45 ec                          mov     eax,-14H[ebp]
 1fbc  89 45 cc                          mov     -34H[ebp],eax
 1fbf  eb 06                             jmp     L182
 1fc1  8b 45 f0          L181            mov     eax,-10H[ebp]
 1fc4  89 45 cc                          mov     -34H[ebp],eax
 1fc7  8b 45 cc          L182            mov     eax,-34H[ebp]
 1fca  e8 00 00 00 00                    call    void near addobject( object near * )

 return (sizeof(e_newobject));
 1fcf  c7 45 e4 09 00 00 
       00                                mov     dword ptr -1cH[ebp],00000009H

}    

/*
//modify position of child
int object::E_CHILDPOS_do(e_newobject *t)
{ 
 if (!child) //no child,whoops
  return sizeof(e_newobject);

//reposition child object   
 if (!d) child->x=x+(t->pos.x<<16);
     else child->x=x-(t->pos.x<<16);
 child->y=y+(t->pos.y<<16);
 child->z=z+(t->pos.z<<16);
 child->d=d;  t=t;
 return sizeof(e_newobject);
}*/

 1fd6  8b 45 e4                          mov     eax,-1cH[ebp]
 1fd9  89 ec                             mov     esp,ebp
 1fdb  5d                                pop     ebp
 1fdc  5f                                pop     edi
 1fdd  5e                                pop     esi
 1fde  59                                pop     ecx
 1fdf  5b                                pop     ebx
 1fe0  c3                                ret     
 1fe1  8d 40 00                          lea     eax,+0H[eax]
 1fe4  45 5f 52 45                       DB      45H,5fH,52H,45H
 1fe8  47 49 4f 4e                       DB      47H,49H,4fH,4eH
 1fec  5f 64 6f 0b                       DB      5fH,64H,6fH,0bH

int object::E_REGION_do(e_region *t)
{
 1ff0                    int near object::E_REGION_do( e_region near * ):
 1ff0  53                                push    ebx
 1ff1  51                                push    ecx
 1ff2  56                                push    esi
 1ff3  57                                push    edi
 1ff4  55                                push    ebp
 1ff5  89 e5                             mov     ebp,esp
 1ff7  81 ec 0c 00 00 00                 sub     esp,0000000cH
 1ffd  89 45 f8                          mov     -8H[ebp],eax
 2000  89 55 fc                          mov     -4H[ebp],edx

 r[t->rtype&0x7F]=r[t->rtype&0x7F]->update(t,this);    
 
 2003  8b 5d f8                          mov     ebx,-8H[ebp]
 2006  8b 55 fc                          mov     edx,-4H[ebp]
 2009  8b 45 fc                          mov     eax,-4H[ebp]
 200c  8a 40 01                          mov     al,+1H[eax]
 200f  24 7f                             and     al,7fH
 2011  25 ff 00 00 00                    and     eax,000000ffH
 2016  c1 e0 02                          shl     eax,02H
 2019  03 45 f8                          add     eax,-8H[ebp]
 201c  8b 40 23                          mov     eax,+23H[eax]
 201f  e8 00 00 00 00                    call    region near * near region::update( e_region near *, object near * )
 2024  8b 55 fc                          mov     edx,-4H[ebp]
 2027  8a 52 01                          mov     dl,+1H[edx]
 202a  80 e2 7f                          and     dl,7fH
 202d  81 e2 ff 00 00 00                 and     edx,000000ffH
 2033  c1 e2 02                          shl     edx,02H
 2036  03 55 f8                          add     edx,-8H[ebp]
 2039  89 42 23                          mov     +23H[edx],eax

 return (sizeof(e_region));
 203c  c7 45 f4 10 00 00 
       00                                mov     dword ptr -0cH[ebp],00000010H

}


//pointer to functions that do the specified extra
//returns the size of the extra
static int (object::* object::extrado[])(byte *)=
 {
  (int (object::*)(byte *)) object::E_SOUND_do,  //0
  (int (object::*)(byte *)) object::E_GROUNDSHAKE_do,  //1
  (int (object::*)(byte *)) object::E_OBJECTSHAKE_do,  //2
  (int (object::*)(byte *)) object::E_NEWOBJECT_do,  //3
  (int (object::*)(byte *)) object::E_GOTO_do,  //4
  (int (object::*)(byte *)) object::E_BLOOD_do,  //5
  (int (object::*)(byte *)) object::E_REGION_do,  //6  
  (int (object::*)(byte *)) object::E_DIR_do,  //7
 };


 2043  8b 45 f4                          mov     eax,-0cH[ebp]
 2046  89 ec                             mov     esp,ebp
 2048  5d                                pop     ebp
 2049  5f                                pop     edi
 204a  5e                                pop     esi
 204b  59                                pop     ecx
 204c  5b                                pop     ebx
 204d  c3                                ret     
 204e  8d 40 00          L183            lea     eax,+0H[eax]
 2051  65 66 66 65                       DB      65H,66H,66H,65H
 2055  63 74 06                          DB      63H,74H,06H

void object::effect()
{
 2058                    void near object::effect():
 2058  53                                push    ebx
 2059  51                                push    ecx
 205a  52                                push    edx
 205b  56                                push    esi
 205c  57                                push    edi
 205d  55                                push    ebp
 205e  89 e5                             mov     ebp,esp
 2060  81 ec 18 00 00 00                 sub     esp,00000018H
 2066  89 45 fc                          mov     -4H[ebp],eax

if (!fptr || !fptr->numextra) return;
 2069  8b 45 fc                          mov     eax,-4H[ebp]
 206c  83 78 19 00                       cmp     dword ptr +19H[eax],00000000H
 2070  74 0c                             je      L184
 2072  8b 45 fc                          mov     eax,-4H[ebp]
 2075  8b 40 19                          mov     eax,+19H[eax]
 2078  80 78 0a 00                       cmp     byte ptr +0aH[eax],00H
 207c  75 05                             jne     L185
 207e  e9 88 00 00 00    L184            jmp     L190

byte *t=fptr->getextraptr();   //pointer to first option

 2083  8b 45 fc          L185            mov     eax,-4H[ebp]
 2086  8b 40 19                          mov     eax,+19H[eax]
 2089  e8 00 00 00 00                    call    char unsigned near * near frame::getextraptr()
 208e  89 45 f4                          mov     -0cH[ebp],eax

for (int n=fptr->numextra; n>0; n--)          //number of bytes of options
 {
 2091  8b 45 fc                          mov     eax,-4H[ebp]
 2094  8b 50 19                          mov     edx,+19H[eax]
 2097  31 c0                             xor     eax,eax
 2099  8a 42 0a                          mov     al,+0aH[edx]
 209c  89 45 f8                          mov     -8H[ebp],eax
 209f  eb 06                             jmp     L187
 20a1  8b 45 f8          L186            mov     eax,-8H[ebp]
 20a4  ff 4d f8                          dec     dword ptr -8H[ebp]
 20a7  83 7d f8 00       L187            cmp     dword ptr -8H[ebp],00000000H
 20ab  7e 5e                             jle     L190

   if (!((*t)&0x80)) t+=(this->*extrado[*t])(t);
 20ad  8b 45 f4                          mov     eax,-0cH[ebp]
 20b0  f6 00 80                          test    byte ptr [eax],80H
 20b3  75 3c                             jne     L188
 20b5  8b 45 f4                          mov     eax,-0cH[ebp]
 20b8  8a 00                             mov     al,[eax]
 20ba  25 ff 00 00 00                    and     eax,000000ffH
 20bf  6b c0 0c                          imul    eax,0cH
 20c2  ba 00 00 00 00                    mov     edx,offset int (near object::* near object::extrado[])( char unsigned near * )
 20c7  01 c2                             add     edx,eax
 20c9  89 55 f0                          mov     -10H[ebp],edx
 20cc  8b 45 fc                          mov     eax,-4H[ebp]
 20cf  8b 55 f0                          mov     edx,-10H[ebp]
 20d2  03 42 04                          add     eax,+4H[edx]
 20d5  89 45 ec                          mov     -14H[ebp],eax
 20d8  8b 45 ec                          mov     eax,-14H[ebp]
 20db  8b 55 f0                          mov     edx,-10H[ebp]
 20de  ff 12                             call    dword ptr [edx]
 20e0  89 45 e8                          mov     -18H[ebp],eax
 20e3  8b 55 f4                          mov     edx,-0cH[ebp]
 20e6  8b 45 ec                          mov     eax,-14H[ebp]
 20e9  ff 55 e8                          call    dword ptr -18H[ebp]
 20ec  01 45 f4                          add     -0cH[ebp],eax
 20ef  eb 18                             jmp     L189

               else t+=extrasize[(*t)&0x7F];
 20f1  8b 45 f4          L188            mov     eax,-0cH[ebp]
 20f4  8a 00                             mov     al,[eax]
 20f6  24 7f                             and     al,7fH
 20f8  25 ff 00 00 00                    and     eax,000000ffH
 20fd  c1 e0 02                          shl     eax,02H
 2100  8b 80 00 00 00 00                 mov     eax,int near extrasize[][eax]
 2106  01 45 f4                          add     -0cH[ebp],eax

 }
 2109  eb 96             L189            jmp     L186

}


//do all hit effects, centering around absolute x,y point in z axis
 210b  89 ec             L190            mov     esp,ebp
 210d  5d                                pop     ebp
 210e  5f                                pop     edi
 210f  5e                                pop     esi
 2110  5a                                pop     edx
 2111  59                                pop     ecx
 2112  5b                                pop     ebx
 2113  c3                                ret     
 2114  8b c0                             mov     eax,eax
 2116  68 69 74 65                       DB      68H,69H,74H,65H
 211a  66 66 65 63                       DB      66H,66H,65H,63H
 211e  74 09                             DB      74H,09H

void object::hiteffect(int hx,int hy,int hz)
{
 2120                    void near object::hiteffect( int, int, int ):
 2120  56                                push    esi
 2121  57                                push    edi
 2122  55                                push    ebp
 2123  89 e5                             mov     ebp,esp
 2125  81 ec 28 00 00 00                 sub     esp,00000028H
 212b  89 45 f0                          mov     -10H[ebp],eax
 212e  89 55 f4                          mov     -0cH[ebp],edx
 2131  89 5d f8                          mov     -8H[ebp],ebx
 2134  89 4d fc                          mov     -4H[ebp],ecx

if (!fptr || !fptr->numextra) return;
 2137  8b 45 f0                          mov     eax,-10H[ebp]
 213a  83 78 19 00                       cmp     dword ptr +19H[eax],00000000H
 213e  74 0c                             je      L191
 2140  8b 45 f0                          mov     eax,-10H[ebp]
 2143  8b 40 19                          mov     eax,+19H[eax]
 2146  80 78 0a 00                       cmp     byte ptr +0aH[eax],00H
 214a  75 05                             jne     L192
 214c  e9 47 01 00 00    L191            jmp     L204

byte *t=fptr->getextraptr();   //pointer to first option

//find relative hit point
 2151  8b 45 f0          L192            mov     eax,-10H[ebp]
 2154  8b 40 19                          mov     eax,+19H[eax]
 2157  e8 00 00 00 00                    call    char unsigned near * near frame::getextraptr()
 215c  89 45 e8                          mov     -18H[ebp],eax

hx-=INTC(x); if (d) hx=-hx;
 215f  8b 45 f0                          mov     eax,-10H[ebp]
 2162  8b 40 2f                          mov     eax,+2fH[eax]
 2165  c1 f8 10                          sar     eax,10H
 2168  29 45 f4                          sub     -0cH[ebp],eax
 216b  8b 45 f0                          mov     eax,-10H[ebp]
 216e  80 78 3b 00                       cmp     byte ptr +3bH[eax],00H
 2172  74 03                             je      L193
 2174  f7 5d f4                          neg     dword ptr -0cH[ebp]

hy-=INTC(y);

 2177  8b 45 f0          L193            mov     eax,-10H[ebp]
 217a  8b 40 33                          mov     eax,+33H[eax]
 217d  c1 f8 10                          sar     eax,10H
 2180  29 45 f8                          sub     -8H[ebp],eax

for (int n=fptr->numextra; n>0; n--)          //number of bytes of options
 {
 2183  8b 45 f0                          mov     eax,-10H[ebp]
 2186  8b 50 19                          mov     edx,+19H[eax]
 2189  31 c0                             xor     eax,eax
 218b  8a 42 0a                          mov     al,+0aH[edx]
 218e  89 45 ec                          mov     -14H[ebp],eax
 2191  eb 06                             jmp     L195
 2193  8b 45 ec          L194            mov     eax,-14H[ebp]
 2196  ff 4d ec                          dec     dword ptr -14H[ebp]
 2199  83 7d ec 00       L195            cmp     dword ptr -14H[ebp],00000000H
 219d  0f 8e f5 00 00 00                 jle     L204

   if (!((*t)&0x80)) t+=extrasize[*t];
    else
    {
     static uchar e[40]; //temp E space
 21a3  8b 45 e8                          mov     eax,-18H[ebp]
 21a6  f6 00 80                          test    byte ptr [eax],80H
 21a9  75 1b                             jne     L196
 21ab  8b 45 e8                          mov     eax,-18H[ebp]
 21ae  8a 00                             mov     al,[eax]
 21b0  25 ff 00 00 00                    and     eax,000000ffH
 21b5  c1 e0 02                          shl     eax,02H
 21b8  8b 80 00 00 00 00                 mov     eax,int near extrasize[][eax]
 21be  01 45 e8                          add     -18H[ebp],eax
 21c1  e9 cd 00 00 00                    jmp     L203

     memcpy(e,t,extrasize[(*t)&0x7F]);
 21c6  8b 45 e8          L196            mov     eax,-18H[ebp]
 21c9  8a 00                             mov     al,[eax]
 21cb  24 7f                             and     al,7fH
 21cd  25 ff 00 00 00                    and     eax,000000ffH
 21d2  c1 e0 02                          shl     eax,02H
 21d5  8b 98 00 00 00 00                 mov     ebx,int near extrasize[][eax]
 21db  8b 55 e8                          mov     edx,-18H[ebp]
 21de  b8 00 00 00 00                    mov     eax,offset char unsigned near object::void near hiteffect( int, int, int )::.7::e[]
 21e3  e8 00 00 00 00                    call    memcpy_

     switch((*t)&0x7F)
 21e8  8b 45 e8                          mov     eax,-18H[ebp]
 21eb  8a 00                             mov     al,[eax]
 21ed  24 7f                             and     al,7fH
 21ef  25 ff 00 00 00                    and     eax,000000ffH
 21f4  89 45 e4                          mov     -1cH[ebp],eax
 21f7  eb 40                             jmp     L200

     {
      case E_CHILDPOS:
      case E_NEWOBJECT:
       ((e_newobject *)e)->pos.x+=hx;
 21f9  8b 45 f4          L197            mov     eax,-0cH[ebp]
 21fc  66 01 05 02 00 00 
       00                                add     char unsigned near object::void near hiteffect( int, int, int )::.7::e[]+2H,ax

       ((e_newobject *)e)->pos.y+=hy;
 2203  8b 45 f8                          mov     eax,-8H[ebp]
 2206  66 01 05 06 00 00 
       00                                add     char unsigned near object::void near hiteffect( int, int, int )::.7::e[]+6H,ax

       ((e_newobject *)e)->pos.z+=hz;
       //mprintf("%dX %dY %dZ",((e_newobject *)e)->pos.x,((e_newobject *)e)->pos.y,((e_newobject *)e)->pos.z);
 220d  8a 45 fc                          mov     al,-4H[ebp]
 2210  00 05 04 00 00 00                 add     char unsigned near object::void near hiteffect( int, int, int )::.7::e[]+4H,al

       break;
      case E_BLOOD:
 2216  eb 3d                             jmp     L202

       ((e_blood *)e)->pos.x+=hx;
 2218  8b 45 f4          L198            mov     eax,-0cH[ebp]
 221b  66 01 05 02 00 00 
       00                                add     char unsigned near object::void near hiteffect( int, int, int )::.7::e[]+2H,ax

       ((e_blood *)e)->pos.y+=hy;
 2222  8b 45 f8                          mov     eax,-8H[ebp]
 2225  66 01 05 06 00 00 
       00                                add     char unsigned near object::void near hiteffect( int, int, int )::.7::e[]+6H,ax

       ((e_blood *)e)->pos.z+=hz;
 222c  8a 45 fc                          mov     al,-4H[ebp]
 222f  00 05 04 00 00 00                 add     char unsigned near object::void near hiteffect( int, int, int )::.7::e[]+4H,al

       break;
 2235  eb 1e                             jmp     L202

     }
 2237  eb 1c             L199            jmp     L202
 2239  83 7d e4 05       L200            cmp     dword ptr -1cH[ebp],00000005H
 223d  72 0e                             jb      L201
 223f  83 7d e4 05                       cmp     dword ptr -1cH[ebp],00000005H
 2243  76 d3                             jbe     L198
 2245  83 7d e4 07                       cmp     dword ptr -1cH[ebp],00000007H
 2249  74 ae                             je      L197
 224b  eb ea                             jmp     L199
 224d  83 7d e4 03       L201            cmp     dword ptr -1cH[ebp],00000003H
 2251  74 a6                             je      L197
 2253  eb e2                             jmp     L199

     t+=(this->*extrado[(*e)&0x7F])(e); //do effect
    }
 2255  a0 00 00 00 00    L202            mov     al,char unsigned near object::void near hiteffect( int, int, int )::.7::e[]
 225a  24 7f                             and     al,7fH
 225c  25 ff 00 00 00                    and     eax,000000ffH
 2261  6b c0 0c                          imul    eax,0cH
 2264  ba 00 00 00 00                    mov     edx,offset int (near object::* near object::extrado[])( char unsigned near * )
 2269  01 c2                             add     edx,eax
 226b  89 55 e0                          mov     -20H[ebp],edx
 226e  8b 45 f0                          mov     eax,-10H[ebp]
 2271  8b 55 e0                          mov     edx,-20H[ebp]
 2274  03 42 04                          add     eax,+4H[edx]
 2277  89 45 dc                          mov     -24H[ebp],eax
 227a  8b 45 dc                          mov     eax,-24H[ebp]
 227d  8b 55 e0                          mov     edx,-20H[ebp]
 2280  ff 12                             call    dword ptr [edx]
 2282  89 45 d8                          mov     -28H[ebp],eax
 2285  ba 00 00 00 00                    mov     edx,offset char unsigned near object::void near hiteffect( int, int, int )::.7::e[]
 228a  8b 45 dc                          mov     eax,-24H[ebp]
 228d  ff 55 d8                          call    dword ptr -28H[ebp]
 2290  01 45 e8                          add     -18H[ebp],eax

 }
 2293  e9 fb fe ff ff    L203            jmp     L194

}




 2298  89 ec             L204            mov     esp,ebp
 229a  5d                                pop     ebp
 229b  5f                                pop     edi
 229c  5e                                pop     esi
 229d  c3                                ret     

No disassembly errors

------------------------------------------------------------

Segment: CONST  DWORD USE32  0000000f bytes  
 0000  64 69 65 65 78 70 6c 6f L205            - dieexplo
 0008  64 65 00                                - de.
 000b  64 69 65 00             L206            - die.

No disassembly errors

------------------------------------------------------------

Segment: _DATA  DWORD USE32  00000030 bytes  
 0000                          int near oshake[] LABEL BYTE
 0000  00 00 00 00 01 00 00 00                 - ........
 0008  00 00 00 00 02 00 00 00                 - ........
 0010  ff ff ff ff 00 00 00 00                 - ........
 0018  fe ff ff ff 00 00 00 00                 - ........
 0020                          int near shakelength[] LABEL BYTE
 0020  05 00 00 00 19 00 00 00                 - ........
 0028  32 00 00 00 96 00 00 00                 - 2.......

No disassembly errors

------------------------------------------------------------

Segment: _BSS  DWORD USE32  00000140 bytes  

No disassembly errors

------------------------------------------------------------

Segment: XI  WORD USE32  00000006 bytes  
 0000                          void (near * near .mod_init)() LABEL BYTE
 0000  00 40                                   - .@
 0002  00 00 00 00                             DD      void near .fn_init()

No disassembly errors

------------------------------------------------------------

Segment: $$SYMBOLS  BYTE USE16  000015ae bytes  
 0000  15 12                                   - ..
 0002  00 00 00 00 00 00                       DP      int near regionchecks
 0008  0c 72 65 67 69 6f 6e 63                 - .regionc
 0010  68 65 63 6b 73 19 12                    - hecks..
 0017  00 00 00 00 00 00                       DP      int near regionintersects
 001d  0c 72 65 67 69 6f 6e 69                 - .regioni
 0025  6e 74 65 72 73 65 63 74                 - ntersect
 002d  73 15 12                                - s..
 0030  00 00 00 00 00 00                       DP      int near seriesstarts
 0036  0c 73 65 72 69 65 73 73                 - .seriess
 003e  74 61 72 74 73 12 12                    - tarts..
 0045  00 00 00 00 00 00                       DP      int near swapcount
 004b  0c 73 77 61 70 63 6f 75                 - .swapcou
 0053  6e 74 0f 12                             - nt..
 0057  00 00 00 00 00 00                       DP      int near oshake[]
 005d  37 6f 73 68 61 6b 65 14                 - 7oshake.
 0065  12                                      - .
 0066  00 00 00 00 00 00                       DP      int near shakelength[]
 006c  38 73 68 61 6b 65 6c 65                 - 8shakele
 0074  6e 67 74 68 08 32                       - ngth.2
 007a  00 00 00 00 00 00                       DP      L1
 0080  1d 24 0c 00 00 00 48 05                 - .$....H.
 0088  00 00 00 00 0e 09 18 00                 - ........
 0090  00 00 39 00 00 2e 66 6e                 - ..9...fn
 0098  5f 69 6e 69 74 08 32                    - _init.2
 009f  00 00 00 00 00 00                       DP      int (near * near object::__mbrptrthunk())( int )
 00a5  08 32                                   - .2
 00a7  00 00 00 00 00 00                       DP      int (near * near object::__mbrptrthunk())( int )
 00ad  14 26 00 00 3a 06 8e 10                 - .&..:...
 00b5  fc 61 21                                - .a!
 00b8  00 00 00 00 00 00                       DP      DGROUP:char unsigned near object::void near hiteffect( int, int, int )::.7::e[]
 00be  68 01 66 26 24 00 00 00                 - h.f&$...
 00c6  00 24 00 00 00 ad 00 0e                 - .$......
 00ce  09 18 00 00 00 80 c4 30                 - .......0
 00d6  1c 01 30 1c 5f 5f 6d 62                 - ..0.__mb
 00de  72 70 74 72 74 68 75 6e                 - rptrthun
 00e6  6b 0a 11 10 fc 80 87 74                 - k......t
 00ee  68 69 73 08 32                          - his.2
 00f3  00 00 00 00 00 00                       DP      int (near * near object::__mbrptrthunk())( int )
 00f9  08 32                                   - .2
 00fb  00 00 00 00 00 00                       DP      int (near * near object::__mbrptrthunk())( int )
 0101  14 26 00 00 3a 06 8e 10                 - .&..:...
 0109  fc 61 21                                - .a!
 010c  00 00 00 00 00 00                       DP      DGROUP:char unsigned near object::void near hiteffect( int, int, int )::.7::e[]
 0112  68 01 66 26 24 00 00 00                 - h.f&$...
 011a  00 24 00 00 00 01 01 0e                 - .$......
 0122  09 18 00 00 00 80 c4 30                 - .......0
 012a  1c 01 30 1c 5f 5f 6d 62                 - ..0.__mb
 0132  72 70 74 72 74 68 75 6e                 - rptrthun
 013a  6b 0a 11 10 fc 80 c5 74                 - k......t
 0142  68 69 73 08 32                          - his.2
 0147  00 00 00 00 00 00                       DP      int (near * near object::__mbrptrthunk())( int )
 014d  08 32                                   - .2
 014f  00 00 00 00 00 00                       DP      int (near * near object::__mbrptrthunk())( int )
 0155  14 26 00 00 3a 06 8e 10                 - .&..:...
 015d  fc 61 21                                - .a!
 0160  00 00 00 00 00 00                       DP      DGROUP:char unsigned near object::void near hiteffect( int, int, int )::.7::e[]
 0166  68 01 66 26 24 00 00 00                 - h.f&$...
 016e  00 24 00 00 00 55 01 0e                 - .$...U..
 0176  09 18 00 00 00 80 c4 30                 - .......0
 017e  1c 01 30 1c 5f 5f 6d 62                 - ..0.__mb
 0186  72 70 74 72 74 68 75 6e                 - rptrthun
 018e  6b 0a 11 10 fc 80 c5 74                 - k......t
 0196  68 69 73 08 32                          - his.2
 019b  00 00 00 00 00 00                       DP      int (near * near object::__mbrptrthunk())( int )
 01a1  08 32                                   - .2
 01a3  00 00 00 00 00 00                       DP      int (near * near object::__mbrptrthunk())( int )
 01a9  14 26 00 00 3a 06 8e 10                 - .&..:...
 01b1  fc 61 21                                - .a!
 01b4  00 00 00 00 00 00                       DP      DGROUP:char unsigned near object::void near hiteffect( int, int, int )::.7::e[]
 01ba  68 01 66 26 24 00 00 00                 - h.f&$...
 01c2  00 24 00 00 00 a9 01 0e                 - .$......
 01ca  09 18 00 00 00 80 c4 30                 - .......0
 01d2  1c 01 30 1c 5f 5f 6d 62                 - ..0.__mb
 01da  72 70 74 72 74 68 75 6e                 - rptrthun
 01e2  6b 0a 11 10 fc 80 c5 74                 - k......t
 01ea  68 69 73 08 32                          - his.2
 01ef  00 00 00 00 00 00                       DP      int (near * near object::__mbrptrthunk())( int )
 01f5  08 32                                   - .2
 01f7  00 00 00 00 00 00                       DP      int (near * near object::__mbrptrthunk())( int )
 01fd  14 26 00 00 3a 06 8e 10                 - .&..:...
 0205  fc 61 21                                - .a!
 0208  00 00 00 00 00 00                       DP      DGROUP:char unsigned near object::void near hiteffect( int, int, int )::.7::e[]
 020e  68 01 66 26 24 00 00 00                 - h.f&$...
 0216  00 24 00 00 00 fd 01 0e                 - .$......
 021e  09 18 00 00 00 80 c4 30                 - .......0
 0226  1c 01 30 1c 5f 5f 6d 62                 - ..0.__mb
 022e  72 70 74 72 74 68 75 6e                 - rptrthun
 0236  6b 0a 11 10 fc 80 c5 74                 - k......t
 023e  68 69 73 08 32                          - his.2
 0243  00 00 00 00 00 00                       DP      int (near * near object::__mbrptrthunk())( int )
 0249  08 32                                   - .2
 024b  00 00 00 00 00 00                       DP      int (near * near object::__mbrptrthunk())( int )
 0251  14 26 00 00 3a 06 8e 10                 - .&..:...
 0259  fc 61 21                                - .a!
 025c  00 00 00 00 00 00                       DP      DGROUP:char unsigned near object::void near hiteffect( int, int, int )::.7::e[]
 0262  68 01 66 26 24 00 00 00                 - h.f&$...
 026a  00 24 00 00 00 51 02 0e                 - .$...Q..
 0272  09 18 00 00 00 80 c4 30                 - .......0
 027a  1c 01 30 1c 5f 5f 6d 62                 - ..0.__mb
 0282  72 70 74 72 74 68 75 6e                 - rptrthun
 028a  6b 0a 11 10 fc 80 c5 74                 - k......t
 0292  68 69 73 08 32                          - his.2
 0297  00 00 00 00 00 00                       DP      int (near * near object::__mbrptrthunk())( int )
 029d  08 32                                   - .2
 029f  00 00 00 00 00 00                       DP      int (near * near object::__mbrptrthunk())( int )
 02a5  14 26 00 00 3a 06 8e 10                 - .&..:...
 02ad  fc 61 21                                - .a!
 02b0  00 00 00 00 00 00                       DP      DGROUP:char unsigned near object::void near hiteffect( int, int, int )::.7::e[]
 02b6  68 01 66 26 24 00 00 00                 - h.f&$...
 02be  00 24 00 00 00 a5 02 0e                 - .$......
 02c6  09 18 00 00 00 80 c4 30                 - .......0
 02ce  1c 01 30 1c 5f 5f 6d 62                 - ..0.__mb
 02d6  72 70 74 72 74 68 75 6e                 - rptrthun
 02de  6b 0a 11 10 fc 80 c5 74                 - k......t
 02e6  68 69 73 08 32                          - his.2
 02eb  00 00 00 00 00 00                       DP      int (near * near object::__mbrptrthunk())( int )
 02f1  08 32                                   - .2
 02f3  00 00 00 00 00 00                       DP      int (near * near object::__mbrptrthunk())( int )
 02f9  14 26 00 00 3a 06 8e 10                 - .&..:...
 0301  fc 61 21                                - .a!
 0304  00 00 00 00 00 00                       DP      DGROUP:char unsigned near object::void near hiteffect( int, int, int )::.7::e[]
 030a  68 01 66 26 24 00 00 00                 - h.f&$...
 0312  00 24 00 00 00 f9 02 0e                 - .$......
 031a  09 18 00 00 00 80 c4 30                 - .......0
 0322  1c 01 30 1c 5f 5f 6d 62                 - ..0.__mb
 032a  72 70 74 72 74 68 75 6e                 - rptrthun
 0332  6b 0a 11 10 fc 80 c5 74                 - k......t
 033a  68 69 73 08 32                          - his.2
 033f  00 00 00 00 00 00                       DP      int (near * near object::__mbrptrthunk())( int )
 0345  08 32                                   - .2
 0347  00 00 00 00 00 00                       DP      int (near * near object::__mbrptrthunk())( int )
 034d  14 26 00 00 3a 06 8e 10                 - .&..:...
 0355  fc 61 21                                - .a!
 0358  00 00 00 00 00 00                       DP      DGROUP:char unsigned near object::void near hiteffect( int, int, int )::.7::e[]
 035e  68 01 66 26 24 00 00 00                 - h.f&$...
 0366  00 24 00 00 00 4d 03 0e                 - .$...M..
 036e  09 18 00 00 00 80 c4 30                 - .......0
 0376  1c 01 30 1c 5f 5f 6d 62                 - ..0.__mb
 037e  72 70 74 72 74 68 75 6e                 - rptrthun
 0386  6b 0a 11 10 fc 80 c5 74                 - k......t
 038e  68 69 73 08 32                          - his.2
 0393  00 00 00 00 00 00                       DP      int (near * near object::__mbrptrthunk())( int )
 0399  08 32                                   - .2
 039b  00 00 00 00 00 00                       DP      int (near * near object::__mbrptrthunk())( int )
 03a1  14 26 00 00 3a 06 8e 10                 - .&..:...
 03a9  fc 61 21                                - .a!
 03ac  00 00 00 00 00 00                       DP      DGROUP:char unsigned near object::void near hiteffect( int, int, int )::.7::e[]
 03b2  68 01 66 26 24 00 00 00                 - h.f&$...
 03ba  00 24 00 00 00 a1 03 0e                 - .$......
 03c2  09 18 00 00 00 80 c4 30                 - .......0
 03ca  1c 01 30 1c 5f 5f 6d 62                 - ..0.__mb
 03d2  72 70 74 72 74 68 75 6e                 - rptrthun
 03da  6b 0a 11 10 fc 80 c5 74                 - k......t
 03e2  68 69 73 08 32                          - his.2
 03e7  00 00 00 00 00 00                       DP      int (near * near object::__mbrptrthunk())( int )
 03ed  08 32                                   - .2
 03ef  00 00 00 00 00 00                       DP      int (near * near object::__mbrptrthunk())( int )
 03f5  14 26 00 00 3a 06 8e 10                 - .&..:...
 03fd  fc 61 21                                - .a!
 0400  00 00 00 00 00 00                       DP      DGROUP:char unsigned near object::void near hiteffect( int, int, int )::.7::e[]
 0406  68 01 66 26 24 00 00 00                 - h.f&$...
 040e  00 24 00 00 00 f5 03 0e                 - .$......
 0416  09 18 00 00 00 80 c4 30                 - .......0
 041e  1c 01 30 1c 5f 5f 6d 62                 - ..0.__mb
 0426  72 70 74 72 74 68 75 6e                 - rptrthun
 042e  6b 0a 11 10 fc 80 c5 74                 - k......t
 0436  68 69 73 08 32                          - his.2
 043b  00 00 00 00 00 00                       DP      int (near * near object::__mbrptrthunk())( int )
 0441  08 32                                   - .2
 0443  00 00 00 00 00 00                       DP      int (near * near object::__mbrptrthunk())( int )
 0449  14 26 00 00 3a 06 8e 10                 - .&..:...
 0451  fc 61 21                                - .a!
 0454  00 00 00 00 00 00                       DP      DGROUP:char unsigned near object::void near hiteffect( int, int, int )::.7::e[]
 045a  68 01 66 26 24 00 00 00                 - h.f&$...
 0462  00 24 00 00 00 49 04 0e                 - .$...I..
 046a  09 18 00 00 00 80 c4 30                 - .......0
 0472  1c 01 30 1c 5f 5f 6d 62                 - ..0.__mb
 047a  72 70 74 72 74 68 75 6e                 - rptrthun
 0482  6b 0a 11 10 fc 80 c5 74                 - k......t
 048a  68 69 73 08 32                          - his.2
 048f  00 00 00 00 00 00                       DP      int (near * near object::__mbrptrthunk())( int )
 0495  08 32                                   - .2
 0497  00 00 00 00 00 00                       DP      int (near * near object::__mbrptrthunk())( int )
 049d  14 26 00 00 3a 06 8e 10                 - .&..:...
 04a5  fc 61 21                                - .a!
 04a8  00 00 00 00 00 00                       DP      DGROUP:char unsigned near object::void near hiteffect( int, int, int )::.7::e[]
 04ae  68 01 66 26 24 00 00 00                 - h.f&$...
 04b6  00 24 00 00 00 9d 04 0e                 - .$......
 04be  09 18 00 00 00 80 c4 30                 - .......0
 04c6  1c 01 30 1c 5f 5f 6d 62                 - ..0.__mb
 04ce  72 70 74 72 74 68 75 6e                 - rptrthun
 04d6  6b 0a 11 10 fc 80 c5 74                 - k......t
 04de  68 69 73 08 32                          - his.2
 04e3  00 00 00 00 00 00                       DP      int (near * near object::__mbrptrthunk())( int )
 04e9  08 32                                   - .2
 04eb  00 00 00 00 00 00                       DP      int (near * near object::__mbrptrthunk())( int )
 04f1  14 26 00 00 3a 06 8e 10                 - .&..:...
 04f9  fc 61 21                                - .a!
 04fc  00 00 00 00 00 00                       DP      DGROUP:char unsigned near object::void near hiteffect( int, int, int )::.7::e[]
 0502  68 01 66 26 24 00 00 00                 - h.f&$...
 050a  00 24 00 00 00 f1 04 0e                 - .$......
 0512  09 18 00 00 00 80 c4 30                 - .......0
 051a  1c 01 30 1c 5f 5f 6d 62                 - ..0.__mb
 0522  72 70 74 72 74 68 75 6e                 - rptrthun
 052a  6b 0a 11 10 fc 80 c5 74                 - k......t
 0532  68 69 73 08 32                          - his.2
 0537  54 05 00 00 00 00                       DP      L2
 053d  14 26 00 00 3a 06 8e 10                 - .&..:...
 0545  f8 61 21                                - .a!
 0548  00 00 00 00 00 00                       DP      DGROUP:char unsigned near object::void near hiteffect( int, int, int )::.7::e[]
 054e  68 01 66 1f 24 08 00 00                 - h.f.$...
 0556  00 51 00 00 00 3d 05 0d                 - .Q...=..
 055e  08 14 00 00 00 80 97 30                 - .......0
 0566  1c 02 30 1c 30 1f 6e 6f                 - ..0.0.no
 056e  6e 65 0a 11 10 f8 80 c5                 - ne......
 0576  74 68 69 73 0b 11 10 fc                 - this....
 057e  0c 69 6e 73 74 61 74 0c                 - .instat.
 0586  23 a9 00 00 00 00 00 00                 - #.......
 058e  00 91 05 0c 23 9b 00 00                 - ....#...
 0596  00 0e 00 00 00 9d 05 21                 - .......!
 059e  24 64 00 00 00 86 00 00                 - $d......
 05a6  00 00 00 0e 09 18 00 00                 - ........
 05ae  00 80 8b 00 01 30 1c 61                 - .....0.a
 05b6  64 64 6f 62 6a 65 63 74                 - ddobject
 05be  06 11 10 fc 3c 61 0a 11                 - ....<a..
 05c6  10 f4 3c 74 70 72 65 76                 - ..<tprev
 05ce  06 11 10 f8 3c 74 14 26                 - ....<t.&
 05d6  00 00 3a 06 8e 10 f8 61                 - ..:....a
 05de  21                                      - !
 05df  00 00 00 00 00 00                       DP      DGROUP:char unsigned near object::void near hiteffect( int, int, int )::.7::e[]
 05e5  68 01 66 1e 24 f0 00 00                 - h.f.$...
 05ed  00 49 00 00 00 d4 05 0d                 - .I......
 05f5  08 14 00 00 00 80 99 00                 - ........
 05fd  02 30 1c 30 1f 70 6c 61                 - .0.0.pla
 0605  79 0a 11 10 f8 80 c5 74                 - y......t
 060d  68 69 73 06 11 10 fc 0c                 - his.....
 0615  73 14 26 00 00 3a 06 8e                 - s.&..:..
 061d  10 f8 61 21                             - ..a!
 0621  00 00 00 00 00 00                       DP      DGROUP:char unsigned near object::void near hiteffect( int, int, int )::.7::e[]
 0627  68 01 66 24 24 44 01 00                 - h.f$$D..
 062f  00 49 00 00 00 16 06 0d                 - .I......
 0637  08 14 00 00 00 80 99 00                 - ........
 063f  02 30 1c 30 1f 70 6c 61                 - .0.0.pla
 0647  79 6c 6f 6f 70 65 64 0a                 - ylooped.
 064f  11 10 f8 80 c5 74 68 69                 - .....thi
 0657  73 06 11 10 fc 0c 73 0c                 - s.....s.
 065f  23 bf 01 00 00 34 00 00                 - #....4..
 0667  00 6a 06 0c 23 bf 01 00                 - .j..#...
 066f  00 34 00 00 00 ba 06 0c                 - .4......
 0677  23 fc 01 00 00 34 00 00                 - #....4..
 067f  00 82 06 0c 23 fc 01 00                 - ....#...
 0687  00 34 00 00 00 ba 06 0c                 - .4......
 068f  23 39 02 00 00 34 00 00                 - #9...4..
 0697  00 9a 06 0c 23 39 02 00                 - ....#9..
 069f  00 34 00 00 00 ba 06 14                 - .4......
 06a7  26 00 00 3a 06 8e 10 f8                 - &..:....
 06af  61 21                                   - a!
 06b1  00 00 00 00 00 00                       DP      DGROUP:char unsigned near object::void near hiteffect( int, int, int )::.7::e[]
 06b7  68 01 66 22 24 98 01 00                 - h.f"$...
 06bf  00 51 01 00 00 a6 06 0d                 - .Q......
 06c7  08 14 00 00 00 80 99 00                 - ........
 06cf  02 30 1c 30 1f 61 63 74                 - .0.0.act
 06d7  69 76 61 74 65 0a 11 10                 - ivate...
 06df  f8 80 c5 74 68 69 73 06                 - ...this.
 06e7  11 10 fc 0c 73 0c 23 0a                 - ....s.#.
 06ef  03 00 00 34 00 00 00 f8                 - ...4....
 06f7  06 0c 23 0a 03 00 00 34                 - ..#....4
 06ff  00 00 00 48 07 0c 23 47                 - ...H..#G
 0707  03 00 00 34 00 00 00 10                 - ...4....
 070f  07 0c 23 47 03 00 00 34                 - ..#G...4
 0717  00 00 00 48 07 0c 23 84                 - ...H..#.
 071f  03 00 00 34 00 00 00 28                 - ...4...(
 0727  07 0c 23 84 03 00 00 34                 - ..#....4
 072f  00 00 00 48 07 14 26 00                 - ...H..&.
 0737  00 3a 06 8e 10 fc 61 21                 - .:....a!
 073f  00 00 00 00 00 00                       DP      DGROUP:char unsigned near object::void near hiteffect( int, int, int )::.7::e[]
 0745  68 01 66 1b 24 f0 02 00                 - h.f.$...
 074d  00 1a 01 00 00 34 07 0e                 - .....4..
 0755  09 18 00 00 00 39 00 01                 - .....9..
 075d  30 1c 73 74 6f 70 0a 11                 - 0.stop..
 0765  10 fc 80 c5 74 68 69 73                 - ....this
 076d  14 26 00 00 3a 06 8e 10                 - .&..:...
 0775  fc 61 21                                - .a!
 0778  00 00 00 00 00 00                       DP      DGROUP:char unsigned near object::void near hiteffect( int, int, int )::.7::e[]
 077e  68 01 66 1b 24 10 04 00                 - h.f.$...
 0786  00 53 00 00 00 6d 07 0e                 - .S...m..
 078e  09 18 00 00 00 39 00 01                 - .....9..
 0796  30 1c 6b 69 6c 6c 0a 11                 - 0.kill..
 079e  10 fc 80 c5 74 68 69 73                 - ....this
 07a6  0c 23 2e 05 00 00 4f 00                 - .#....O.
 07ae  00 00 b2 07 0c 23 2e 05                 - .....#..
 07b6  00 00 4f 00 00 00 d2 07                 - ..O.....
 07be  14 26 00 00 3a 06 8e 10                 - .&..:...
 07c6  f8 61 21                                - .a!
 07c9  00 00 00 00 00 00                       DP      DGROUP:char unsigned near object::void near hiteffect( int, int, int )::.7::e[]
 07cf  68 01 66 26 24 70 04 00                 - h.f&$p..
 07d7  00 b7 01 00 00 be 07 0d                 - ........
 07df  08 14 00 00 00 80 97 30                 - .......0
 07e7  1c 02 30 1c 30 1f 73 74                 - ..0.0.st
 07ef  61 72 74 73 65 72 69 65                 - artserie
 07f7  73 0a 11 10 f8 80 c5 74                 - s......t
 07ff  68 69 73 0e 11 10 fc 0c                 - his.....
 0807  73 65 72 69 65 73 6e 75                 - seriesnu
 080f  6d 0c 23 77 06 00 00 1a                 - m.#w....
 0817  00 00 00 30 08 14 26 00                 - ...0..&.
 081f  00 3a 06 8e 10 f8 61 21                 - .:....a!
 0827  00 00 00 00 00 00                       DP      DGROUP:char unsigned near object::void near hiteffect( int, int, int )::.7::e[]
 082d  68 01 66 25 24 34 06 00                 - h.f%$4..
 0835  00 71 00 00 00 1c 08 0d                 - .q......
 083d  08 14 00 00 00 80 98 30                 - .......0
 0845  1c 02 30 1c 30 1f 66 69                 - ..0.0.fi
 084d  6e 64 73 65 72 69 65 73                 - ndseries
 0855  0a 11 10 f8 80 c5 74 68                 - ......th
 085d  69 73 0f 11 10 fc 25 73                 - is....%s
 0865  65 72 69 65 73 6e 61 6d                 - eriesnam
 086d  65 06 11 10 f0 5a 73 06                 - e....Zs.
 0875  11 10 f4 0c 69 14 26 00                 - ....i.&.
 087d  00 3a 06 8e 10 f8 61 21                 - .:....a!
 0885  00 00 00 00 00 00                       DP      DGROUP:char unsigned near object::void near hiteffect( int, int, int )::.7::e[]
 088b  68 01 66 26 24 b4 06 00                 - h.f&$...
 0893  00 49 00 00 00 7a 08 0d                 - .I...z..
 089b  08 14 00 00 00 80 98 30                 - .......0
 08a3  1c 02 30 1c 30 1f 73 74                 - ..0.0.st
 08ab  61 72 74 73 65 72 69 65                 - artserie
 08b3  73 0a 11 10 f8 80 c5 74                 - s......t
 08bb  68 69 73 0f 11 10 fc 25                 - his....%
 08c3  73 65 72 69 65 73 6e 61                 - seriesna
 08cb  6d 65 06 11 10 f4 0c 73                 - me.....s
 08d3  14 26 00 00 3a 06 8e 10                 - .&..:...
 08db  f8 61 21                                - .a!
 08de  00 00 00 00 00 00                       DP      DGROUP:char unsigned near object::void near hiteffect( int, int, int )::.7::e[]
 08e4  68 01 66 2a 24 10 07 00                 - h.f*$...
 08ec  00 8a 00 00 00 d3 08 0d                 - ........
 08f4  08 14 00 00 00 80 97 30                 - .......0
 08fc  1c 02 30 1c 30 1f 73 74                 - ..0.0.st
 0904  61 72 74 6a 75 6d 70 73                 - artjumps
 090c  65 72 69 65 73 0a 11 10                 - eries...
 0914  f8 80 c5 74 68 69 73 0e                 - ...this.
 091c  11 10 fc 0c 73 65 72 69                 - ....seri
 0924  65 73 6e 75 6d 14 26 00                 - esnum.&.
 092c  00 3a 06 8e 10 fc 61 21                 - .:....a!
 0934  00 00 00 00 00 00                       DP      DGROUP:char unsigned near object::void near hiteffect( int, int, int )::.7::e[]
 093a  68 01 66 21 24 a8 07 00                 - h.f!$...
 0942  00 71 00 00 00 29 09 0e                 - .q...)..
 094a  09 18 00 00 00 39 00 01                 - .....9..
 0952  30 1c 72 65 73 75 6d 65                 - 0.resume
 095a  6a 75 6d 70 0a 11 10 fc                 - jump....
 0962  80 c5 74 68 69 73 0c 23                 - ..this.#
 096a  41 08 00 00 13 01 00 00                 - A.......
 0972  74 09 0c 23 37 08 00 00                 - t..#7...
 097a  1d 01 00 00 94 09 14 26                 - .......&
 0982  00 00 3a 06 8e 10 f0 61                 - ..:....a
 098a  21                                      - !
 098b  00 00 00 00 00 00                       DP      DGROUP:char unsigned near object::void near hiteffect( int, int, int )::.7::e[]
 0991  68 01 66 25 24 20 08 00                 - h.f%$ ..
 0999  00 45 01 00 00 80 09 0b                 - .E......
 09a1  08 0c 00 00 00 80 95 30                 - .......0
 09a9  1c 04 30 1c 30 1f 30 1d                 - ..0.0.0.
 09b1  30 1e 6f 62 6a 65 63 74                 - 0.object
 09b9  0a 11 10 f0 80 c5 74 68                 - ......th
 09c1  69 73 0b 11 10 f4 66 6f                 - is....fo
 09c9  62 6a 64 65 66 06 11 10                 - bjdef...
 09d1  f8 0c 73 07 11 10 fc 0c                 - ..s.....
 09d9  74 78 07 11 10 10 0c 74                 - tx.....t
 09e1  79 07 11 10 14 0c 74 7a                 - y.....tz
 09e9  07 11 10 18 0c 74 64 07                 - .....td.
 09f1  11 10 1c 80 c7 63 0c 23                 - .....c.#
 09f9  cc 09 00 00 34 00 00 00                 - ....4...
 0a01  03 0a 0c 23 cc 09 00 00                 - ...#....
 0a09  34 00 00 00 4b 0a 0c 23                 - 4...K..#
 0a11  09 0a 00 00 34 00 00 00                 - ....4...
 0a19  1b 0a 0c 23 09 0a 00 00                 - ...#....
 0a21  34 00 00 00 4b 0a 0c 23                 - 4...K..#
 0a29  46 0a 00 00 34 00 00 00                 - F...4...
 0a31  33 0a 0c 23 46 0a 00 00                 - 3..#F...
 0a39  34 00 00 00 4b 0a 0c 23                 - 4...K..#
 0a41  db 0a 00 00 31 00 00 00                 - ....1...
 0a49  4b 0a 0c 23 ad 09 00 00                 - K..#....
 0a51  74 01 00 00 6b 0a 14 26                 - t...k..&
 0a59  00 00 3a 06 8e 10 f8 61                 - ..:....a
 0a61  21                                      - !
 0a62  00 00 00 00 00 00                       DP      DGROUP:char unsigned near object::void near hiteffect( int, int, int )::.7::e[]
 0a68  68 01 66 22 24 70 09 00                 - h.f"$p..
 0a70  00 d3 01 00 00 57 0a 0d                 - .....W..
 0a78  08 14 00 00 00 80 96 30                 - .......0
 0a80  1c 02 30 1c 30 1f 7e 6f                 - ..0.0.~o
 0a88  62 6a 65 63 74 0a 11 10                 - bject...
 0a90  f8 80 c5 74 68 69 73 0b                 - ...this.
 0a98  11 10 fc 0d 2e 63 64 74                 - .....cdt
 0aa0  6f 72 14 26 00 00 4e 06                 - or.&..N.
 0aa8  8e 10 fc 61 21                          - ...a!
 0aad  00 00 00 00 00 00                       DP      DGROUP:char unsigned near object::void near hiteffect( int, int, int )::.7::e[]
 0ab3  68 01 66 21 24 50 0b 00                 - h.f!$P..
 0abb  00 35 00 00 00 a2 0a 0e                 - .5......
 0ac3  09 18 00 00 00 4a 30 1c                 - .....J0.
 0acb  01 30 1c 67 65 74 69 6d                 - .0.getim
 0ad3  67 70 74 72 0a 11 10 fc                 - gptr....
 0adb  80 c8 74 68 69 73 14 26                 - ..this.&
 0ae3  00 00 4e 06 8e 10 fc 61                 - ..N....a
 0aeb  21                                      - !
 0aec  00 00 00 00 00 00                       DP      DGROUP:char unsigned near object::void near hiteffect( int, int, int )::.7::e[]
 0af2  68 01 66 23 24 94 0b 00                 - h.f#$...
 0afa  00 43 00 00 00 e1 0a 0e                 - .C......
 0b02  09 18 00 00 00 4c 30 1c                 - .....L0.
 0b0a  01 30 1c 67 65 74 65 78                 - .0.getex
 0b12  74 72 61 70 74 72 0a 11                 - traptr..
 0b1a  10 fc 80 c8 74 68 69 73                 - ....this
 0b22  14 26 00 00 3a 06 8e 10                 - .&..:...
 0b2a  f8 61 21                                - .a!
 0b2d  00 00 00 00 00 00                       DP      DGROUP:char unsigned near object::void near hiteffect( int, int, int )::.7::e[]
 0b33  68 01 66 24 24 e4 0b 00                 - h.f$$...
 0b3b  00 ad 00 00 00 22 0b 0d                 - ....."..
 0b43  08 14 00 00 00 80 97 30                 - .......0
 0b4b  1c 02 30 1c 30 1f 68 69                 - ..0.0.hi
 0b53  74 67 72 6f 75 6e 64 0a                 - tground.
 0b5b  11 10 f8 80 c5 74 68 69                 - .....thi
 0b63  73 0c 11 10 fc 0c 67 72                 - s.....gr
 0b6b  6f 75 6e 64 79 14 26 00                 - oundy.&.
 0b73  00 3a 06 8e 10 f0 61 21                 - .:....a!
 0b7b  00 00 00 00 00 00                       DP      DGROUP:char unsigned near object::void near hiteffect( int, int, int )::.7::e[]
 0b81  68 01 66 21 24 98 0c 00                 - h.f!$...
 0b89  00 f9 00 00 00 70 0b 0b                 - .....p..
 0b91  06 0c 00 00 00 77 00 04                 - .....w..
 0b99  30 1c 30 1f 30 1d 30 1e                 - 0.0.0.0.
 0ba1  6d 6f 76 65 0a 11 10 f0                 - move....
 0ba9  80 c5 74 68 69 73 07 11                 - ..this..
 0bb1  10 f4 0c 74 78 07 11 10                 - ...tx...
 0bb9  f8 0c 74 79 07 11 10 fc                 - ..ty....
 0bc1  0c 74 7a 14 26 00 00 3a                 - .tz.&..:
 0bc9  06 8e 10 f0 61 21                       - ....a!
 0bcf  00 00 00 00 00 00                       DP      DGROUP:char unsigned near object::void near hiteffect( int, int, int )::.7::e[]
 0bd5  68 01 66 24 24 9c 0d 00                 - h.f$$...
 0bdd  00 d1 00 00 00 c4 0b 0b                 - ........
 0be5  06 0c 00 00 00 77 00 04                 - .....w..
 0bed  30 1c 30 1f 30 1d 30 1e                 - 0.0.0.0.
 0bf5  6d 6f 76 65 61 62 73 0a                 - moveabs.
 0bfd  11 10 f0 80 c5 74 68 69                 - .....thi
 0c05  73 07 11 10 f4 0c 74 78                 - s.....tx
 0c0d  07 11 10 f8 0c 74 79 07                 - .....ty.
 0c15  11 10 fc 0c 74 7a 1e 24                 - ....tz.$
 0c1d  74 0e 00 00 87 00 00 00                 - t.......
 0c25  00 00 0d 08 14 00 00 00                 - ........
 0c2d  80 c9 00 02 30 1c 30 1f                 - ....0.0.
 0c35  73 77 61 70 06 11 10 f8                 - swap....
 0c3d  3c 61 06 11 10 fc 3c 62                 - <a....<b
 0c45  14 26 00 00 3a 06 8e 10                 - .&..:...
 0c4d  fc 61 21                                - .a!
 0c50  00 00 00 00 00 00                       DP      DGROUP:char unsigned near object::void near hiteffect( int, int, int )::.7::e[]
 0c56  68 01 66 1d 24 04 0f 00                 - h.f.$...
 0c5e  00 7f 00 00 00 45 0c 0e                 - .....E..
 0c66  09 18 00 00 00 39 00 01                 - .....9..
 0c6e  30 1c 72 65 73 6f 72 74                 - 0.resort
 0c76  0a 11 10 fc 80 c5 74 68                 - ......th
 0c7e  69 73 0c 23 ec 0f 00 00                 - is.#....
 0c86  42 00 00 00 8c 0c 0c 23                 - B......#
 0c8e  c6 0f 00 00 68 00 00 00                 - ....h...
 0c96  98 0c 0c 23 c6 0f 00 00                 - ...#....
 0c9e  68 00 00 00 bc 0c 0c 23                 - h......#
 0ca6  30 10 00 00 27 00 00 00                 - 0...'...
 0cae  b0 0c 0c 23 30 10 00 00                 - ...#0...
 0cb6  27 00 00 00 bc 0c 0c 23                 - '......#
 0cbe  b9 0f 00 00 a7 00 00 00                 - ........
 0cc6  c8 0c 0c 23 b9 0f 00 00                 - ...#....
 0cce  a7 00 00 00 e8 0c 14 26                 - .......&
 0cd6  00 00 3a 06 8e 10 fc 61                 - ..:....a
 0cde  21                                      - !
 0cdf  00 00 00 00 00 00                       DP      DGROUP:char unsigned near object::void near hiteffect( int, int, int )::.7::e[]
 0ce5  68 01 66 24 24 90 0f 00                 - h.f$$...
 0ced  00 16 01 00 00 d4 0c 0e                 - ........
 0cf5  09 18 00 00 00 62 30 1c                 - .....b0.
 0cfd  01 30 1c 61 64 76 61 6e                 - .0.advan
 0d05  63 65 66 72 61 6d 65 0a                 - ceframe.
 0d0d  11 10 fc 80 c5 74 68 69                 - .....thi
 0d15  73 0c 23 50 11 00 00 20                 - s.#P... 
 0d1d  00 00 00 22 0d 0c 23 50                 - ..."..#P
 0d25  11 00 00 20 00 00 00 2e                 - ... ....
 0d2d  0d 0c 23 00 11 00 00 70                 - ..#....p
 0d35  00 00 00 45 0d 0b 11 10                 - ...E....
 0d3d  ec 0c 74 65 6d 70 63 73                 - ..tempcs
 0d45  0c 23 00 11 00 00 70 00                 - .#....p.
 0d4d  00 00 95 0d 0c 23 9d 11                 - .....#..
 0d55  00 00 79 00 00 00 5d 0d                 - ..y...].
 0d5d  0c 23 9d 11 00 00 79 00                 - .#....y.
 0d65  00 00 69 0d 0c 23 89 11                 - ..i..#..
 0d6d  00 00 8d 00 00 00 75 0d                 - ......u.
 0d75  0c 23 89 11 00 00 8d 00                 - .#......
 0d7d  00 00 95 0d 14 26 00 00                 - .....&..
 0d85  3a 06 8e 10 fc 61 21                    - :....a!
 0d8c  00 00 00 00 00 00                       DP      DGROUP:char unsigned near object::void near hiteffect( int, int, int )::.7::e[]
 0d92  68 01 66 1b 24 ac 10 00                 - h.f.$...
 0d9a  00 a9 01 00 00 81 0d 0e                 - ........
 0da2  09 18 00 00 00 39 00 01                 - .....9..
 0daa  30 1c 74 69 63 6b 0a 11                 - 0.tick..
 0db2  10 fc 80 c5 74 68 69 73                 - ....this
 0dba  0c 23 ac 12 00 00 35 00                 - .#....5.
 0dc2  00 00 c6 0d 0c 23 ac 12                 - .....#..
 0dca  00 00 35 00 00 00 e6 0d                 - ..5.....
 0dd2  14 26 00 00 3a 06 8e 10                 - .&..:...
 0dda  f8 61 21                                - .a!
 0ddd  00 00 00 00 00 00                       DP      DGROUP:char unsigned near object::void near hiteffect( int, int, int )::.7::e[]
 0de3  68 01 66 25 24 60 12 00                 - h.f%$`..
 0deb  00 93 00 00 00 d2 0d 0d                 - ........
 0df3  08 14 00 00 00 80 97 30                 - .......0
 0dfb  1c 02 30 1c 30 1f 6c 6f                 - ..0.0.lo
 0e03  73 65 65 6e 65 72 67 79                 - seenergy
 0e0b  0a 11 10 f8 80 c5 74 68                 - ......th
 0e13  69 73 06 11 10 fc 0c 65                 - is.....e
 0e1b  0c 23 9d 13 00 00 96 00                 - .#......
 0e23  00 00 27 0e 0c 23 9d 13                 - ..'..#..
 0e2b  00 00 96 00 00 00 33 0e                 - ......3.
 0e33  0c 23 8b 13 00 00 ad 00                 - .#......
 0e3b  00 00 3f 0e 0c 23 8b 13                 - ..?..#..
 0e43  00 00 ad 00 00 00 b0 0e                 - ........
 0e4b  0c 23 8f 14 00 00 67 00                 - .#....g.
 0e53  00 00 60 0e 09 11 10 e8                 - ..`.....
 0e5b  42 69 70 74 72 0c 23 8f                 - Biptr.#.
 0e63  14 00 00 67 00 00 00 6c                 - ...g...l
 0e6b  0e 0c 23 4f 14 00 00 ae                 - ..#O....
 0e73  00 00 00 78 0e 0c 23 4f                 - ...x..#O
 0e7b  14 00 00 ae 00 00 00 84                 - ........
 0e83  0e 0c 23 3d 14 00 00 c5                 - ..#=....
 0e8b  00 00 00 90 0e 0c 23 3d                 - ......#=
 0e93  14 00 00 c5 00 00 00 b0                 - ........
 0e9b  0e 14 26 00 00 3a 06 8e                 - ..&..:..
 0ea3  10 fc 61 21                             - ..a!
 0ea7  00 00 00 00 00 00                       DP      DGROUP:char unsigned near object::void near hiteffect( int, int, int )::.7::e[]
 0ead  68 01 66 1b 24 f8 12 00                 - h.f.$...
 0eb5  00 13 02 00 00 9c 0e 0e                 - ........
 0ebd  09 18 00 00 00 39 00 01                 - .....9..
 0ec5  30 1c 64 72 61 77 0a 11                 - 0.draw..
 0ecd  10 fc 80 c5 74 68 69 73                 - ....this
 0ed5  07 11 10 ec 0c 74 78 07                 - .....tx.
 0edd  11 10 f0 0c 74 79 06 11                 - ....ty..
 0ee5  10 f4 49 69 06 11 10 f8                 - ..Ii....
 0eed  0c 6a 14 26 00 00 3a 06                 - .j.&..:.
 0ef5  8e 10 f8 61 21                          - ...a!
 0efa  00 00 00 00 00 00                       DP      DGROUP:char unsigned near object::void near hiteffect( int, int, int )::.7::e[]
 0f00  68 01 66 1f 24 14 15 00                 - h.f.$...
 0f08  00 75 00 00 00 ef 0e 0d                 - .u......
 0f10  08 14 00 00 00 80 99 00                 - ........
 0f18  02 30 1c 30 1f 73 6f 75                 - .0.0.sou
 0f20  6e 64 0a 11 10 f8 80 c5                 - nd......
 0f28  74 68 69 73 06 11 10 fc                 - this....
 0f30  0c 6e 14 26 00 00 3a 06                 - .n.&..:.
 0f38  8e 10 f8 61 21                          - ...a!
 0f3d  00 00 00 00 00 00                       DP      DGROUP:char unsigned near object::void near hiteffect( int, int, int )::.7::e[]
 0f43  68 01 66 25 24 94 15 00                 - h.f%$...
 0f4b  00 39 00 00 00 32 0f 0d                 - .9...2..
 0f53  08 14 00 00 00 80 a0 30                 - .......0
 0f5b  1c 02 30 1c 30 1f 45 5f                 - ..0.0.E_
 0f63  53 4f 55 4e 44 5f 64 6f                 - SOUND_do
 0f6b  0a 11 10 f8 80 c5 74 68                 - ......th
 0f73  69 73 07 11 10 fc 80 9f                 - is......
 0f7b  74 14 26 00 00 3a 06 8e                 - t.&..:..
 0f83  10 f8 61 21                             - ..a!
 0f87  00 00 00 00 00 00                       DP      DGROUP:char unsigned near object::void near hiteffect( int, int, int )::.7::e[]
 0f8d  68 01 66 2b 24 e0 15 00                 - h.f+$...
 0f95  00 3e 00 00 00 7c 0f 0d                 - .>...|..
 0f9d  08 14 00 00 00 80 a5 30                 - .......0
 0fa5  1c 02 30 1c 30 1f 45 5f                 - ..0.0.E_
 0fad  47 52 4f 55 4e 44 53 48                 - GROUNDSH
 0fb5  41 4b 45 5f 64 6f 0a 11                 - AKE_do..
 0fbd  10 f8 80 c5 74 68 69 73                 - ....this
 0fc5  07 11 10 fc 80 a4 74 14                 - ......t.
 0fcd  26 00 00 3a 06 8e 10 f8                 - &..:....
 0fd5  61 21                                   - a!
 0fd7  00 00 00 00 00 00                       DP      DGROUP:char unsigned near object::void near hiteffect( int, int, int )::.7::e[]
 0fdd  68 01 66 2b 24 30 16 00                 - h.f+$0..
 0fe5  00 3f 00 00 00 cc 0f 0d                 - .?......
 0fed  08 14 00 00 00 80 a5 30                 - .......0
 0ff5  1c 02 30 1c 30 1f 45 5f                 - ..0.0.E_
 0ffd  4f 42 4a 45 43 54 53 48                 - OBJECTSH
 1005  41 4b 45 5f 64 6f 0a 11                 - AKE_do..
 100d  10 f8 80 c5 74 68 69 73                 - ....this
 1015  07 11 10 fc 80 a4 74 14                 - ......t.
 101d  26 00 00 3a 06 8e 10 f8                 - &..:....
 1025  61 21                                   - a!
 1027  00 00 00 00 00 00                       DP      DGROUP:char unsigned near object::void near hiteffect( int, int, int )::.7::e[]
 102d  68 01 66 24 24 7c 16 00                 - h.f$$|..
 1035  00 39 00 00 00 1c 10 0d                 - .9......
 103d  08 14 00 00 00 80 aa 30                 - .......0
 1045  1c 02 30 1c 30 1f 45 5f                 - ..0.0.E_
 104d  47 4f 54 4f 5f 64 6f 0a                 - GOTO_do.
 1055  11 10 f8 80 c5 74 68 69                 - .....thi
 105d  73 07 11 10 fc 80 a9 74                 - s......t
 1065  14 26 00 00 3a 06 8e 10                 - .&..:...
 106d  f8 61 21                                - .a!
 1070  00 00 00 00 00 00                       DP      DGROUP:char unsigned near object::void near hiteffect( int, int, int )::.7::e[]
 1076  68 01 66 23 24 c0 16 00                 - h.f#$...
 107e  00 4a 00 00 00 65 10 0d                 - .J...e..
 1086  08 14 00 00 00 80 bd 30                 - .......0
 108e  1c 02 30 1c 30 1f 45 5f                 - ..0.0.E_
 1096  44 49 52 5f 64 6f 0a 11                 - DIR_do..
 109e  10 f8 80 c5 74 68 69 73                 - ....this
 10a6  07 11 10 fc 80 bc 74 0c                 - ......t.
 10ae  23 ae 17 00 00 66 00 00                 - #....f..
 10b6  00 b9 10 0c 23 94 17 00                 - ....#...
 10be  00 eb 00 00 00 d7 10 06                 - ........
 10c6  11 10 e8 0c 69 0c 23 84                 - ....i.#.
 10ce  18 00 00 6e 00 00 00 d7                 - ...n....
 10d6  10 0c 23 94 17 00 00 62                 - ..#....b
 10de  01 00 00 e3 10 0c 23 94                 - ......#.
 10e6  17 00 00 62 01 00 00 03                 - ...b....
 10ee  11 14 26 00 00 3a 06 8e                 - ..&..:..
 10f6  10 f8 61 21                             - ..a!
 10fa  00 00 00 00 00 00                       DP      DGROUP:char unsigned near object::void near hiteffect( int, int, int )::.7::e[]
 1100  68 01 66 25 24 18 17 00                 - h.f%$...
 1108  00 0e 02 00 00 ef 10 0d                 - ........
 1110  08 14 00 00 00 80 b2 30                 - .......0
 1118  1c 02 30 1c 30 1f 45 5f                 - ..0.0.E_
 1120  42 4c 4f 4f 44 5f 64 6f                 - BLOOD_do
 1128  0a 11 10 f8 80 c5 74 68                 - ......th
 1130  69 73 07 11 10 fc 80 b1                 - is......
 1138  74 06 11 10 f0 53 70 14                 - t....Sp.
 1140  26 00 00 3a 06 8e 10 f8                 - &..:....
 1148  61 21                                   - a!
 114a  00 00 00 00 00 00                       DP      DGROUP:char unsigned near object::void near hiteffect( int, int, int )::.7::e[]
 1150  68 01 66 29 24 38 19 00                 - h.f)$8..
 1158  00 55 01 00 00 3f 11 0d                 - .U...?..
 1160  08 14 00 00 00 80 b7 30                 - .......0
 1168  1c 02 30 1c 30 1f 45 5f                 - ..0.0.E_
 1170  4e 45 57 4f 42 4a 45 43                 - NEWOBJEC
 1178  54 5f 64 6f 0a 11 10 f8                 - T_do....
 1180  80 c5 74 68 69 73 07 11                 - ..this..
 1188  10 fc 80 b6 74 0b 11 10                 - ....t...
 1190  e8 66 6f 62 6a 64 65 66                 - .fobjdef
 1198  14 26 00 00 3a 06 8e 10                 - .&..:...
 11a0  f8 61 21                                - .a!
 11a3  00 00 00 00 00 00                       DP      DGROUP:char unsigned near object::void near hiteffect( int, int, int )::.7::e[]
 11a9  68 01 66 26 24 9c 1a 00                 - h.f&$...
 11b1  00 5e 00 00 00 98 11 0d                 - .^......
 11b9  08 14 00 00 00 80 b8 30                 - .......0
 11c1  1c 02 30 1c 30 1f 45 5f                 - ..0.0.E_
 11c9  52 45 47 49 4f 4e 5f 64                 - REGION_d
 11d1  6f 0a 11 10 f8 80 c5 74                 - o......t
 11d9  68 69 73 06 11 10 fc 70                 - his....p
 11e1  74 08 32                                - t.2
 11e4  00 00 00 00 00 00                       DP      int (near * near object::__mbrptrthunk())( e_sound near * )
 11ea  08 32                                   - .2
 11ec  00 00 00 00 00 00                       DP      int (near * near object::__mbrptrthunk())( e_sound near * )
 11f2  14 26 00 00 3a 06 8e 10                 - .&..:...
 11fa  fc 61 21                                - .a!
 11fd  00 00 00 00 00 00                       DP      DGROUP:char unsigned near object::void near hiteffect( int, int, int )::.7::e[]
 1203  68 01 66 26 24 00 00 00                 - h.f&$...
 120b  00 24 00 00 00 f2 11 0e                 - .$......
 1213  09 18 00 00 00 80 cb 30                 - .......0
 121b  1c 01 30 1c 5f 5f 6d 62                 - ..0.__mb
 1223  72 70 74 72 74 68 75 6e                 - rptrthun
 122b  6b 0a 11 10 fc 80 c5 74                 - k......t
 1233  68 69 73 08 32                          - his.2
 1238  00 00 00 00 00 00                       DP      int (near * near object::__mbrptrthunk())( e_shake near * )
 123e  08 32                                   - .2
 1240  00 00 00 00 00 00                       DP      int (near * near object::__mbrptrthunk())( e_shake near * )
 1246  14 26 00 00 3a 06 8e 10                 - .&..:...
 124e  fc 61 21                                - .a!
 1251  00 00 00 00 00 00                       DP      DGROUP:char unsigned near object::void near hiteffect( int, int, int )::.7::e[]
 1257  68 01 66 26 24 00 00 00                 - h.f&$...
 125f  00 24 00 00 00 46 12 0e                 - .$...F..
 1267  09 18 00 00 00 80 cd 30                 - .......0
 126f  1c 01 30 1c 5f 5f 6d 62                 - ..0.__mb
 1277  72 70 74 72 74 68 75 6e                 - rptrthun
 127f  6b 0a 11 10 fc 80 c5 74                 - k......t
 1287  68 69 73 08 32                          - his.2
 128c  00 00 00 00 00 00                       DP      int (near * near object::__mbrptrthunk())( e_shake near * )
 1292  08 32                                   - .2
 1294  00 00 00 00 00 00                       DP      int (near * near object::__mbrptrthunk())( e_shake near * )
 129a  14 26 00 00 3a 06 8e 10                 - .&..:...
 12a2  fc 61 21                                - .a!
 12a5  00 00 00 00 00 00                       DP      DGROUP:char unsigned near object::void near hiteffect( int, int, int )::.7::e[]
 12ab  68 01 66 26 24 00 00 00                 - h.f&$...
 12b3  00 24 00 00 00 9a 12 0e                 - .$......
 12bb  09 18 00 00 00 80 cd 30                 - .......0
 12c3  1c 01 30 1c 5f 5f 6d 62                 - ..0.__mb
 12cb  72 70 74 72 74 68 75 6e                 - rptrthun
 12d3  6b 0a 11 10 fc 80 c5 74                 - k......t
 12db  68 69 73 08 32                          - his.2
 12e0  00 00 00 00 00 00                       DP      int (near * near object::__mbrptrthunk())( e_newobject near * )
 12e6  08 32                                   - .2
 12e8  00 00 00 00 00 00                       DP      int (near * near object::__mbrptrthunk())( e_newobject near * )
 12ee  14 26 00 00 3a 06 8e 10                 - .&..:...
 12f6  fc 61 21                                - .a!
 12f9  00 00 00 00 00 00                       DP      DGROUP:char unsigned near object::void near hiteffect( int, int, int )::.7::e[]
 12ff  68 01 66 26 24 00 00 00                 - h.f&$...
 1307  00 24 00 00 00 ee 12 0e                 - .$......
 130f  09 18 00 00 00 80 cf 30                 - .......0
 1317  1c 01 30 1c 5f 5f 6d 62                 - ..0.__mb
 131f  72 70 74 72 74 68 75 6e                 - rptrthun
 1327  6b 0a 11 10 fc 80 c5 74                 - k......t
 132f  68 69 73 08 32                          - his.2
 1334  00 00 00 00 00 00                       DP      int (near * near object::__mbrptrthunk())( e_goto near * )
 133a  08 32                                   - .2
 133c  00 00 00 00 00 00                       DP      int (near * near object::__mbrptrthunk())( e_goto near * )
 1342  14 26 00 00 3a 06 8e 10                 - .&..:...
 134a  fc 61 21                                - .a!
 134d  00 00 00 00 00 00                       DP      DGROUP:char unsigned near object::void near hiteffect( int, int, int )::.7::e[]
 1353  68 01 66 26 24 00 00 00                 - h.f&$...
 135b  00 24 00 00 00 42 13 0e                 - .$...B..
 1363  09 18 00 00 00 80 d1 30                 - .......0
 136b  1c 01 30 1c 5f 5f 6d 62                 - ..0.__mb
 1373  72 70 74 72 74 68 75 6e                 - rptrthun
 137b  6b 0a 11 10 fc 80 c5 74                 - k......t
 1383  68 69 73 08 32                          - his.2
 1388  00 00 00 00 00 00                       DP      int (near * near object::__mbrptrthunk())( e_blood near * )
 138e  08 32                                   - .2
 1390  00 00 00 00 00 00                       DP      int (near * near object::__mbrptrthunk())( e_blood near * )
 1396  14 26 00 00 3a 06 8e 10                 - .&..:...
 139e  fc 61 21                                - .a!
 13a1  00 00 00 00 00 00                       DP      DGROUP:char unsigned near object::void near hiteffect( int, int, int )::.7::e[]
 13a7  68 01 66 26 24 00 00 00                 - h.f&$...
 13af  00 24 00 00 00 96 13 0e                 - .$......
 13b7  09 18 00 00 00 80 d3 30                 - .......0
 13bf  1c 01 30 1c 5f 5f 6d 62                 - ..0.__mb
 13c7  72 70 74 72 74 68 75 6e                 - rptrthun
 13cf  6b 0a 11 10 fc 80 c5 74                 - k......t
 13d7  68 69 73 08 32                          - his.2
 13dc  00 00 00 00 00 00                       DP      int (near * near object::__mbrptrthunk())( e_region near * )
 13e2  08 32                                   - .2
 13e4  00 00 00 00 00 00                       DP      int (near * near object::__mbrptrthunk())( e_region near * )
 13ea  14 26 00 00 3a 06 8e 10                 - .&..:...
 13f2  fc 61 21                                - .a!
 13f5  00 00 00 00 00 00                       DP      DGROUP:char unsigned near object::void near hiteffect( int, int, int )::.7::e[]
 13fb  68 01 66 26 24 00 00 00                 - h.f&$...
 1403  00 24 00 00 00 ea 13 0e                 - .$......
 140b  09 18 00 00 00 80 d5 30                 - .......0
 1413  1c 01 30 1c 5f 5f 6d 62                 - ..0.__mb
 141b  72 70 74 72 74 68 75 6e                 - rptrthun
 1423  6b 0a 11 10 fc 80 c5 74                 - k......t
 142b  68 69 73 08 32                          - his.2
 1430  00 00 00 00 00 00                       DP      int (near * near object::__mbrptrthunk())( e_dir near * )
 1436  08 32                                   - .2
 1438  00 00 00 00 00 00                       DP      int (near * near object::__mbrptrthunk())( e_dir near * )
 143e  14 26 00 00 3a 06 8e 10                 - .&..:...
 1446  fc 61 21                                - .a!
 1449  00 00 00 00 00 00                       DP      DGROUP:char unsigned near object::void near hiteffect( int, int, int )::.7::e[]
 144f  68 01 66 26 24 00 00 00                 - h.f&$...
 1457  00 24 00 00 00 3e 14 0e                 - .$...>..
 145f  09 18 00 00 00 80 d7 30                 - .......0
 1467  1c 01 30 1c 5f 5f 6d 62                 - ..0.__mb
 146f  72 70 74 72 74 68 75 6e                 - rptrthun
 1477  6b 0a 11 10 fc 80 c5 74                 - k......t
 147f  68 69 73 08 32                          - his.2
 1484  4e 20 00 00 00 00                       DP      L183
 148a  0c 23 67 00 00 00 3a 00                 - .#g...:.
 1492  00 00 96 14 0c 23 5f 00                 - .....#_.
 149a  00 00 5c 00 00 00 a2 14                 - ..\.....
 14a2  0c 23 5f 00 00 00 5c 00                 - .#_...\.
 14aa  00 00 c2 14 14 26 00 00                 - .....&..
 14b2  3a 06 8e 10 fc 61 21                    - :....a!
 14b9  00 00 00 00 00 00                       DP      DGROUP:char unsigned near object::void near hiteffect( int, int, int )::.7::e[]
 14bf  68 01 66 1d 24 0a 00 00                 - h.f.$...
 14c7  00 bc 00 00 00 ae 14 0e                 - ........
 14cf  09 18 00 00 00 39 00 01                 - .....9..
 14d7  30 1c 65 66 66 65 63 74                 - 0.effect
 14df  0a 11 10 fc 80 c5 74 68                 - ......th
 14e7  69 73 06 11 10 f4 4b 74                 - is....Kt
 14ef  06 11 10 f8 0c 6e 0c 23                 - .....n.#
 14f7  ab 01 00 00 40 00 00 00                 - ....@...
 14ff  01 15 0c 23 ab 01 00 00                 - ...#....
 1507  40 00 00 00 0d 15 0c 23                 - @......#
 150f  78 01 00 00 cd 00 00 00                 - x.......
 1517  25 15 0c 11 21                          - %...!
 151c  00 00 00 00 00 00                       DP      char unsigned near object::void near hiteffect( int, int, int )::.7::e[]
 1522  80 d8 65 0c 23 78 01 00                 - ..e.#x..
 152a  00 cd 00 00 00 31 15 0c                 - .....1..
 1532  23 55 01 00 00 f0 00 00                 - #U......
 153a  00 3d 15 0c 23 55 01 00                 - .=..#U..
 1542  00 f0 00 00 00 5d 15 14                 - .....]..
 154a  26 00 00 3a 06 8e 10 f0                 - &..:....
 1552  61 21                                   - a!
 1554  00 00 00 00 00 00                       DP      DGROUP:char unsigned near object::void near hiteffect( int, int, int )::.7::e[]
 155a  68 01 66 26 24 d2 00 00                 - h.f&$...
 1562  00 7e 01 00 00 49 15 0b                 - .~...I..
 156a  06 0c 00 00 00 77 00 04                 - .....w..
 1572  30 1c 30 1f 30 1d 30 1e                 - 0.0.0.0.
 157a  68 69 74 65 66 66 65 63                 - hiteffec
 1582  74 0a 11 10 f0 80 c5 74                 - t......t
 158a  68 69 73 07 11 10 f4 0c                 - his.....
 1592  68 78 07 11 10 f8 0c 68                 - hx.....h
 159a  79 07 11 10 fc 0c 68 7a                 - y.....hz
 15a2  06 11 10 e8 4b 74 06 11                 - ....Kt..
 15aa  10 ec 0c 6e                             - ...n

No disassembly errors

------------------------------------------------------------

Segment: $$TYPES  BYTE USE16  0000154e bytes  
 0000  06 13 4e 15 00 00 06 11                 - ..N.....
 0008  65 6e 75 6d 07 11 75 6e                 - enum..un
 0010  69 6f 6e 08 11 73 74 72                 - ion..str
 0018  75 63 74 07 11 63 6c 61                 - uct..cla
 0020  73 73 0c 10 11 5f 5f 73                 - ss...__s
 0028  65 67 6d 65 6e 74 07 10                 - egment..
 0030  10 63 68 61 72 03 10 00                 - .char...
 0038  03 10 10 03 10 11 03 10                 - ........
 0040  01 03 10 11 06 10 03 69                 - .......i
 0048  6e 74 0f 10 13 75 6e 73                 - nt...uns
 0050  69 67 6e 65 64 20 69 6e                 - igned in
 0058  74 03 10 03 03 10 13 03                 - t.......
 0060  10 23 03 10 27 03 10 30                 - .#..'..0
 0068  03 46 12 04 72 13 00 03                 - .F..r...
 0070  46 14 08 60 03 00 0c 00                 - F..`....
 0078  00 00 0f 67 01 84 22 08                 - ...g..".
 0080  69 0d 5f 5f 69 6e 64 65                 - i.__inde
 0088  78 0f 67 01 84 22 04 69                 - x.g..".i
 0090  0d 5f 5f 64 65 6c 74 61                 - .__delta
 0098  09 67 01 6b 15 5f 5f 66                 - .g.k.__f
 00a0  6e 04 20 08 06 0b 12 00                 - n. .....
 00a8  17 64 65 66 6e 61 6d 65                 - .defname
 00b0  05 50 09 00 00 08 51 08                 - .P....Q.
 00b8  45 5f 44 49 52 0d 51 07                 - E_DIR.Q.
 00c0  45 5f 43 48 49 4c 44 50                 - E_CHILDP
 00c8  4f 53 0b 51 06 45 5f 52                 - OS.Q.E_R
 00d0  45 47 49 4f 4e 0a 51 05                 - EGION.Q.
 00d8  45 5f 42 4c 4f 4f 44 09                 - E_BLOOD.
 00e0  51 04 45 5f 47 4f 54 4f                 - Q.E_GOTO
 00e8  0e 51 03 45 5f 4e 45 57                 - .Q.E_NEW
 00f0  4f 42 4a 45 43 54 10 51                 - OBJECT.Q
 00f8  02 45 5f 4f 42 4a 45 43                 - .E_OBJEC
 0100  54 53 48 41 4b 45 10 51                 - TSHAKE.Q
 0108  01 45 5f 47 52 4f 55 4e                 - .E_GROUN
 0110  44 53 48 41 4b 45 0a 51                 - DSHAKE.Q
 0118  00 45 5f 53 4f 55 4e 44                 - .E_SOUND
 0120  09 12 01 19 45 54 59 50                 - ....ETYP
 0128  45 09 12 00 19 45 54 59                 - E....ETY
 0130  50 45 04 20 0d 08 0e 12                 - PE. ....
 0138  00 1c 47 52 49 50 5f 54                 - ..GRIP_T
 0140  48 55 4e 4b 03 46 0f 0e                 - HUNK.F..
 0148  12 00 1e 47 52 49 50 5f                 - ...GRIP_
 0150  42 55 46 5f 4c 03 46 0b                 - BUF_L.F.
 0158  0e 12 00 20 47 52 49 50                 - ... GRIP
 0160  5f 42 55 46 5f 53 03 46                 - _BUF_S.F
 0168  08 0e 12 00 22 47 52 49                 - ...."GRI
 0170  50 5f 42 55 46 5f 43 0c                 - P_BUF_C.
 0178  12 00 13 47 52 49 50 5f                 - ...GRIP_
 0180  42 55 46 03 46 06 0f 12                 - BUF.F...
 0188  00 25 47 52 49 50 5f 53                 - .%GRIP_S
 0190  54 52 49 4e 47 0d 12 00                 - TRING...
 0198  0b 47 52 49 50 5f 42 4f                 - .GRIP_BO
 01a0  4f 4c 11 12 00 0f 47 52                 - OL....GR
 01a8  49 50 5f 42 49 54 46 49                 - IP_BITFI
 01b0  45 4c 44 0e 12 00 0b 47                 - ELD....G
 01b8  52 49 50 5f 56 41 4c 55                 - RIP_VALU
 01c0  45 0e 12 00 08 47 52 49                 - E....GRI
 01c8  50 5f 49 4e 44 45 58 0e                 - P_INDEX.
 01d0  12 00 08 47 52 49 50 5f                 - ...GRIP_
 01d8  43 4c 41 53 53 0d 12 00                 - CLASS...
 01e0  08 47 52 49 50 5f 53 4c                 - .GRIP_SL
 01e8  4f 54 0a 12 00 0b 75 73                 - OT....us
 01f0  68 6f 72 74 09 12 00 08                 - hort....
 01f8  75 63 68 61 72 08 12 00                 - uchar...
 0200  08 62 79 74 65 04 72 12                 - .byte.r.
 0208  00 03 46 30 0c 12 00 31                 - ..F0...1
 0210  6f 6e 65 78 69 74 5f 74                 - onexit_t
 0218  0a 12 00 0d 73 69 7a 65                 - ....size
 0220  5f 74 0b 12 00 09 77 63                 - _t....wc
 0228  68 61 72 5f 74 05 50 09                 - har_t.P.
 0230  00 01 0b 52 00 08 49 4e                 - ...R..IN
 0238  54 52 5f 4f 46 0b 52 00                 - TR_OF.R.
 0240  04 49 4e 54 52 5f 44 46                 - .INTR_DF
 0248  0b 52 00 02 49 4e 54 52                 - .R..INTR
 0250  5f 49 46 0b 52 00 01 49                 - _IF.R..I
 0258  4e 54 52 5f 54 46 0b 52                 - NTR_TF.R
 0260  80 00 49 4e 54 52 5f 53                 - ..INTR_S
 0268  46 0a 51 40 49 4e 54 52                 - F.Q@INTR
 0270  5f 5a 46 0a 51 10 49 4e                 - _ZF.Q.IN
 0278  54 52 5f 41 46 0a 51 04                 - TR_AF.Q.
 0280  49 4e 54 52 5f 50 46 0a                 - INTR_PF.
 0288  51 01 49 4e 54 52 5f 43                 - Q.INTR_C
 0290  46 07 12 00 35 2e 23 30                 - F...5.#0
 0298  04 20 07 0c 04 20 03 0c                 - . ... ..
 02a0  04 72 12 00 0b 12 04 80                 - .r......
 02a8  c2 6f 62 6a 65 63 74 0a                 - .object.
 02b0  12 00 3a 6f 62 6a 65 63                 - ..:objec
 02b8  74 03 46 3b 04 20 0f 06                 - t.F;. ..
 02c0  04 20 00 06 08 60 05 00                 - . ...`..
 02c8  04 00 00 00 08 61 04 3e                 - .....a.>
 02d0  64 61 74 61 0f 61 03 06                 - data.a..
 02d8  74 72 61 6e 73 70 61 72                 - transpar
 02e0  65 6e 74 06 61 02 08 79                 - ent.a..y
 02e8  77 06 61 01 08 78 77 08                 - w.a..xw.
 02f0  61 00 06 74 79 70 65 07                 - a..type.
 02f8  12 03 3f 69 6d 67 07 12                 - ..?img..
 0300  00 40 69 6d 67 03 46 41                 - .@img.FA
 0308  03 46 42 03 46 18 04 20                 - .FB.F.. 
 0310  01 06 08 60 06 00 06 00                 - ...`....
 0318  00 00 09 61 04 0a 64 69                 - ...a..di
 0320  73 70 79 09 61 02 0a 64                 - spy.a..d
 0328  69 73 70 78 0f 64 01 04                 - ispx.d..
 0330  01 08 65 78 63 6c 75 73                 - ..exclus
 0338  69 76 65 0b 64 01 02 02                 - ive.d...
 0340  08 6c 61 79 65 72 0c 64                 - .layer.d
 0348  01 00 02 08 6f 72 69 65                 - ....orie
 0350  6e 74 09 61 00 2e 69 6e                 - nt.a..in
 0358  64 65 78 09 12 03 46 69                 - dex...Fi
 0360  6d 61 67 65 09 12 00 47                 - mage...G
 0368  69 6d 61 67 65 03 46 48                 - image.FH
 0370  04 72 49 00 03 46 2f 04                 - .rI..F/.
 0378  72 4b 00 08 60 0a 00 0e                 - rK..`...
 0380  00 00 00 16 67 02 21                    - ....g.!
 0387  00 00 00 00 00 00                       DP      char unsigned near * near frame::getextraptr()
 038d  4c 67 65 74 65 78 74 72                 - Lgetextr
 0395  61 70 74 72 14 67 02 21                 - aptr.g.!
 039d  00 00 00 00 00 00                       DP      image near * near frame::getimgptr()
 03a3  4a 67 65 74 69 6d 67 70                 - Jgetimgp
 03ab  74 72 0d 61 0d 06 6e 75                 - tr.a..nu
 03b3  6d 69 6d 61 67 65 73 0c                 - mimages.
 03bb  61 0b 45 72 65 73 65 72                 - a.Ereser
 03c3  76 65 64 0c 61 0a 06 6e                 - ved.a..n
 03cb  75 6d 65 78 74 72 61 06                 - umextra.
 03d3  61 08 0a 64 79 06 61 06                 - a..dy.a.
 03db  0a 64 7a 06 61 04 0a 64                 - .dz.a..d
 03e3  78 07 61 02 0b 64 75 72                 - x.a..dur
 03eb  08 61 00 0b 73 69 7a 65                 - .a..size
 03f3  09 12 03 4d 66 72 61 6d                 - ...Mfram
 03fb  65 09 12 00 4e 66 72 61                 - e...Nfra
 0403  6d 65 03 46 4f 08 60 03                 - me.FO.`.
 040b  00 06 00 00 00 05 61 04                 - ......a.
 0413  0a 79 05 61 02 0a 7a 05                 - .y.a..z.
 041b  61 00 0a 78 0a 12 03 51                 - a..x...Q
 0423  7a 70 6f 69 6e 74 0a 12                 - zpoint..
 042b  00 52 7a 70 6f 69 6e 74                 - .Rzpoint
 0433  04 20 00 2e 06 72 25 02                 - . ...r%.
 043b  25 0c 06 72 12 02 25 0c                 - %..r..%.
 0443  08 60 0d 00 29 00 00 00                 - .`..)...
 044b  16 67 02 21                             - .g.!
 044f  00 00 00 00 00 00                       DP      void near series::deletebytes( char near *, int )
 0455  56 64 65 6c 65 74 65 62                 - Vdeleteb
 045d  79 74 65 73 16 67 02 21                 - ytes.g.!
 0465  00 00 00 00 00 00                       DP      char near * near series::insertbytes( char near *, int )
 046b  55 69 6e 73 65 72 74 62                 - Uinsertb
 0473  79 74 65 73 08 61 19 3d                 - ytes.a.=
 047b  6e 61 6d 65 0a 61 17 0a                 - name.a..
 0483  65 6e 65 72 67 79 0c 61                 - energy.a
 048b  16 54 72 65 73 65 72 76                 - .Treserv
 0493  65 64 09 61 15 2e 63 66                 - ed.a..cf
 049b  75 6e 63 08 61 14 2e 6e                 - unc.a..n
 04a3  65 78 74 07 61 0e 53 70                 - ext.a.Sp
 04ab  6f 73 08 61 0a 0c 70 61                 - os.a..pa
 04b3  72 6d 06 61 09 2e 6e 66                 - rm.a..nf
 04bb  06 61 08 2e 63 66 08 61                 - .a..cf.a
 04c3  04 0c 73 69 7a 65 09 61                 - ..size.a
 04cb  00 50 66 69 72 73 74 0a                 - .Pfirst.
 04d3  12 03 57 73 65 72 69 65                 - ..Wserie
 04db  73 0a 12 00 58 73 65 72                 - s...Xser
 04e3  69 65 73 03 46 59 04 20                 - ies.FY. 
 04eb  00 07 08 60 02 00 04 00                 - ...`....
 04f3  00 00 0c 61 04 5b 73 6f                 - ...a.[so
 04fb  75 6e 64 70 74 72 0d 61                 - undptr.a
 0503  00 0f 73 6f 75 6e 64 73                 - ..sounds
 050b  69 7a 65 11 12 03 5c 5f                 - ize...\_
 0513  5f 32 36 6a 63 37 6b 53                 - _26jc7kS
 051b  4f 55 4e 44 09 12 00 5d                 - OUND...]
 0523  53 4f 55 4e 44 03 46 5e                 - SOUND.F^
 052b  03 46 5f 04 20 1f 06 04                 - .F_. ...
 0533  72 0c 00 08 60 20 00 9b                 - r...` ..
 053b  00 00 00 12 67 02 21                    - ....g.!
 0542  00 00 00 00 00 00                       DP      void near objectdef::SaveSDF()
 0548  39 53 61 76 65 53 44 46                 - 9SaveSDF
 0550  17 67 02 21                             - .g.!
 0554  00 00 00 00 00 00                       DP      void near objectdef::addnewseries()
 055a  39 61 64 64 6e 65 77 73                 - 9addnews
 0562  65 72 69 65 73 17 67 02                 - eries.g.
 056a  21                                      - !
 056b  00 00 00 00 00 00                       DP      int near objectdef::RequestSound()
 0571  62 52 65 71 75 65 73 74                 - bRequest
 0579  53 6f 75 6e 64 17 67 02                 - Sound.g.
 0581  21                                      - !
 0582  00 00 00 00 00 00                       DP      int near objectdef::RequestImage()
 0588  62 52 65 71 75 65 73 74                 - bRequest
 0590  49 6d 61 67 65 18 67 02                 - Image.g.
 0598  21                                      - !
 0599  00 00 00 00 00 00                       DP      int near objectdef::RequestSeries()
 059f  62 52 65 71 75 65 73 74                 - bRequest
 05a7  53 65 72 69 65 73 19 67                 - Series.g
 05af  02 21                                   - .!
 05b1  00 00 00 00 00 00                       DP      void near objectdef::SaveSeriesList()
 05b7  39 53 61 76 65 53 65 72                 - 9SaveSer
 05bf  69 65 73 4c 69 73 74 19                 - iesList.
 05c7  67 02 21                                - g.!
 05ca  00 00 00 00 00 00                       DP      int near objectdef::LoadSeriesList()
 05d0  62 4c 6f 61 64 53 65 72                 - bLoadSer
 05d8  69 65 73 4c 69 73 74 13                 - iesList.
 05e0  67 02 21                                - g.!
 05e3  00 00 00 00 00 00                       DP      void near objectdef::volumize()
 05e9  39 76 6f 6c 75 6d 69 7a                 - 9volumiz
 05f1  65 0f 67 02 21                          - e.g.!
 05f6  00 00 00 00 00 00                       DP      void near objectdef::Save()
 05fc  39 53 61 76 65 0f 67 02                 - 9Save.g.
 0604  21                                      - !
 0605  00 00 00 00 00 00                       DP      void near objectdef::Kill()
 060b  39 4b 69 6c 6c 12 67 02                 - 9Kill.g.
 0613  21                                      - !
 0614  00 00 00 00 00 00                       DP      void near objectdef::ReadVol()
 061a  39 52 65 61 64 56 6f 6c                 - 9ReadVol
 0622  0f 67 02 21                             - .g.!
 0626  00 00 00 00 00 00                       DP      void near objectdef::Read()
 062c  39 52 65 61 64 0b 61 7b                 - 9Read.a{
 0634  61 76 6f 6c 66 69 6c 65                 - avolfile
 063c  07 61 5b 61 64 69 72 07                 - .a[adir.
 0644  61 3b 61 73 64 66 07 61                 - a;asdf.a
 064c  37 0d 6d 65 6d 0c 61 33                 - 7.mem.a3
 0654  44 73 6e 64 6e 61 6d 65                 - Dsndname
 065c  73 0a 61 2f 60 73 6f 75                 - s.a/`sou
 0664  6e 64 73 0d 61 2b 0c 6e                 - nds.a+.n
 066c  75 6d 73 6f 75 6e 64 73                 - umsounds
 0674  05 61 27 50 66 06 61 23                 - .a'Pf.a#
 067c  5a 73 64 08 61 1f 0c 6e                 - Zsd.a..n
 0684  75 6d 73 0c 61 1b 44 69                 - ums.a.Di
 068c  6d 67 6e 61 6d 65 73 06                 - mgnames.
 0694  61 17 43 69 64 08 61 13                 - a.Cid.a.
 069c  0c 6e 75 6d 69 08 61 03                 - .numi.a.
 06a4  3d 6e 61 6d 65 08 61 02                 - =name.a.
 06ac  2e 6f 6e 75 6d 0c 61 01                 - .onum.a.
 06b4  06 72 65 66 63 6f 75 6e                 - .refcoun
 06bc  74 0a 64 00 03 02 08 74                 - t.d....t
 06c4  79 70 65 0b 64 00 02 01                 - ype.d...
 06cc  08 64 69 72 74 79 0e 64                 - .dirty.d
 06d4  00 01 01 08 72 65 61 64                 - ....read
 06dc  6f 6e 6c 79 0c 64 00 00                 - only.d..
 06e4  01 08 6c 6f 61 64 65 64                 - ..loaded
 06ec  0d 12 03 63 6f 62 6a 65                 - ...cobje
 06f4  63 74 64 65 66 0d 12 00                 - ctdef...
 06fc  64 6f 62 6a 65 63 74 64                 - dobjectd
 0704  65 66 03 46 65 0b 12 00                 - ef.Fe...
 070c  80 71 72 65 67 69 6f 6e                 - .qregion
 0714  03 46 67 03 46 68 08 60                 - .Fg.Fh.`
 071c  02 00 0c 00 00 00 06 61                 - .......a
 0724  06 53 70 32 06 61 00 53                 - .Sp2.a.S
 072c  70 31 09 12 03 6a 7a 72                 - p1...jzr
 0734  65 63 74 09 12 00 6b 7a                 - ect...kz
 073c  72 65 63 74 08 60 05 00                 - rect.`..
 0744  10 00 00 00 05 61 04 6c                 - .....a.l
 074c  72 0f 61 03 2e 61 66 74                 - r.a..aft
 0754  65 72 73 65 72 69 65 73                 - erseries
 075c  09 61 02 2e 72 66 75 6e                 - .a..rfun
 0764  63 09 61 01 2e 72 74 79                 - c.a..rty
 076c  70 65 09 61 00 2f 65 74                 - pe.a./et
 0774  79 70 65 0c 12 03 6d 65                 - ype...me
 077c  5f 72 65 67 69 6f 6e 0c                 - _region.
 0784  12 00 6e 65 5f 72 65 67                 - ..ne_reg
 078c  69 6f 6e 03 46 6f 0b 12                 - ion.Fo..
 0794  04 80 84 72 65 67 69 6f                 - ...regio
 079c  6e 03 48 71 06 72 72 02                 - n.Hq.rr.
 07a4  3c 70 06 72 68 02 70 3c                 - <p.rh.p<
 07ac  03 48 6c 05 72 0c 01 75                 - .Hl.r..u
 07b4  07 72 12 03 0c 0c 0c 08                 - .r......
 07bc  60 02 00 08 00 00 00 05                 - `.......
 07c4  61 04 0c 79 05 61 00 0c                 - a..y.a..
 07cc  78 0a 12 03 78 6c 70 6f                 - x...xlpo
 07d4  69 6e 74 0a 12 00 79 6c                 - int...yl
 07dc  70 6f 69 6e 74 04 20 ff                 - point. .
 07e4  16 08 60 14 00 34 00 00                 - ..`..4..
 07ec  00 13 67 02 21                          - ..g.!
 07f1  00 00 00 00 00 00                       DP      int near intersection::r_bounce()
 07f7  62 72 5f 62 6f 75 6e 63                 - br_bounc
 07ff  65 14 67 02 21                          - e.g.!
 0804  00 00 00 00 00 00                       DP      int near intersection::r_allvuln()
 080a  62 72 5f 61 6c 6c 76 75                 - br_allvu
 0812  6c 6e 16 67 02 21                       - ln.g.!
 0818  00 00 00 00 00 00                       DP      int near intersection::r_allattack()
 081e  62 72 5f 61 6c 6c 61 74                 - br_allat
 0826  74 61 63 6b 16 67 02 21                 - tack.g.!
 082e  00 00 00 00 00 00                       DP      int near intersection::r_enemyvuln()
 0834  62 72 5f 65 6e 65 6d 79                 - br_enemy
 083c  76 75 6c 6e 18 67 02 21                 - vuln.g.!
 0844  00 00 00 00 00 00                       DP      int near intersection::r_enemyattack()
 084a  62 72 5f 65 6e 65 6d 79                 - br_enemy
 0852  61 74 74 61 63 6b 15 67                 - attack.g
 085a  02 21                                   - .!
 085c  00 00 00 00 00 00                       DP      int near intersection::r_mainvuln()
 0862  62 72 5f 6d 61 69 6e 76                 - br_mainv
 086a  75 6c 6e 17 67 02 21                    - uln.g.!
 0871  00 00 00 00 00 00                       DP      int near intersection::r_mainattack()
 0877  62 72 5f 6d 61 69 6e 61                 - br_maina
 087f  74 74 61 63 6b 12 67 02                 - ttack.g.
 0887  21                                      - !
 0888  00 00 00 00 00 00                       DP      int near intersection::r_fixed()
 088e  62 72 5f 66 69 78 65 64                 - br_fixed
 0896  12 67 02 21                             - .g.!
 089a  00 00 00 00 00 00                       DP      int near intersection::r_solid()
 08a0  62 72 5f 73 6f 6c 69 64                 - br_solid
 08a8  11 67 02 21                             - .g.!
 08ac  00 00 00 00 00 00                       DP      int near intersection::r_push()
 08b2  62 72 5f 70 75 73 68 11                 - br_push.
 08ba  67 02 21                                - g.!
 08bd  00 00 00 00 00 00                       DP      int near intersection::r_none()
 08c3  62 72 5f 6e 6f 6e 65 14                 - br_none.
 08cb  67 02 21                                - g.!
 08ce  00 00 00 00 00 00                       DP      int (near intersection::* near intersection::rfunclist[])()
 08d4  7b 72 66 75 6e 63 6c 69                 - {rfuncli
 08dc  73 74 0a 61 30 0c 72 65                 - st.a0.re
 08e4  73 75 6c 74 05 61 28 7a                 - sult.a(z
 08ec  70 06 61 24 70 62 72 09                 - p.a$pbr.
 08f4  61 18 6c 62 72 65 63 74                 - a.lbrect
 08fc  05 61 14 3c 62 06 61 10                 - .a.<b.a.
 0904  70 61 72 09 61 04 6c 61                 - par.a.la
 090c  72 65 63 74 05 61 00 3c                 - rect.a.<
 0914  61 10 12 03 7c 69 6e 74                 - a...|int
 091c  65 72 73 65 63 74 69 6f                 - ersectio
 0924  6e 10 12 00 7d 69 6e 74                 - n...}int
 092c  65 72 73 65 63 74 69 6f                 - ersectio
 0934  6e 03 46 7e 06 72 12 02                 - n.F~.r..
 093c  68 7f 03 48 71 03 48 71                 - h..Hq.Hq
 0944  07 72 80 81 01 80 82 08                 - .r......
 094c  60 15 00 29 00 00 00 12                 - `..)....
 0954  67 02 21                                - g.!
 0957  00 00 00 00 00 00                       DP      near region::region( region const near & )
 095d  80 83 72 65 67 69 6f 6e                 - ..region
 0965  17 67 02 21                             - .g.!
 0969  00 00 00 00 00 00                       DP      void near region::setplatform( region near *, intersection near * )
 096f  80 80 73 65 74 70 6c 61                 - ..setpla
 0977  74 66 6f 72 6d 1b 67 02                 - tform.g.
 097f  21                                      - !
 0980  00 00 00 00 00 00                       DP      void near region::moveaboveobjects( int, int, int )
 0986  77 6d 6f 76 65 61 62 6f                 - wmoveabo
 098e  76 65 6f 62 6a 65 63 74                 - veobject
 0996  73 1d 67 02 21                          - s.g.!
 099b  00 00 00 00 00 00                       DP      void near region::updateaboveobjects()
 09a1  39 75 70 64 61 74 65 61                 - 9updatea
 09a9  62 6f 76 65 6f 62 6a 65                 - boveobje
 09b1  63 74 73 16 67 02 21                    - cts.g.!
 09b8  00 00 00 00 00 00                       DP      void near region::checkimperm()
 09be  39 63 68 65 63 6b 69 6d                 - 9checkim
 09c6  70 65 72 6d 16 67 02 21                 - perm.g.!
 09ce  00 00 00 00 00 00                       DP      void near region::checkattack()
 09d4  39 63 68 65 63 6b 61 74                 - 9checkat
 09dc  74 61 63 6b 17 67 02 21                 - tack.g.!
 09e4  00 00 00 00 00 00                       DP      int near region::getabsregion( zrect near & )
 09ea  76 67 65 74 61 62 73 72                 - vgetabsr
 09f2  65 67 69 6f 6e 11 67 02                 - egion.g.
 09fa  21                                      - !
 09fb  00 00 00 00 00 00                       DP      region near * near region::update( e_region near *, object near * )
 0a01  74 75 70 64 61 74 65 12                 - tupdate.
 0a09  67 02 21                                - g.!
 0a0c  00 00 00 00 00 00                       DP      near region::~region()
 0a12  14 7e 72 65 67 69 6f 6e                 - .~region
 0a1a  11 67 02 21                             - .g.!
 0a1e  00 00 00 00 00 00                       DP      near region::region( object near *, e_region near * )
 0a24  73 72 65 67 69 6f 6e 09                 - sregion.
 0a2c  61 25 0c 77 69 64 74 68                 - a%.width
 0a34  0b 61 21 0c 70 6c 61 74                 - .a!.plat
 0a3c  6e 75 6d 0d 61 1d 0c 70                 - num.a..p
 0a44  6c 61 74 77 69 64 74 68                 - latwidth
 0a4c  0d 61 19 0c 70 6c 61 74                 - .a..plat
 0a54  66 6f 72 6d 79 0c 61 15                 - formy.a.
 0a5c  68 70 6c 61 74 66 6f 72                 - hplatfor
 0a64  6d 0d 61 14 2e 69 6e 74                 - m.a..int
 0a6c  65 72 73 65 63 74 05 61                 - ersect.a
 0a74  10 70 72 05 61 0c 3c 6f                 - .pr.a.<o
 0a7c  08 61 08 69 6c 69 73 74                 - .a.ilist
 0a84  08 61 04 68 6e 65 78 74                 - .a.hnext
 0a8c  08 61 00 68 70 72 65 76                 - .a.hprev
 0a94  03 46 67 05 20 02 80 85                 - .Fg. ...
 0a9c  03 46 3a 04 20 ff 16 05                 - .F:. ...
 0aa4  72 12 01 06 04 72 0d 00                 - r....r..
 0aac  05 72 12 01 3c 08 60 19                 - .r..<.`.
 0ab4  00 26 00 00 00 0f 67 08                 - .&....g.
 0abc  21                                      - !
 0abd  00 00 00 00 00 00                       DP      void near input::none()
 0ac3  39 6e 6f 6e 65 0e 67 08                 - 9none.g.
 0acb  21                                      - !
 0acc  00 00 00 00 00 00                       DP      void near input::key()
 0ad2  39 6b 65 79 0f 67 08 21                 - 9key.g.!
 0ada  00 00 00 00 00 00                       DP      void near input::grip()
 0ae0  39 67 72 69 70 11 67 08                 - 9grip.g.
 0ae8  21                                      - !
 0ae9  00 00 00 00 00 00                       DP      void near input::gravis()
 0aef  39 67 72 61 76 69 73 12                 - 9gravis.
 0af7  67 08 21                                - g.!
 0afa  00 00 00 00 00 00                       DP      void near input::analog2()
 0b00  39 61 6e 61 6c 6f 67 32                 - 9analog2
 0b08  12 67 08 21                             - .g.!
 0b0c  00 00 00 00 00 00                       DP      void near input::analog1()
 0b12  39 61 6e 61 6c 6f 67 31                 - 9analog1
 0b1a  11 67 02 21                             - .g.!
 0b1e  00 00 00 00 00 00                       DP      void near input::unbind()
 0b24  39 75 6e 62 69 6e 64 10                 - 9unbind.
 0b2c  67 02 21                                - g.!
 0b2f  00 00 00 00 00 00                       DP      void near input::bind( object near * )
 0b35  80 8b 62 69 6e 64 13 67                 - ..bind.g
 0b3d  02 21                                   - .!
 0b3f  00 00 00 00 00 00                       DP      int unsigned near input::getstat()
 0b45  80 8a 67 65 74 73 74 61                 - ..getsta
 0b4d  74 10 67 02 21                          - t.g.!
 0b52  00 00 00 00 00 00                       DP      void near input::reset()
 0b58  39 72 65 73 65 74 0f 67                 - 9reset.g
 0b60  02 21                                   - .!
 0b62  00 00 00 00 00 00                       DP      void near input::read()
 0b68  39 72 65 61 64 11 67 02                 - 9read.g.
 0b70  21                                      - !
 0b71  00 00 00 00 00 00                       DP      void near input::deinit()
 0b77  39 64 65 69 6e 69 74 10                 - 9deinit.
 0b7f  67 02 21                                - g.!
 0b82  00 00 00 00 00 00                       DP      void near input::init( char )
 0b88  80 89 69 6e 69 74 12 67                 - ..init.g
 0b90  08 21                                   - .!
 0b92  00 00 00 00 00 00                       DP      void (near input::* near input::idfunc[])()
 0b98  80 88 69 64 66 75 6e 63                 - ..idfunc
 0ba0  0e 67 08 84 22 15 69 2c                 - .g..".i,
 0ba8  67 72 73 6c 6f 74 09 67                 - grslot.g
 0bb0  08 84 22 11 69 0c 64 09                 - ..".i.d.
 0bb8  67 08 84 22 0d 69 0c 75                 - g..".i.u
 0bc0  09 67 08 84 22 09 69 0c                 - .g..".i.
 0bc8  72 09 67 08 84 22 05 69                 - r.g..".i
 0bd0  0c 6c 0f 67 08 84 22 01                 - .l.g..".
 0bd8  69 0d 6b 65 79 73 74 61                 - i.keysta
 0be0  74 09 67 08 6b 06 74 79                 - t.g.k.ty
 0be8  70 65 06 61 22 80 87 6f                 - pe.a"..o
 0bf0  07 61 1e 0d 62 75 74 08                 - .a..but.
 0bf8  61 1a 0d 73 74 61 74 0b                 - a..stat.
 0c00  61 16 0d 6f 6c 64 73 74                 - a..oldst
 0c08  61 74 0a 12 04 80 8c 69                 - at.....i
 0c10  6e 70 75 74 0a 12 00 80                 - nput....
 0c18  8d 69 6e 70 75 74 04 46                 - .input.F
 0c20  80 8e 04 20 07 16 04 20                 - ... ... 
 0c28  0d 16 03 46 39 04 46 80                 - ...F9.F.
 0c30  92 03 48 3a 0c 72 80 94                 - ..H:.r..
 0c38  07 66 0c 0c 0c 0c 0c 3c                 - .f.....<
 0c40  04 72 13 00 05 72 0c 01                 - .r...r..
 0c48  0c 05 72 0c 01 25 05 72                 - ..r..%.r
 0c50  12 01 0c 03 48 6c 07 72                 - ....Hl.r
 0c58  0c 02 0c 80 9a 08 60 02                 - ......`.
 0c60  00 02 00 00 00 09 61 01                 - ......a.
 0c68  2f 73 6f 75 6e 64 09 61                 - /sound.a
 0c70  00 2f 65 74 79 70 65 0c                 - ./etype.
 0c78  12 03 80 9c 65 5f 73 6f                 - ....e_so
 0c80  75 6e 64 0c 12 00 80 9d                 - und.....
 0c88  65 5f 73 6f 75 6e 64 04                 - e_sound.
 0c90  46 80 9e 06 72 0c 01 80                 - F...r...
 0c98  9f 08 60 02 00 02 00 00                 - ..`.....
 0ca0  00 0d 61 01 2f 69 6e 74                 - ..a./int
 0ca8  65 6e 73 69 74 79 09 61                 - ensity.a
 0cb0  00 2f 65 74 79 70 65 0c                 - ./etype.
 0cb8  12 03 80 a1 65 5f 73 68                 - ....e_sh
 0cc0  61 6b 65 0c 12 00 80 a2                 - ake.....
 0cc8  65 5f 73 68 61 6b 65 04                 - e_shake.
 0cd0  46 80 a3 06 72 0c 01 80                 - F...r...
 0cd8  a4 08 60 02 00 02 00 00                 - ..`.....
 0ce0  00 05 61 01 2e 73 09 61                 - ..a..s.a
 0ce8  00 2f 65 74 79 70 65 0b                 - ./etype.
 0cf0  12 03 80 a6 65 5f 67 6f                 - ....e_go
 0cf8  74 6f 0b 12 00 80 a7 65                 - to.....e
 0d00  5f 67 6f 74 6f 04 46 80                 - _goto.F.
 0d08  a8 06 72 0c 01 80 a9 08                 - ..r.....
 0d10  60 04 00 06 00 00 00 05                 - `.......
 0d18  61 04 0a 79 05 61 03 2e                 - a..y.a..
 0d20  64 05 61 02 07 7a 05 61                 - d.a..z.a
 0d28  00 0a 78 0c 12 03 80 ab                 - ..x.....
 0d30  7a 64 70 6f 69 6e 74 0c                 - zdpoint.
 0d38  12 00 80 ac 7a 64 70 6f                 - ....zdpo
 0d40  69 6e 74 08 60 03 00 08                 - int.`...
 0d48  00 00 00 08 61 02 80 ad                 - ....a...
 0d50  70 6f 73 0d 61 01 2e 62                 - pos.a..b
 0d58  6c 6f 6f 64 74 79 70 65                 - loodtype
 0d60  09 61 00 2f 65 74 79 70                 - .a./etyp
 0d68  65 0c 12 03 80 ae 65 5f                 - e.....e_
 0d70  62 6c 6f 6f 64 0c 12 00                 - blood...
 0d78  80 af 65 5f 62 6c 6f 6f                 - ..e_bloo
 0d80  64 04 46 80 b0 06 72 0c                 - d.F...r.
 0d88  01 80 b1 08 60 04 00 09                 - ....`...
 0d90  00 00 00 05 61 08 2e 73                 - ....a..s
 0d98  08 61 02 80 ad 70 6f 73                 - .a...pos
 0da0  08 61 01 2e 6f 6e 75 6d                 - .a..onum
 0da8  09 61 00 2f 65 74 79 70                 - .a./etyp
 0db0  65 10 12 03 80 b3 65 5f                 - e.....e_
 0db8  6e 65 77 6f 62 6a 65 63                 - newobjec
 0dc0  74 10 12 00 80 b4 65 5f                 - t.....e_
 0dc8  6e 65 77 6f 62 6a 65 63                 - newobjec
 0dd0  74 04 46 80 b5 06 72 0c                 - t.F...r.
 0dd8  01 80 b6 05 72 0c 01 70                 - ....r..p
 0de0  08 60 02 00 02 00 00 00                 - .`......
 0de8  05 61 01 2f 64 09 61 00                 - .a./d.a.
 0df0  2f 65 74 79 70 65 0a 12                 - /etype..
 0df8  03 80 b9 65 5f 64 69 72                 - ...e_dir
 0e00  0a 12 00 80 ba 65 5f 64                 - .....e_d
 0e08  69 72 04 46 80 bb 06 72                 - ir.F...r
 0e10  0c 01 80 bc 04 72 12 00                 - .....r..
 0e18  03 48 3a 03 48 3a 07 72                 - .H:.H:.r
 0e20  80 bf 01 80 c0 08 60 64                 - ......`d
 0e28  00 68 00 00 00 12 67 02                 - .h....g.
 0e30  21                                      - !
 0e31  00 00 00 00 00 00                       DP      near object::object( object const near & )
 0e37  80 c1 6f 62 6a 65 63 74                 - ..object
 0e3f  15 67 02 21                             - .g.!
 0e43  00 00 00 00 00 00                       DP      int near object::enemy_jet( int )
 0e49  80 97 65 6e 65 6d 79 5f                 - ..enemy_
 0e51  6a 65 74 18 67 02 21                    - jet.g.!
 0e58  00 00 00 00 00 00                       DP      int near object::enemy_boomer( int )
 0e5e  80 97 65 6e 65 6d 79 5f                 - ..enemy_
 0e66  62 6f 6f 6d 65 72 18 67                 - boomer.g
 0e6e  02 21                                   - .!
 0e70  00 00 00 00 00 00                       DP      int near object::enemy_sniper( int )
 0e76  80 97 65 6e 65 6d 79 5f                 - ..enemy_
 0e7e  73 6e 69 70 65 72 15 67                 - sniper.g
 0e86  02 21                                   - .!
 0e88  00 00 00 00 00 00                       DP      int near object::enemy_pig( int )
 0e8e  80 97 65 6e 65 6d 79 5f                 - ..enemy_
 0e96  70 69 67 16 67 02 21                    - pig.g.!
 0e9d  00 00 00 00 00 00                       DP      int near object::main_climb( int )
 0ea3  80 97 6d 61 69 6e 5f 63                 - ..main_c
 0eab  6c 69 6d 62 15 67 02 21                 - limb.g.!
 0eb3  00 00 00 00 00 00                       DP      int near object::randomdur( int )
 0eb9  80 97 72 61 6e 64 6f 6d                 - ..random
 0ec1  64 75 72 15 67 02 21                    - dur.g.!
 0ec8  00 00 00 00 00 00                       DP      int near object::main_hang( int )
 0ece  80 97 6d 61 69 6e 5f 68                 - ..main_h
 0ed6  61 6e 67 12 67 02 21                    - ang.g.!
 0edd  00 00 00 00 00 00                       DP      int near object::bullet( int )
 0ee3  80 97 62 75 6c 6c 65 74                 - ..bullet
 0eeb  19 67 02 21                             - .g.!
 0eef  00 00 00 00 00 00                       DP      int near object::main_walkfire( int )
 0ef5  80 97 6d 61 69 6e 5f 77                 - ..main_w
 0efd  61 6c 6b 66 69 72 65 15                 - alkfire.
 0f05  67 02 21                                - g.!
 0f08  00 00 00 00 00 00                       DP      int near object::main_duck( int )
 0f0e  80 97 6d 61 69 6e 5f 64                 - ..main_d
 0f16  75 63 6b 15 67 02 21                    - uck.g.!
 0f1d  00 00 00 00 00 00                       DP      int near object::main_jump( int )
 0f23  80 97 6d 61 69 6e 5f 6a                 - ..main_j
 0f2b  75 6d 70 15 67 02 21                    - ump.g.!
 0f32  00 00 00 00 00 00                       DP      int near object::main_walk( int )
 0f38  80 97 6d 61 69 6e 5f 77                 - ..main_w
 0f40  61 6c 6b 17 67 02 21                    - alk.g.!
 0f47  00 00 00 00 00 00                       DP      int near object::main_stance( int )
 0f4d  80 97 6d 61 69 6e 5f 73                 - ..main_s
 0f55  74 61 6e 63 65 10 67 02                 - tance.g.
 0f5d  21                                      - !
 0f5e  00 00 00 00 00 00                       DP      int near object::none( int )
 0f64  80 97 6e 6f 6e 65 20 67                 - ..none g
 0f6c  02 93 22 64 69 61 22 0c                 - .."dia".
 0f74  69 61 21                                - ia!
 0f77  00 00 00 00 00 00                       DP      int (near * near object::__mbrptrthunk())( int )
 0f7d  68 01 66 80 be 6d 61 69                 - h.f..mai
 0f85  6e 65 64 69 74 23 67 02                 - nedit#g.
 0f8d  93 22 64 69 61 22 08 69                 - ."dia".i
 0f95  61 21                                   - a!
 0f97  00 00 00 00 00 00                       DP      int (near * near object::__mbrptrthunk())( int )
 0f9d  68 01 66 80 be 64 72 61                 - h.f..dra
 0fa5  77 62 75 74 74 6f 6e 73                 - wbuttons
 0fad  16 67 02 21                             - .g.!
 0fb1  00 00 00 00 00 00                       DP      void near object::DrawRegions()
 0fb7  39 44 72 61 77 52 65 67                 - 9DrawReg
 0fbf  69 6f 6e 73 14 67 02 21                 - ions.g.!
 0fc7  00 00 00 00 00 00                       DP      void near object::resetfptr()
 0fcd  39 72 65 73 65 74 66 70                 - 9resetfp
 0fd5  74 72 1a 67 02 21                       - tr.g.!
 0fdb  00 00 00 00 00 00                       DP      image near * near object::CheckImageBound()
 0fe1  4a 43 68 65 63 6b 49 6d                 - JCheckIm
 0fe9  61 67 65 42 6f 75 6e 64                 - ageBound
 0ff1  14 67 02 21                             - .g.!
 0ff5  00 00 00 00 00 00                       DP      void near object::AddExtra( int )
 0ffb  80 99 41 64 64 45 78 74                 - ..AddExt
 1003  72 61 1b 67 02 21                       - ra.g.!
 1009  00 00 00 00 00 00                       DP      void near object::DrawExtraXShadow()
 100f  39 44 72 61 77 45 78 74                 - 9DrawExt
 1017  72 61 58 53 68 61 64 6f                 - raXShado
 101f  77 15 67 02 21                          - w.g.!
 1024  00 00 00 00 00 00                       DP      void near object::DrawExtraX()
 102a  39 44 72 61 77 45 78 74                 - 9DrawExt
 1032  72 61 58 14 67 02 21                    - raX.g.!
 1039  00 00 00 00 00 00                       DP      void near object::DrawExtra()
 103f  39 44 72 61 77 45 78 74                 - 9DrawExt
 1047  72 61 15 67 02 21                       - ra.g.!
 104d  00 00 00 00 00 00                       DP      void near object::DrawSeries()
 1053  39 44 72 61 77 53 65 72                 - 9DrawSer
 105b  69 65 73 22 67 02 93 22                 - ies"g.."
 1063  64 69 61 22 04 69 61 21                 - dia".ia!
 106b  00 00 00 00 00 00                       DP      int (near * near object::__mbrptrthunk())( int )
 1071  68 01 66 80 be 44 72 61                 - h.f..Dra
 1079  77 53 74 61 74 75 73 14                 - wStatus.
 1081  67 02 21                                - g.!
 1084  00 00 00 00 00 00                       DP      int near object::E_DIR_do( e_dir near * )
 108a  80 bd 45 5f 44 49 52 5f                 - ..E_DIR_
 1092  64 6f 17 67 02 21                       - do.g.!
 1098  00 00 00 00 00 00                       DP      int near object::E_REGION_do( e_region near * )
 109e  80 b8 45 5f 52 45 47 49                 - ..E_REGI
 10a6  4f 4e 5f 64 6f 1a 67 02                 - ON_do.g.
 10ae  21                                      - !
 10af  00 00 00 00 00 00                       DP      int near object::E_NEWOBJECT_do( e_newobject near * )
 10b5  80 b7 45 5f 4e 45 57 4f                 - ..E_NEWO
 10bd  42 4a 45 43 54 5f 64 6f                 - BJECT_do
 10c5  16 67 02 21                             - .g.!
 10c9  00 00 00 00 00 00                       DP      int near object::E_BLOOD_do( e_blood near * )
 10cf  80 b2 45 5f 42 4c 4f 4f                 - ..E_BLOO
 10d7  44 5f 64 6f 15 67 02 21                 - D_do.g.!
 10df  00 00 00 00 00 00                       DP      int near object::E_GOTO_do( e_goto near * )
 10e5  80 aa 45 5f 47 4f 54 4f                 - ..E_GOTO
 10ed  5f 64 6f 1c 67 02 21                    - _do.g.!
 10f4  00 00 00 00 00 00                       DP      int near object::E_OBJECTSHAKE_do( e_shake near * )
 10fa  80 a5 45 5f 4f 42 4a 45                 - ..E_OBJE
 1102  43 54 53 48 41 4b 45 5f                 - CTSHAKE_
 110a  64 6f 1c 67 02 21                       - do.g.!
 1110  00 00 00 00 00 00                       DP      int near object::E_GROUNDSHAKE_do( e_shake near * )
 1116  80 a5 45 5f 47 52 4f 55                 - ..E_GROU
 111e  4e 44 53 48 41 4b 45 5f                 - NDSHAKE_
 1126  64 6f 16 67 02 21                       - do.g.!
 112c  00 00 00 00 00 00                       DP      int near object::E_SOUND_do( e_sound near * )
 1132  80 a0 45 5f 53 4f 55 4e                 - ..E_SOUN
 113a  44 5f 64 6f 16 67 02 21                 - D_do.g.!
 1142  00 00 00 00 00 00                       DP      int near object::loseenergy( int )
 1148  80 97 6c 6f 73 65 65 6e                 - ..loseen
 1150  65 72 67 79 16 67 02 21                 - ergy.g.!
 1158  00 00 00 00 00 00                       DP      void near object::checkimperm()
 115e  39 63 68 65 63 6b 69 6d                 - 9checkim
 1166  70 65 72 6d 16 67 02 21                 - perm.g.!
 116e  00 00 00 00 00 00                       DP      void near object::checkattack()
 1174  39 63 68 65 63 6b 61 74                 - 9checkat
 117c  74 61 63 6b 15 67 02 21                 - tack.g.!
 1184  00 00 00 00 00 00                       DP      int near object::getregion( int, zrect near & )
 118a  80 9b 67 65 74 72 65 67                 - ..getreg
 1192  69 6f 6e 15 67 02 21                    - ion.g.!
 1199  00 00 00 00 00 00                       DP      void near object::resumejump()
 119f  39 72 65 73 75 6d 65 6a                 - 9resumej
 11a7  75 6d 70 1b 67 02 21                    - ump.g.!
 11ae  00 00 00 00 00 00                       DP      int near object::startjumpseries( int )
 11b4  80 97 73 74 61 72 74 6a                 - ..startj
 11bc  75 6d 70 73 65 72 69 65                 - umpserie
 11c4  73 11 67 02 21                          - s.g.!
 11c9  00 00 00 00 00 00                       DP      void near object::resort()
 11cf  39 72 65 73 6f 72 74 15                 - 9resort.
 11d7  67 02 21                                - g.!
 11da  00 00 00 00 00 00                       DP      int near object::hitground( int )
 11e0  80 97 68 69 74 67 72 6f                 - ..hitgro
 11e8  75 6e 64 12 67 02 21                    - und.g.!
 11ef  00 00 00 00 00 00                       DP      void near object::moveabs( int, int, int )
 11f5  77 6d 6f 76 65 61 62 73                 - wmoveabs
 11fd  0f 67 02 21                             - .g.!
 1201  00 00 00 00 00 00                       DP      void near object::move( int, int, int )
 1207  77 6d 6f 76 65 14 67 02                 - wmove.g.
 120f  21                                      - !
 1210  00 00 00 00 00 00                       DP      void near object::hiteffect( int, int, int )
 1216  77 68 69 74 65 66 66 65                 - whiteffe
 121e  63 74 11 67 02 21                       - ct.g.!
 1224  00 00 00 00 00 00                       DP      void near object::effect()
 122a  39 65 66 66 65 63 74 17                 - 9effect.
 1232  67 02 21                                - g.!
 1235  00 00 00 00 00 00                       DP      int near object::advanceframe()
 123b  62 61 64 76 61 6e 63 65                 - badvance
 1243  66 72 61 6d 65 0f 67 02                 - frame.g.
 124b  21                                      - !
 124c  00 00 00 00 00 00                       DP      void near object::tick()
 1252  39 74 69 63 6b 11 67 02                 - 9tick.g.
 125a  21                                      - !
 125b  00 00 00 00 00 00                       DP      void near object::sound( int )
 1261  80 99 73 6f 75 6e 64 0f                 - ..sound.
 1269  67 02 21                                - g.!
 126c  00 00 00 00 00 00                       DP      void near object::kill()
 1272  39 6b 69 6c 6c 0f 67 02                 - 9kill.g.
 127a  21                                      - !
 127b  00 00 00 00 00 00                       DP      void near object::stop()
 1281  39 73 74 6f 70 14 67 02                 - 9stop.g.
 1289  21                                      - !
 128a  00 00 00 00 00 00                       DP      void near object::activate( int )
 1290  80 99 61 63 74 69 76 61                 - ..activa
 1298  74 65 16 67 02 21                       - te.g.!
 129e  00 00 00 00 00 00                       DP      void near object::playlooped( int )
 12a4  80 99 70 6c 61 79 6c 6f                 - ..playlo
 12ac  6f 70 65 64 10 67 02 21                 - oped.g.!
 12b4  00 00 00 00 00 00                       DP      void near object::play( int )
 12ba  80 99 70 6c 61 79 12 67                 - ..play.g
 12c2  02 21                                   - .!
 12c4  00 00 00 00 00 00                       DP      void near object::drawmap()
 12ca  39 64 72 61 77 6d 61 70                 - 9drawmap
 12d2  0f 67 02 21                             - .g.!
 12d6  00 00 00 00 00 00                       DP      void near object::draw()
 12dc  39 64 72 61 77 16 67 02                 - 9draw.g.
 12e4  21                                      - !
 12e5  00 00 00 00 00 00                       DP      int near object::findseries( char near * )
 12eb  80 98 66 69 6e 64 73 65                 - ..findse
 12f3  72 69 65 73 17 67 02 21                 - ries.g.!
 12fb  00 00 00 00 00 00                       DP      int near object::startseries( char near * )
 1301  80 98 73 74 61 72 74 73                 - ..starts
 1309  65 72 69 65 73 17 67 02                 - eries.g.
 1311  21                                      - !
 1312  00 00 00 00 00 00                       DP      int near object::startseries( int )
 1318  80 97 73 74 61 72 74 73                 - ..starts
 1320  65 72 69 65 73 1f 67 02                 - eries.g.
 1328  93 22 64 69 61 22 00 69                 - ."dia".i
 1330  61 21                                   - a!
 1332  00 00 00 00 00 00                       DP      int (near * near object::__mbrptrthunk())( int )
 1338  68 01 66 80 96 7e 6f 62                 - h.f..~ob
 1340  6a 65 63 74 12 67 02 21                 - ject.g.!
 1348  00 00 00 00 00 00                       DP      near object::object( objectdef near *, int, int, int, int, int, object near * )
 134e  80 95 6f 62 6a 65 63 74                 - ..object
 1356  10 67 01 84 22 64 69 80                 - .g.."di.
 135e  93 5f 5f 76 66 70 74 72                 - .__vfptr
 1366  15 67 02 21                             - .g.!
 136a  00 00 00 00 00 00                       DP      int (near object::* near object::cfunclist[])( int )
 1370  80 91 63 66 75 6e 63 6c                 - ..cfuncl
 1378  69 73 74 13 67 02 21                    - ist.g.!
 137f  00 00 00 00 00 00                       DP      int (near object::* near object::extrado[])( char unsigned near * )
 1385  80 90 65 78 74 72 61 64                 - ..extrad
 138d  6f 0c 61 63 2e 6f 6c 64                 - o.ac.old
 1395  63 73 6e 75 6d 0d 61 62                 - csnum.ab
 139d  2e 6a 75 6d 70 63 73 6e                 - .jumpcsn
 13a5  75 6d 0a 61 61 2e 6a 75                 - um.aa.ju
 13ad  6d 70 6e 66 0a 61 60 2e                 - mpnf.a`.
 13b5  6a 75 6d 70 63 66 0b 61                 - jumpcf.a
 13bd  5c 0c 6a 75 6d 70 64 75                 - \.jumpdu
 13c5  72 0b 61 58 50 6a 75 6d                 - r.aXPjum
 13cd  70 70 74 72 07 61 54 80                 - pptr.aT.
 13d5  8f 69 6e 0c 61 53 2e 73                 - .in.aS.s
 13dd  68 61 6b 65 64 75 72 0a                 - hakedur.
 13e5  61 51 0a 65 6e 65 72 67                 - aQ.energ
 13ed  79 0f 61 45 16 63 6f 6e                 - y.aE.con
 13f5  74 72 6f 6c 66 75 6e 63                 - trolfunc
 13fd  06 61 41 5a 63 73 09 61                 - .aAZcs.a
 1405  40 2e 63 73 6e 75 6d 0d                 - @.csnum.
 140d  61 3f 2e 69 6e 74 65 72                 - a?.inter
 1415  73 65 63 74 09 61 3e 2e                 - sect.a>.
 141d  6c 61 79 65 72 11 64 3d                 - layer.d=
 1425  01 01 08 6c 61 73 74 66                 - ...lastf
 142d  6f 72 65 76 65 72 0c 64                 - orever.d
 1435  3d 00 01 08 6b 69 6c 6c                 - =...kill
 143d  6d 65 10 64 3c 07 01 08                 - me.d<...
 1445  70 6c 61 79 72 65 70 65                 - playrepe
 144d  61 74 0d 64 3c 06 01 08                 - at.d<...
 1455  70 6c 61 79 69 6e 67 0c                 - playing.
 145d  64 3c 05 01 08 61 63 74                 - d<...act
 1465  69 76 65 0d 64 3c 00 05                 - ive.d<..
 146d  08 75 70 64 61 74 65 64                 - .updated
 1475  05 61 3b 06 64 05 61 37                 - .a;.d.a7
 147d  0c 7a 05 61 33 0c 79 05                 - .z.a3.y.
 1485  61 2f 0c 78 06 61 23 80                 - a/.x.a#.
 148d  86 72 06 61 22 2e 6e 66                 - .r.a".nf
 1495  06 61 21 2e 63 66 07 61                 - .a!.cf.a
 149d  1d 0c 64 75 72 08 61 19                 - ..dur.a.
 14a5  50 66 70 74 72 06 61 15                 - Pfptr.a.
 14ad  66 6f 64 08 61 14 2e 6f                 - fod.a..o
 14b5  6e 75 6d 09 61 10 3c 63                 - num.a.<c
 14bd  68 69 6c 64 0a 61 0c 3c                 - hild.a.<
 14c5  70 61 72 65 6e 74 0b 61                 - parent.a
 14cd  08 3c 63 72 65 61 74 6f                 - .<creato
 14d5  72 08 61 04 3c 6e 65 78                 - r.a.<nex
 14dd  74 08 61 00 3c 70 72 65                 - t.a.<pre
 14e5  76 04 46 80 97 05 72 80                 - v.F...r.
 14ed  c3 00 03 46 3a 0a 12 00                 - ...F:...
 14f5  3a 6f 62 6a 65 63 74 04                 - :object.
 14fd  46 80 c6 03 46 4e 06 72                 - F...FN.r
 1505  12 02 3c 3c 04 46 80 a0                 - ..<<.F..
 150d  05 72 80 ca 00 04 46 80                 - .r....F.
 1515  a5 05 72 80 cc 00 04 46                 - ..r....F
 151d  80 b7 05 72 80 ce 00 04                 - ...r....
 1525  46 80 aa 05 72 80 d0 00                 - F...r...
 152d  04 46 80 b2 05 72 80 d2                 - .F...r..
 1535  00 04 46 80 b8 05 72 80                 - ..F...r.
 153d  d4 00 04 46 80 bd 05 72                 - ...F...r
 1545  80 d6 00 04 20 27 2e 02                 - .... '..
 154d  14                                      - .

No disassembly errors

------------------------------------------------------------

Comdat: .PREFIX_DATA.W?$Wmp0anone$n(i)i$:object$n()pn(i)i  SEGMENT ANY '_TEXT'  00000010 bytes  
 0000  8b c0                             mov     eax,eax
 0002  5f 5f 6d 62                       DB      5fH,5fH,6dH,62H
 0006  72 70 74 72                       DB      72H,70H,74H,72H
 000a  74 68 75 6e                       DB      74H,68H,75H,6eH
 000e  6b 0d                             DB      6bH,0dH

No disassembly errors

------------------------------------------------------------

Comdat: int (near * near object::__mbrptrthunk())( int )  SEGMENT ANY '_TEXT'  00000024 bytes  
 0000  53                                push    ebx
 0001  51                                push    ecx
 0002  52                                push    edx
 0003  56                                push    esi
 0004  57                                push    edi
 0005  55                                push    ebp
 0006  89 e5                             mov     ebp,esp
 0008  81 ec 08 00 00 00                 sub     esp,00000008H
 000e  89 45 fc                          mov     -4H[ebp],eax
 0011  c7 45 f8 00 00 00 
       00                                mov     dword ptr -8H[ebp],offset int near object::none( int )
 0018  8b 45 f8                          mov     eax,-8H[ebp]
 001b  89 ec                             mov     esp,ebp
 001d  5d                                pop     ebp
 001e  5f                                pop     edi
 001f  5e                                pop     esi
 0020  5a                                pop     edx
 0021  59                                pop     ecx
 0022  5b                                pop     ebx
 0023  c3                                ret     

No disassembly errors

------------------------------------------------------------

Comdat: .PREFIX_DATA.W?$Wmp0hmain_stance$n(i)i$:object$n()pn(i)i  SEGMENT ANY '_TEXT'  00000010 bytes  
 0000  8b c0                             mov     eax,eax
 0002  5f 5f 6d 62                       DB      5fH,5fH,6dH,62H
 0006  72 70 74 72                       DB      72H,70H,74H,72H
 000a  74 68 75 6e                       DB      74H,68H,75H,6eH
 000e  6b 0d                             DB      6bH,0dH

No disassembly errors

------------------------------------------------------------

Comdat: int (near * near object::__mbrptrthunk())( int )  SEGMENT ANY '_TEXT'  00000024 bytes  
 0000  53                                push    ebx
 0001  51                                push    ecx
 0002  52                                push    edx
 0003  56                                push    esi
 0004  57                                push    edi
 0005  55                                push    ebp
 0006  89 e5                             mov     ebp,esp
 0008  81 ec 08 00 00 00                 sub     esp,00000008H
 000e  89 45 fc                          mov     -4H[ebp],eax
 0011  c7 45 f8 00 00 00 
       00                                mov     dword ptr -8H[ebp],offset int near object::main_stance( int )
 0018  8b 45 f8                          mov     eax,-8H[ebp]
 001b  89 ec                             mov     esp,ebp
 001d  5d                                pop     ebp
 001e  5f                                pop     edi
 001f  5e                                pop     esi
 0020  5a                                pop     edx
 0021  59                                pop     ecx
 0022  5b                                pop     ebx
 0023  c3                                ret     

No disassembly errors

------------------------------------------------------------

Comdat: .PREFIX_DATA.W?$Wmp0fmain_walk$n(i)i$:object$n()pn(i)i  SEGMENT ANY '_TEXT'  00000010 bytes  
 0000  8b c0                             mov     eax,eax
 0002  5f 5f 6d 62                       DB      5fH,5fH,6dH,62H
 0006  72 70 74 72                       DB      72H,70H,74H,72H
 000a  74 68 75 6e                       DB      74H,68H,75H,6eH
 000e  6b 0d                             DB      6bH,0dH

No disassembly errors

------------------------------------------------------------

Comdat: int (near * near object::__mbrptrthunk())( int )  SEGMENT ANY '_TEXT'  00000024 bytes  
 0000  53                                push    ebx
 0001  51                                push    ecx
 0002  52                                push    edx
 0003  56                                push    esi
 0004  57                                push    edi
 0005  55                                push    ebp
 0006  89 e5                             mov     ebp,esp
 0008  81 ec 08 00 00 00                 sub     esp,00000008H
 000e  89 45 fc                          mov     -4H[ebp],eax
 0011  c7 45 f8 00 00 00 
       00                                mov     dword ptr -8H[ebp],offset int near object::main_walk( int )
 0018  8b 45 f8                          mov     eax,-8H[ebp]
 001b  89 ec                             mov     esp,ebp
 001d  5d                                pop     ebp
 001e  5f                                pop     edi
 001f  5e                                pop     esi
 0020  5a                                pop     edx
 0021  59                                pop     ecx
 0022  5b                                pop     ebx
 0023  c3                                ret     

No disassembly errors

------------------------------------------------------------

Comdat: .PREFIX_DATA.W?$Wmp0fmain_jump$n(i)i$:object$n()pn(i)i  SEGMENT ANY '_TEXT'  00000010 bytes  
 0000  8b c0                             mov     eax,eax
 0002  5f 5f 6d 62                       DB      5fH,5fH,6dH,62H
 0006  72 70 74 72                       DB      72H,70H,74H,72H
 000a  74 68 75 6e                       DB      74H,68H,75H,6eH
 000e  6b 0d                             DB      6bH,0dH

No disassembly errors

------------------------------------------------------------

Comdat: int (near * near object::__mbrptrthunk())( int )  SEGMENT ANY '_TEXT'  00000024 bytes  
 0000  53                                push    ebx
 0001  51                                push    ecx
 0002  52                                push    edx
 0003  56                                push    esi
 0004  57                                push    edi
 0005  55                                push    ebp
 0006  89 e5                             mov     ebp,esp
 0008  81 ec 08 00 00 00                 sub     esp,00000008H
 000e  89 45 fc                          mov     -4H[ebp],eax
 0011  c7 45 f8 00 00 00 
       00                                mov     dword ptr -8H[ebp],offset int near object::main_jump( int )
 0018  8b 45 f8                          mov     eax,-8H[ebp]
 001b  89 ec                             mov     esp,ebp
 001d  5d                                pop     ebp
 001e  5f                                pop     edi
 001f  5e                                pop     esi
 0020  5a                                pop     edx
 0021  59                                pop     ecx
 0022  5b                                pop     ebx
 0023  c3                                ret     

No disassembly errors

------------------------------------------------------------

Comdat: .PREFIX_DATA.W?$Wmp0fmain_duck$n(i)i$:object$n()pn(i)i  SEGMENT ANY '_TEXT'  00000010 bytes  
 0000  8b c0                             mov     eax,eax
 0002  5f 5f 6d 62                       DB      5fH,5fH,6dH,62H
 0006  72 70 74 72                       DB      72H,70H,74H,72H
 000a  74 68 75 6e                       DB      74H,68H,75H,6eH
 000e  6b 0d                             DB      6bH,0dH

No disassembly errors

------------------------------------------------------------

Comdat: int (near * near object::__mbrptrthunk())( int )  SEGMENT ANY '_TEXT'  00000024 bytes  
 0000  53                                push    ebx
 0001  51                                push    ecx
 0002  52                                push    edx
 0003  56                                push    esi
 0004  57                                push    edi
 0005  55                                push    ebp
 0006  89 e5                             mov     ebp,esp
 0008  81 ec 08 00 00 00                 sub     esp,00000008H
 000e  89 45 fc                          mov     -4H[ebp],eax
 0011  c7 45 f8 00 00 00 
       00                                mov     dword ptr -8H[ebp],offset int near object::main_duck( int )
 0018  8b 45 f8                          mov     eax,-8H[ebp]
 001b  89 ec                             mov     esp,ebp
 001d  5d                                pop     ebp
 001e  5f                                pop     edi
 001f  5e                                pop     esi
 0020  5a                                pop     edx
 0021  59                                pop     ecx
 0022  5b                                pop     ebx
 0023  c3                                ret     

No disassembly errors

------------------------------------------------------------

Comdat: .PREFIX_DATA.W?$Wmp0jmain_walkfire$n(i)i$:object$n()pn(i)i  SEGMENT ANY '_TEXT'  00000010 bytes  
 0000  8b c0                             mov     eax,eax
 0002  5f 5f 6d 62                       DB      5fH,5fH,6dH,62H
 0006  72 70 74 72                       DB      72H,70H,74H,72H
 000a  74 68 75 6e                       DB      74H,68H,75H,6eH
 000e  6b 0d                             DB      6bH,0dH

No disassembly errors

------------------------------------------------------------

Comdat: int (near * near object::__mbrptrthunk())( int )  SEGMENT ANY '_TEXT'  00000024 bytes  
 0000  53                                push    ebx
 0001  51                                push    ecx
 0002  52                                push    edx
 0003  56                                push    esi
 0004  57                                push    edi
 0005  55                                push    ebp
 0006  89 e5                             mov     ebp,esp
 0008  81 ec 08 00 00 00                 sub     esp,00000008H
 000e  89 45 fc                          mov     -4H[ebp],eax
 0011  c7 45 f8 00 00 00 
       00                                mov     dword ptr -8H[ebp],offset int near object::main_walkfire( int )
 0018  8b 45 f8                          mov     eax,-8H[ebp]
 001b  89 ec                             mov     esp,ebp
 001d  5d                                pop     ebp
 001e  5f                                pop     edi
 001f  5e                                pop     esi
 0020  5a                                pop     edx
 0021  59                                pop     ecx
 0022  5b                                pop     ebx
 0023  c3                                ret     

No disassembly errors

------------------------------------------------------------

Comdat: .PREFIX_DATA.W?$Wmp0cbullet$n(i)i$:object$n()pn(i)i  SEGMENT ANY '_TEXT'  00000010 bytes  
 0000  8b c0                             mov     eax,eax
 0002  5f 5f 6d 62                       DB      5fH,5fH,6dH,62H
 0006  72 70 74 72                       DB      72H,70H,74H,72H
 000a  74 68 75 6e                       DB      74H,68H,75H,6eH
 000e  6b 0d                             DB      6bH,0dH

No disassembly errors

------------------------------------------------------------

Comdat: int (near * near object::__mbrptrthunk())( int )  SEGMENT ANY '_TEXT'  00000024 bytes  
 0000  53                                push    ebx
 0001  51                                push    ecx
 0002  52                                push    edx
 0003  56                                push    esi
 0004  57                                push    edi
 0005  55                                push    ebp
 0006  89 e5                             mov     ebp,esp
 0008  81 ec 08 00 00 00                 sub     esp,00000008H
 000e  89 45 fc                          mov     -4H[ebp],eax
 0011  c7 45 f8 00 00 00 
       00                                mov     dword ptr -8H[ebp],offset int near object::bullet( int )
 0018  8b 45 f8                          mov     eax,-8H[ebp]
 001b  89 ec                             mov     esp,ebp
 001d  5d                                pop     ebp
 001e  5f                                pop     edi
 001f  5e                                pop     esi
 0020  5a                                pop     edx
 0021  59                                pop     ecx
 0022  5b                                pop     ebx
 0023  c3                                ret     

No disassembly errors

------------------------------------------------------------

Comdat: .PREFIX_DATA.W?$Wmp0fmain_hang$n(i)i$:object$n()pn(i)i  SEGMENT ANY '_TEXT'  00000010 bytes  
 0000  8b c0                             mov     eax,eax
 0002  5f 5f 6d 62                       DB      5fH,5fH,6dH,62H
 0006  72 70 74 72                       DB      72H,70H,74H,72H
 000a  74 68 75 6e                       DB      74H,68H,75H,6eH
 000e  6b 0d                             DB      6bH,0dH

No disassembly errors

------------------------------------------------------------

Comdat: int (near * near object::__mbrptrthunk())( int )  SEGMENT ANY '_TEXT'  00000024 bytes  
 0000  53                                push    ebx
 0001  51                                push    ecx
 0002  52                                push    edx
 0003  56                                push    esi
 0004  57                                push    edi
 0005  55                                push    ebp
 0006  89 e5                             mov     ebp,esp
 0008  81 ec 08 00 00 00                 sub     esp,00000008H
 000e  89 45 fc                          mov     -4H[ebp],eax
 0011  c7 45 f8 00 00 00 
       00                                mov     dword ptr -8H[ebp],offset int near object::main_hang( int )
 0018  8b 45 f8                          mov     eax,-8H[ebp]
 001b  89 ec                             mov     esp,ebp
 001d  5d                                pop     ebp
 001e  5f                                pop     edi
 001f  5e                                pop     esi
 0020  5a                                pop     edx
 0021  59                                pop     ecx
 0022  5b                                pop     ebx
 0023  c3                                ret     

No disassembly errors

------------------------------------------------------------

Comdat: .PREFIX_DATA.W?$Wmp0frandomdur$n(i)i$:object$n()pn(i)i  SEGMENT ANY '_TEXT'  00000010 bytes  
 0000  8b c0                             mov     eax,eax
 0002  5f 5f 6d 62                       DB      5fH,5fH,6dH,62H
 0006  72 70 74 72                       DB      72H,70H,74H,72H
 000a  74 68 75 6e                       DB      74H,68H,75H,6eH
 000e  6b 0d                             DB      6bH,0dH

No disassembly errors

------------------------------------------------------------

Comdat: int (near * near object::__mbrptrthunk())( int )  SEGMENT ANY '_TEXT'  00000024 bytes  
 0000  53                                push    ebx
 0001  51                                push    ecx
 0002  52                                push    edx
 0003  56                                push    esi
 0004  57                                push    edi
 0005  55                                push    ebp
 0006  89 e5                             mov     ebp,esp
 0008  81 ec 08 00 00 00                 sub     esp,00000008H
 000e  89 45 fc                          mov     -4H[ebp],eax
 0011  c7 45 f8 00 00 00 
       00                                mov     dword ptr -8H[ebp],offset int near object::randomdur( int )
 0018  8b 45 f8                          mov     eax,-8H[ebp]
 001b  89 ec                             mov     esp,ebp
 001d  5d                                pop     ebp
 001e  5f                                pop     edi
 001f  5e                                pop     esi
 0020  5a                                pop     edx
 0021  59                                pop     ecx
 0022  5b                                pop     ebx
 0023  c3                                ret     

No disassembly errors

------------------------------------------------------------

Comdat: .PREFIX_DATA.W?$Wmp0gmain_climb$n(i)i$:object$n()pn(i)i  SEGMENT ANY '_TEXT'  00000010 bytes  
 0000  8b c0                             mov     eax,eax
 0002  5f 5f 6d 62                       DB      5fH,5fH,6dH,62H
 0006  72 70 74 72                       DB      72H,70H,74H,72H
 000a  74 68 75 6e                       DB      74H,68H,75H,6eH
 000e  6b 0d                             DB      6bH,0dH

No disassembly errors

------------------------------------------------------------

Comdat: int (near * near object::__mbrptrthunk())( int )  SEGMENT ANY '_TEXT'  00000024 bytes  
 0000  53                                push    ebx
 0001  51                                push    ecx
 0002  52                                push    edx
 0003  56                                push    esi
 0004  57                                push    edi
 0005  55                                push    ebp
 0006  89 e5                             mov     ebp,esp
 0008  81 ec 08 00 00 00                 sub     esp,00000008H
 000e  89 45 fc                          mov     -4H[ebp],eax
 0011  c7 45 f8 00 00 00 
       00                                mov     dword ptr -8H[ebp],offset int near object::main_climb( int )
 0018  8b 45 f8                          mov     eax,-8H[ebp]
 001b  89 ec                             mov     esp,ebp
 001d  5d                                pop     ebp
 001e  5f                                pop     edi
 001f  5e                                pop     esi
 0020  5a                                pop     edx
 0021  59                                pop     ecx
 0022  5b                                pop     ebx
 0023  c3                                ret     

No disassembly errors

------------------------------------------------------------

Comdat: .PREFIX_DATA.W?$Wmp0fenemy_pig$n(i)i$:object$n()pn(i)i  SEGMENT ANY '_TEXT'  00000010 bytes  
 0000  8b c0                             mov     eax,eax
 0002  5f 5f 6d 62                       DB      5fH,5fH,6dH,62H
 0006  72 70 74 72                       DB      72H,70H,74H,72H
 000a  74 68 75 6e                       DB      74H,68H,75H,6eH
 000e  6b 0d                             DB      6bH,0dH

No disassembly errors

------------------------------------------------------------

Comdat: int (near * near object::__mbrptrthunk())( int )  SEGMENT ANY '_TEXT'  00000024 bytes  
 0000  53                                push    ebx
 0001  51                                push    ecx
 0002  52                                push    edx
 0003  56                                push    esi
 0004  57                                push    edi
 0005  55                                push    ebp
 0006  89 e5                             mov     ebp,esp
 0008  81 ec 08 00 00 00                 sub     esp,00000008H
 000e  89 45 fc                          mov     -4H[ebp],eax
 0011  c7 45 f8 00 00 00 
       00                                mov     dword ptr -8H[ebp],offset int near object::enemy_pig( int )
 0018  8b 45 f8                          mov     eax,-8H[ebp]
 001b  89 ec                             mov     esp,ebp
 001d  5d                                pop     ebp
 001e  5f                                pop     edi
 001f  5e                                pop     esi
 0020  5a                                pop     edx
 0021  59                                pop     ecx
 0022  5b                                pop     ebx
 0023  c3                                ret     

No disassembly errors

------------------------------------------------------------

Comdat: .PREFIX_DATA.W?$Wmp0ienemy_sniper$n(i)i$:object$n()pn(i)i  SEGMENT ANY '_TEXT'  00000010 bytes  
 0000  8b c0                             mov     eax,eax
 0002  5f 5f 6d 62                       DB      5fH,5fH,6dH,62H
 0006  72 70 74 72                       DB      72H,70H,74H,72H
 000a  74 68 75 6e                       DB      74H,68H,75H,6eH
 000e  6b 0d                             DB      6bH,0dH

No disassembly errors

------------------------------------------------------------

Comdat: int (near * near object::__mbrptrthunk())( int )  SEGMENT ANY '_TEXT'  00000024 bytes  
 0000  53                                push    ebx
 0001  51                                push    ecx
 0002  52                                push    edx
 0003  56                                push    esi
 0004  57                                push    edi
 0005  55                                push    ebp
 0006  89 e5                             mov     ebp,esp
 0008  81 ec 08 00 00 00                 sub     esp,00000008H
 000e  89 45 fc                          mov     -4H[ebp],eax
 0011  c7 45 f8 00 00 00 
       00                                mov     dword ptr -8H[ebp],offset int near object::enemy_sniper( int )
 0018  8b 45 f8                          mov     eax,-8H[ebp]
 001b  89 ec                             mov     esp,ebp
 001d  5d                                pop     ebp
 001e  5f                                pop     edi
 001f  5e                                pop     esi
 0020  5a                                pop     edx
 0021  59                                pop     ecx
 0022  5b                                pop     ebx
 0023  c3                                ret     

No disassembly errors

------------------------------------------------------------

Comdat: .PREFIX_DATA.W?$Wmp0ienemy_boomer$n(i)i$:object$n()pn(i)i  SEGMENT ANY '_TEXT'  00000010 bytes  
 0000  8b c0                             mov     eax,eax
 0002  5f 5f 6d 62                       DB      5fH,5fH,6dH,62H
 0006  72 70 74 72                       DB      72H,70H,74H,72H
 000a  74 68 75 6e                       DB      74H,68H,75H,6eH
 000e  6b 0d                             DB      6bH,0dH

No disassembly errors

------------------------------------------------------------

Comdat: int (near * near object::__mbrptrthunk())( int )  SEGMENT ANY '_TEXT'  00000024 bytes  
 0000  53                                push    ebx
 0001  51                                push    ecx
 0002  52                                push    edx
 0003  56                                push    esi
 0004  57                                push    edi
 0005  55                                push    ebp
 0006  89 e5                             mov     ebp,esp
 0008  81 ec 08 00 00 00                 sub     esp,00000008H
 000e  89 45 fc                          mov     -4H[ebp],eax
 0011  c7 45 f8 00 00 00 
       00                                mov     dword ptr -8H[ebp],offset int near object::enemy_boomer( int )
 0018  8b 45 f8                          mov     eax,-8H[ebp]
 001b  89 ec                             mov     esp,ebp
 001d  5d                                pop     ebp
 001e  5f                                pop     edi
 001f  5e                                pop     esi
 0020  5a                                pop     edx
 0021  59                                pop     ecx
 0022  5b                                pop     ebx
 0023  c3                                ret     

No disassembly errors

------------------------------------------------------------

Comdat: .PREFIX_DATA.W?$Wmp0fenemy_jet$n(i)i$:object$n()pn(i)i  SEGMENT ANY '_TEXT'  00000010 bytes  
 0000  8b c0                             mov     eax,eax
 0002  5f 5f 6d 62                       DB      5fH,5fH,6dH,62H
 0006  72 70 74 72                       DB      72H,70H,74H,72H
 000a  74 68 75 6e                       DB      74H,68H,75H,6eH
 000e  6b 0d                             DB      6bH,0dH

No disassembly errors

------------------------------------------------------------

Comdat: int (near * near object::__mbrptrthunk())( int )  SEGMENT ANY '_TEXT'  00000024 bytes  
 0000  53                                push    ebx
 0001  51                                push    ecx
 0002  52                                push    edx
 0003  56                                push    esi
 0004  57                                push    edi
 0005  55                                push    ebp
 0006  89 e5                             mov     ebp,esp
 0008  81 ec 08 00 00 00                 sub     esp,00000008H
 000e  89 45 fc                          mov     -4H[ebp],eax
 0011  c7 45 f8 00 00 00 
       00                                mov     dword ptr -8H[ebp],offset int near object::enemy_jet( int )
 0018  8b 45 f8                          mov     eax,-8H[ebp]
 001b  89 ec                             mov     esp,ebp
 001d  5d                                pop     ebp
 001e  5f                                pop     edi
 001f  5e                                pop     esi
 0020  5a                                pop     edx
 0021  59                                pop     ecx
 0022  5b                                pop     ebx
 0023  c3                                ret     

No disassembly errors

------------------------------------------------------------

Comdat: .PREFIX_DATA.W?$Wmp0rE_SOUND_do$n(pn$e_sound$$)i$:object$n()pn(pn$e_sound$$)i  SEGMENT ANY '_TEXT'  00000010 bytes  
 0000  8b c0                             mov     eax,eax
 0002  5f 5f 6d 62                       DB      5fH,5fH,6dH,62H
 0006  72 70 74 72                       DB      72H,70H,74H,72H
 000a  74 68 75 6e                       DB      74H,68H,75H,6eH
 000e  6b 0d                             DB      6bH,0dH

No disassembly errors

------------------------------------------------------------

Comdat: int (near * near object::__mbrptrthunk())( e_sound near * )  SEGMENT ANY '_TEXT'  00000024 bytes  
 0000  53                                push    ebx
 0001  51                                push    ecx
 0002  52                                push    edx
 0003  56                                push    esi
 0004  57                                push    edi
 0005  55                                push    ebp
 0006  89 e5                             mov     ebp,esp
 0008  81 ec 08 00 00 00                 sub     esp,00000008H
 000e  89 45 fc                          mov     -4H[ebp],eax
 0011  c7 45 f8 00 00 00 
       00                                mov     dword ptr -8H[ebp],offset int near object::E_SOUND_do( e_sound near * )
 0018  8b 45 f8                          mov     eax,-8H[ebp]
 001b  89 ec                             mov     esp,ebp
 001d  5d                                pop     ebp
 001e  5f                                pop     edi
 001f  5e                                pop     esi
 0020  5a                                pop     edx
 0021  59                                pop     ecx
 0022  5b                                pop     ebx
 0023  c3                                ret     

No disassembly errors

------------------------------------------------------------

Comdat: .PREFIX_DATA.W?$Wmp0xE_GROUNDSHAKE_do$n(pn$e_shake$$)i$:object$n()pn(pn$e_shake$$)i  SEGMENT ANY '_TEXT'  00000010 bytes  
 0000  8b c0                             mov     eax,eax
 0002  5f 5f 6d 62                       DB      5fH,5fH,6dH,62H
 0006  72 70 74 72                       DB      72H,70H,74H,72H
 000a  74 68 75 6e                       DB      74H,68H,75H,6eH
 000e  6b 0d                             DB      6bH,0dH

No disassembly errors

------------------------------------------------------------

Comdat: int (near * near object::__mbrptrthunk())( e_shake near * )  SEGMENT ANY '_TEXT'  00000024 bytes  
 0000  53                                push    ebx
 0001  51                                push    ecx
 0002  52                                push    edx
 0003  56                                push    esi
 0004  57                                push    edi
 0005  55                                push    ebp
 0006  89 e5                             mov     ebp,esp
 0008  81 ec 08 00 00 00                 sub     esp,00000008H
 000e  89 45 fc                          mov     -4H[ebp],eax
 0011  c7 45 f8 00 00 00 
       00                                mov     dword ptr -8H[ebp],offset int near object::E_GROUNDSHAKE_do( e_shake near * )
 0018  8b 45 f8                          mov     eax,-8H[ebp]
 001b  89 ec                             mov     esp,ebp
 001d  5d                                pop     ebp
 001e  5f                                pop     edi
 001f  5e                                pop     esi
 0020  5a                                pop     edx
 0021  59                                pop     ecx
 0022  5b                                pop     ebx
 0023  c3                                ret     

No disassembly errors

------------------------------------------------------------

Comdat: .PREFIX_DATA.W?$Wmp0xE_OBJECTSHAKE_do$n(pn$e_shake$$)i$:object$n()pn(pn$e_shake$$)i  SEGMENT ANY '_TEXT'  00000010 bytes  
 0000  8b c0                             mov     eax,eax
 0002  5f 5f 6d 62                       DB      5fH,5fH,6dH,62H
 0006  72 70 74 72                       DB      72H,70H,74H,72H
 000a  74 68 75 6e                       DB      74H,68H,75H,6eH
 000e  6b 0d                             DB      6bH,0dH

No disassembly errors

------------------------------------------------------------

Comdat: int (near * near object::__mbrptrthunk())( e_shake near * )  SEGMENT ANY '_TEXT'  00000024 bytes  
 0000  53                                push    ebx
 0001  51                                push    ecx
 0002  52                                push    edx
 0003  56                                push    esi
 0004  57                                push    edi
 0005  55                                push    ebp
 0006  89 e5                             mov     ebp,esp
 0008  81 ec 08 00 00 00                 sub     esp,00000008H
 000e  89 45 fc                          mov     -4H[ebp],eax
 0011  c7 45 f8 00 00 00 
       00                                mov     dword ptr -8H[ebp],offset int near object::E_OBJECTSHAKE_do( e_shake near * )
 0018  8b 45 f8                          mov     eax,-8H[ebp]
 001b  89 ec                             mov     esp,ebp
 001d  5d                                pop     ebp
 001e  5f                                pop     edi
 001f  5e                                pop     esi
 0020  5a                                pop     edx
 0021  59                                pop     ecx
 0022  5b                                pop     ebx
 0023  c3                                ret     

No disassembly errors

------------------------------------------------------------

Comdat: .PREFIX_DATA.W?$Wmp0zE_NEWOBJECT_do$n(pn$e_newobject$$)i$:object$n()pn(pn$e_newobject$$)i  SEGMENT ANY '_TEXT'  00000010 bytes  
 0000  8b c0                             mov     eax,eax
 0002  5f 5f 6d 62                       DB      5fH,5fH,6dH,62H
 0006  72 70 74 72                       DB      72H,70H,74H,72H
 000a  74 68 75 6e                       DB      74H,68H,75H,6eH
 000e  6b 0d                             DB      6bH,0dH

No disassembly errors

------------------------------------------------------------

Comdat: int (near * near object::__mbrptrthunk())( e_newobject near * )  SEGMENT ANY '_TEXT'  00000024 bytes  
 0000  53                                push    ebx
 0001  51                                push    ecx
 0002  52                                push    edx
 0003  56                                push    esi
 0004  57                                push    edi
 0005  55                                push    ebp
 0006  89 e5                             mov     ebp,esp
 0008  81 ec 08 00 00 00                 sub     esp,00000008H
 000e  89 45 fc                          mov     -4H[ebp],eax
 0011  c7 45 f8 00 00 00 
       00                                mov     dword ptr -8H[ebp],offset int near object::E_NEWOBJECT_do( e_newobject near * )
 0018  8b 45 f8                          mov     eax,-8H[ebp]
 001b  89 ec                             mov     esp,ebp
 001d  5d                                pop     ebp
 001e  5f                                pop     edi
 001f  5e                                pop     esi
 0020  5a                                pop     edx
 0021  59                                pop     ecx
 0022  5b                                pop     ebx
 0023  c3                                ret     

No disassembly errors

------------------------------------------------------------

Comdat: .PREFIX_DATA.W?$Wmp0pE_GOTO_do$n(pn$e_goto$$)i$:object$n()pn(pn$e_goto$$)i  SEGMENT ANY '_TEXT'  00000010 bytes  
 0000  8b c0                             mov     eax,eax
 0002  5f 5f 6d 62                       DB      5fH,5fH,6dH,62H
 0006  72 70 74 72                       DB      72H,70H,74H,72H
 000a  74 68 75 6e                       DB      74H,68H,75H,6eH
 000e  6b 0d                             DB      6bH,0dH

No disassembly errors

------------------------------------------------------------

Comdat: int (near * near object::__mbrptrthunk())( e_goto near * )  SEGMENT ANY '_TEXT'  00000024 bytes  
 0000  53                                push    ebx
 0001  51                                push    ecx
 0002  52                                push    edx
 0003  56                                push    esi
 0004  57                                push    edi
 0005  55                                push    ebp
 0006  89 e5                             mov     ebp,esp
 0008  81 ec 08 00 00 00                 sub     esp,00000008H
 000e  89 45 fc                          mov     -4H[ebp],eax
 0011  c7 45 f8 00 00 00 
       00                                mov     dword ptr -8H[ebp],offset int near object::E_GOTO_do( e_goto near * )
 0018  8b 45 f8                          mov     eax,-8H[ebp]
 001b  89 ec                             mov     esp,ebp
 001d  5d                                pop     ebp
 001e  5f                                pop     edi
 001f  5e                                pop     esi
 0020  5a                                pop     edx
 0021  59                                pop     ecx
 0022  5b                                pop     ebx
 0023  c3                                ret     

No disassembly errors

------------------------------------------------------------

Comdat: .PREFIX_DATA.W?$Wmp0rE_BLOOD_do$n(pn$e_blood$$)i$:object$n()pn(pn$e_blood$$)i  SEGMENT ANY '_TEXT'  00000010 bytes  
 0000  8b c0                             mov     eax,eax
 0002  5f 5f 6d 62                       DB      5fH,5fH,6dH,62H
 0006  72 70 74 72                       DB      72H,70H,74H,72H
 000a  74 68 75 6e                       DB      74H,68H,75H,6eH
 000e  6b 0d                             DB      6bH,0dH

No disassembly errors

------------------------------------------------------------

Comdat: int (near * near object::__mbrptrthunk())( e_blood near * )  SEGMENT ANY '_TEXT'  00000024 bytes  
 0000  53                                push    ebx
 0001  51                                push    ecx
 0002  52                                push    edx
 0003  56                                push    esi
 0004  57                                push    edi
 0005  55                                push    ebp
 0006  89 e5                             mov     ebp,esp
 0008  81 ec 08 00 00 00                 sub     esp,00000008H
 000e  89 45 fc                          mov     -4H[ebp],eax
 0011  c7 45 f8 00 00 00 
       00                                mov     dword ptr -8H[ebp],offset int near object::E_BLOOD_do( e_blood near * )
 0018  8b 45 f8                          mov     eax,-8H[ebp]
 001b  89 ec                             mov     esp,ebp
 001d  5d                                pop     ebp
 001e  5f                                pop     edi
 001f  5e                                pop     esi
 0020  5a                                pop     edx
 0021  59                                pop     ecx
 0022  5b                                pop     ebx
 0023  c3                                ret     

No disassembly errors

------------------------------------------------------------

Comdat: .PREFIX_DATA.W?$Wmp0tE_REGION_do$n(pn$e_region$$)i$:object$n()pn(pn$e_region$$)i  SEGMENT ANY '_TEXT'  00000010 bytes  
 0000  8b c0                             mov     eax,eax
 0002  5f 5f 6d 62                       DB      5fH,5fH,6dH,62H
 0006  72 70 74 72                       DB      72H,70H,74H,72H
 000a  74 68 75 6e                       DB      74H,68H,75H,6eH
 000e  6b 0d                             DB      6bH,0dH

No disassembly errors

------------------------------------------------------------

Comdat: int (near * near object::__mbrptrthunk())( e_region near * )  SEGMENT ANY '_TEXT'  00000024 bytes  
 0000  53                                push    ebx
 0001  51                                push    ecx
 0002  52                                push    edx
 0003  56                                push    esi
 0004  57                                push    edi
 0005  55                                push    ebp
 0006  89 e5                             mov     ebp,esp
 0008  81 ec 08 00 00 00                 sub     esp,00000008H
 000e  89 45 fc                          mov     -4H[ebp],eax
 0011  c7 45 f8 00 00 00 
       00                                mov     dword ptr -8H[ebp],offset int near object::E_REGION_do( e_region near * )
 0018  8b 45 f8                          mov     eax,-8H[ebp]
 001b  89 ec                             mov     esp,ebp
 001d  5d                                pop     ebp
 001e  5f                                pop     edi
 001f  5e                                pop     esi
 0020  5a                                pop     edx
 0021  59                                pop     ecx
 0022  5b                                pop     ebx
 0023  c3                                ret     

No disassembly errors

------------------------------------------------------------

Comdat: .PREFIX_DATA.W?$Wmp0nE_DIR_do$n(pn$e_dir$$)i$:object$n()pn(pn$e_dir$$)i  SEGMENT ANY '_TEXT'  00000010 bytes  
 0000  8b c0                             mov     eax,eax
 0002  5f 5f 6d 62                       DB      5fH,5fH,6dH,62H
 0006  72 70 74 72                       DB      72H,70H,74H,72H
 000a  74 68 75 6e                       DB      74H,68H,75H,6eH
 000e  6b 0d                             DB      6bH,0dH

No disassembly errors

------------------------------------------------------------

Comdat: int (near * near object::__mbrptrthunk())( e_dir near * )  SEGMENT ANY '_TEXT'  00000024 bytes  
 0000  53                                push    ebx
 0001  51                                push    ecx
 0002  52                                push    edx
 0003  56                                push    esi
 0004  57                                push    edi
 0005  55                                push    ebp
 0006  89 e5                             mov     ebp,esp
 0008  81 ec 08 00 00 00                 sub     esp,00000008H
 000e  89 45 fc                          mov     -4H[ebp],eax
 0011  c7 45 f8 00 00 00 
       00                                mov     dword ptr -8H[ebp],offset int near object::E_DIR_do( e_dir near * )
 0018  8b 45 f8                          mov     eax,-8H[ebp]
 001b  89 ec                             mov     esp,ebp
 001d  5d                                pop     ebp
 001e  5f                                pop     edi
 001f  5e                                pop     esi
 0020  5a                                pop     edx
 0021  59                                pop     ecx
 0022  5b                                pop     ebx
 0023  c3                                ret     

No disassembly errors

------------------------------------------------------------

Comdat: void (near * const near __vftbl[])()  SEGMENT ANY 'DGROUP:CONST2'  00000010 bytes  
 0000  00 00 00 00                             DD      near object::~object()
 0004  00 00 00 00                             DD      void near object::DrawStatus()
 0008  00 00 00 00                             DD      void near object::drawbuttons()
 000c  00 00 00 00                             DD      void near object::mainedit()

No disassembly errors

------------------------------------------------------------

Segment: $$TYPES  BYTE USE16  0000001f bytes  
 0000  00 00 01 00 00 00 63 3a                 - ......c:
 0008  5c 73 6f 75 72 63 65 5c                 - \source\
 0010  61 33 32 5c 6f 62 6a 65                 - a32\obje
 0018  63 74 2e 63 70 70 00                    - ct.cpp.

No disassembly errors

------------------------------------------------------------

Comdat: char unsigned const near __typesig[]  SEGMENT ANY 'DGROUP:CONST2'  00000011 bytes  
 0000  00 00 00 00 00                          - .....
 0005  00 00 00 00                             DD      near object::object( object const near & )
 0009  00 00 00 00                             DD      near object::~object()
 000d  68 00 00 00                             - h...

No disassembly errors

------------------------------------------------------------
