
Module: c:\source\a32\net.cpp
Group: 'DGROUP' CONST,CONST2,_DATA,_BSS

Segment: _TEXT  PARA USE32  0000135c bytes  

//winsock network layer functions
#include <stdio.h>
#include <stdlib.h>

#define NETWORK

#include "net.h"
#include "netp.h"
#include "netobj.h"
#include "message.h"

#include "grunt.h"

#include "config.h"

#define DEL(x) if (x) {delete x; x=0;}

//#define NETDIAGNOSE

void netdlgopen();
void netdlgclose();
void  netdlgrefresh();

extern int blah;

#define SERVERPLAYING

int winsockinstalled=0;
int maxudpsize;

netconnect *nc=0; //current net connection

//--------------------------------------------
//Winsock init/terminate

void initwinsock()
{
 0000                    void near initwinsock():
 0000  53                                push    ebx
 0001  51                                push    ecx
 0002  52                                push    edx
 0003  55                                push    ebp
 0004  89 e5                             mov     ebp,esp
 0006  81 ec 90 01 00 00                 sub     esp,00000190H

 if (winsockinstalled) return;

 //initialize winsock
 WSADATA wsadata;
 000c  83 3d 00 00 00 00 
       00                                cmp     dword ptr int near winsockinstalled,00000000H
 0013  75 46                             jne     L1

 if (WSAStartup(0x101,&wsadata)) return;
 0015  8d 85 70 fe ff ff                 lea     eax,-190H[ebp]
 001b  50                                push    eax
 001c  68 01 01 00 00                    push    00000101H
 0021  e8 00 00 00 00                    call    _WSAStartup@8
 0026  85 c0                             test    eax,eax
 0028  75 31                             jne     L1

 msg.printf(6,"%s",wsadata.szDescription);

 002a  8d 85 74 fe ff ff                 lea     eax,-18cH[ebp]
 0030  50                                push    eax
 0031  68 00 00 00 00                    push    offset L104
 0036  6a 06                             push    00000006H
 0038  68 00 00 00 00                    push    offset msgbuffer near msg
 003d  e8 00 00 00 00                    call    void near msgbuffer::printf( int, char near *, ... )
 0042  83 c4 10                          add     esp,00000010H

 maxudpsize=wsadata.iMaxUdpDg;
 0045  31 c0                             xor     eax,eax
 0047  66 8b 45 f8                       mov     ax,-8H[ebp]

 winsockinstalled=1;
 004b  bb 01 00 00 00                    mov     ebx,00000001H
 0050  a3 00 00 00 00                    mov     int near maxudpsize,eax
 0055  89 1d 00 00 00 00                 mov     int near winsockinstalled,ebx

}

 005b  89 ec             L1              mov     esp,ebp
 005d  5d                                pop     ebp
 005e  5a                                pop     edx
 005f  59                                pop     ecx
 0060  5b                                pop     ebx
 0061  c3                                ret     
 0062  8b c0                             mov     eax,eax

void terminatewinsock()
{
 0064                    void near terminatewinsock():
 0064  53                                push    ebx
 0065  51                                push    ecx
 0066  52                                push    edx
 0067  55                                push    ebp
 0068  89 e5                             mov     ebp,esp

 if (!winsockinstalled) return;
 006a  83 3d 00 00 00 00 
       00                                cmp     dword ptr int near winsockinstalled,00000000H
 0071  74 12                             je      L2

 netdisconnect();
 WSACleanup(); //cleanup winsock
 0073  e8 00 00 00 00                    call    void near netdisconnect()

 0078  31 db                             xor     ebx,ebx

 winsockinstalled=0;
 007a  e8 00 00 00 00                    call    _WSACleanup@0
 007f  89 1d 00 00 00 00                 mov     int near winsockinstalled,ebx

}


 0085  5d                L2              pop     ebp
 0086  5a                                pop     edx
 0087  59                                pop     ecx
 0088  5b                                pop     ebx
 0089  c3                                ret     
 008a  8b c0                             mov     eax,eax

void netdisconnect()
{
 008c                    void near netdisconnect():
 008c  52                                push    edx
 008d  55                                push    ebp
 008e  89 e5                             mov     ebp,esp

 if (nc) nc->disconnect();
 0090  8b 15 00 00 00 00                 mov     edx,netconnect near * near nc
 0096  85 d2                             test    edx,edx
 0098  74 08                             je      L3
 009a  89 d0                             mov     eax,edx
 009c  8b 52 69                          mov     edx,+69H[edx]
 009f  ff 52 04                          call    dword ptr +4H[edx]

}


//---------------------------------------------
//net node

 00a2  5d                L3              pop     ebp
 00a3  5a                                pop     edx
 00a4  c3                                ret     
 00a5  8d 40 00                          lea     eax,+0H[eax]

void nodeinfo::setname(char *s)
 {
 00a8                    void near nodeinfo::setname( char near * ):
 00a8  51                                push    ecx
 00a9  56                                push    esi
 00aa  57                                push    edi
 00ab  55                                push    ebp
 00ac  89 e5                             mov     ebp,esp
 00ae  83 ec 08                          sub     esp,00000008H
 00b1  89 45 f8                          mov     -8H[ebp],eax
 00b4  89 55 fc                          mov     -4H[ebp],edx

  if (strlen(s)<16) strcpy(name,s);
 00b7  8b 7d fc                          mov     edi,-4H[ebp]
 00ba  29 c9                             sub     ecx,ecx
 00bc  49                                dec     ecx
 00bd  31 c0                             xor     eax,eax
 00bf  f2 ae                             repne   scasb    
 00c1  f7 d1                             not     ecx
 00c3  49                                dec     ecx
 00c4  83 f9 10                          cmp     ecx,00000010H
 00c7  73 25                             jae     L6
 00c9  8b 75 fc                          mov     esi,-4H[ebp]
 00cc  8b 7d f8                          mov     edi,-8H[ebp]
 00cf  83 c7 11                          add     edi,00000011H
 00d2  57                                push    edi
 00d3  8a 06             L4              mov     al,[esi]
 00d5  88 07                             mov     [edi],al
 00d7  3c 00                             cmp     al,00H
 00d9  74 10                             je      L5
 00db  8a 46 01                          mov     al,+1H[esi]
 00de  83 c6 02                          add     esi,00000002H
 00e1  88 47 01                          mov     +1H[edi],al
 00e4  83 c7 02                          add     edi,00000002H
 00e7  3c 00                             cmp     al,00H
 00e9  75 e8                             jne     L4
 00eb  5f                L5              pop     edi
 00ec  eb 25                             jmp     L7

    else {memcpy(name,s,15); name[15]=0;}
 00ee  8b 75 fc          L6              mov     esi,-4H[ebp]
 00f1  8b 7d f8                          mov     edi,-8H[ebp]
 00f4  b9 0f 00 00 00                    mov     ecx,0000000fH
 00f9  83 c7 11                          add     edi,00000011H
 00fc  57                                push    edi
 00fd  89 c8                             mov     eax,ecx
 00ff  c1 e9 02                          shr     ecx,02H
 0102  f2 a5                             repne   movsd    
 0104  8a c8                             mov     cl,al
 0106  80 e1 03                          and     cl,03H
 0109  f2 a4                             repne   movsb    
 010b  5f                                pop     edi
 010c  8b 4d f8                          mov     ecx,-8H[ebp]
 010f  c6 41 20 00                       mov     byte ptr +20H[ecx],00H

 }


 0113  89 ec             L7              mov     esp,ebp
 0115  5d                                pop     ebp
 0116  5f                                pop     edi
 0117  5e                                pop     esi
 0118  59                                pop     ecx
 0119  c3                                ret     
 011a  8b c0                             mov     eax,eax

netnode::netnode(netconnect *c,nodeinfo *i)
 :info(*i),nc(c),
  o(0),objidcount(0),numobj(0),
  pingtimeout(2000),pingtime(0),resends(0),
  pid_out(0),pid_in(0), //next pid
  p_in(0),p_out(0),
  num_in(0),num_out(0)
{
 011c                    near netnode::netnode( netconnect near *, nodeinfo near * ):
 011c  56                                push    esi
 011d  55                                push    ebp
 011e  89 e5                             mov     ebp,esp
 0120  83 ec 10                          sub     esp,00000010H
 0123  89 45 f0                          mov     -10H[ebp],eax
 0126  89 55 f4                          mov     -0cH[ebp],edx
 0129  89 5d f8                          mov     -8H[ebp],ebx
 012c  8b 45 f4                          mov     eax,-0cH[ebp]
 012f  8b 55 f0                          mov     edx,-10H[ebp]
 0132  89 02                             mov     [edx],eax
 0134  8b 55 f8                          mov     edx,-8H[ebp]
 0137  8b 45 f0                          mov     eax,-10H[ebp]
 013a  83 c0 0c                          add     eax,0000000cH
 013d  e8 00 00 00 00                    call    near nodeinfo::nodeinfo( nodeinfo const near & )
 0142  83 e8 0c                          sub     eax,0000000cH
 0145  89 45 f0                          mov     -10H[ebp],eax
 0148  8b 45 f0                          mov     eax,-10H[ebp]
 014b  c7 40 2d 00 00 00 
       00                                mov     dword ptr +2dH[eax],00000000H
 0152  8b 45 f0                          mov     eax,-10H[ebp]
 0155  ba d0 07 00 00                    mov     edx,000007d0H
 015a  83 c0 31                          add     eax,00000031H
 015d  e8 00 00 00 00                    call    near uutimer::uutimer( int unsigned )
 0162  83 e8 31                          sub     eax,00000031H
 0165  89 45 f0                          mov     -10H[ebp],eax
 0168  8b 45 f0                          mov     eax,-10H[ebp]
 016b  c7 40 39 00 00 00 
       00                                mov     dword ptr +39H[eax],00000000H
 0172  8b 45 f0                          mov     eax,-10H[ebp]
 0175  66 c7 40 3d 00 00                 mov     word ptr +3dH[eax],0000H
 017b  8b 45 f0                          mov     eax,-10H[ebp]
 017e  c7 40 3f 00 00 00 
       00                                mov     dword ptr +3fH[eax],00000000H
 0185  8b 45 f0                          mov     eax,-10H[ebp]
 0188  c7 40 43 00 00 00 
       00                                mov     dword ptr +43H[eax],00000000H
 018f  8b 45 f0                          mov     eax,-10H[ebp]
 0192  66 c7 40 47 00 00                 mov     word ptr +47H[eax],0000H
 0198  8b 45 f0                          mov     eax,-10H[ebp]
 019b  c7 40 49 00 00 00 
       00                                mov     dword ptr +49H[eax],00000000H
 01a2  8b 45 f0                          mov     eax,-10H[ebp]
 01a5  c7 40 4d 00 00 00 
       00                                mov     dword ptr +4dH[eax],00000000H
 01ac  8b 45 f0                          mov     eax,-10H[ebp]
 01af  66 c7 40 51 00 00                 mov     word ptr +51H[eax],0000H
 01b5  8b 45 f0                          mov     eax,-10H[ebp]
 01b8  c7 40 53 00 00 00 
       00                                mov     dword ptr +53H[eax],00000000H
 01bf  8b 45 f0                          mov     eax,-10H[ebp]
 01c2  c7 40 57 00 00 00 
       00                                mov     dword ptr +57H[eax],00000000H

 prev=next=0;

 01c9  8b 45 f0                          mov     eax,-10H[ebp]
 01cc  c7 40 08 00 00 00 
       00                                mov     dword ptr +8H[eax],00000000H
 01d3  8b 45 f0                          mov     eax,-10H[ebp]
 01d6  8b 40 08                          mov     eax,+8H[eax]
 01d9  8b 55 f0                          mov     edx,-10H[ebp]
 01dc  89 42 04                          mov     +4H[edx],eax

 01df  8b 45 f0                          mov     eax,-10H[ebp]
 01e2  8b 00                             mov     eax,[eax]
 01e4  8b 40 55                          mov     eax,+55H[eax]
 01e7  eb 06                             jmp     L9

 for (netnode *t=nc->n; t && t->next; t=t->next)
 01e9  8b 45 fc          L8              mov     eax,-4H[ebp]
 01ec  8b 40 08                          mov     eax,+8H[eax]
 01ef  89 45 fc          L9              mov     -4H[ebp],eax
 01f2  83 7d fc 00                       cmp     dword ptr -4H[ebp],00000000H
 01f6  74 22                             je      L10
 01f8  8b 45 fc                          mov     eax,-4H[ebp]
 01fb  83 78 08 00                       cmp     dword ptr +8H[eax],00000000H
 01ff  74 19                             je      L10

     if (t->next->getnum()>getnum()) break;
 //insert it after
 0201  8b 45 fc                          mov     eax,-4H[ebp]
 0204  8b 40 08                          mov     eax,+8H[eax]
 0207  e8 00 00 00 00                    call    char near netnode::getnum()
 020c  88 c2                             mov     dl,al
 020e  8b 45 f0                          mov     eax,-10H[ebp]
 0211  e8 00 00 00 00                    call    char near netnode::getnum()
 0216  38 c2                             cmp     dl,al
 0218  76 cf                             jbe     L8

 if (t)
 {
 021a  83 7d fc 00       L10             cmp     dword ptr -4H[ebp],00000000H
 021e  74 42                             je      L12

 0220  8b 55 fc                          mov     edx,-4H[ebp]
 0223  8b 52 08                          mov     edx,+8H[edx]
 0226  8b 45 f0                          mov     eax,-10H[ebp]
 0229  89 50 08                          mov     +8H[eax],edx
 022c  8b 45 f0                          mov     eax,-10H[ebp]
 022f  8b 70 08                          mov     esi,+8H[eax]

 0232  85 f6                             test    esi,esi
 0234  74 0c                             je      L11

  next=t->next;  if (next) next->prev=this;
 0236  8b 45 f0                          mov     eax,-10H[ebp]
 0239  8b 50 08                          mov     edx,+8H[eax]
 023c  8b 45 f0                          mov     eax,-10H[ebp]
 023f  89 42 04                          mov     +4H[edx],eax

  prev=t;        if (prev) prev->next=this;
 0242  8b 45 fc          L11             mov     eax,-4H[ebp]
 0245  8b 55 f0                          mov     edx,-10H[ebp]
 0248  89 42 04                          mov     +4H[edx],eax
 024b  8b 45 f0                          mov     eax,-10H[ebp]
 024e  83 78 04 00                       cmp     dword ptr +4H[eax],00000000H
 0252  74 19                             je      L13
 0254  8b 45 f0                          mov     eax,-10H[ebp]
 0257  8b 50 04                          mov     edx,+4H[eax]
 025a  8b 45 f0                          mov     eax,-10H[ebp]
 025d  89 42 08                          mov     +8H[edx],eax

 } else nc->n=this; //first node
 0260  eb 0b                             jmp     L13
 0262  8b 45 f0          L12             mov     eax,-10H[ebp]
 0265  8b 10                             mov     edx,[eax]
 0267  8b 45 f0                          mov     eax,-10H[ebp]
 026a  89 42 55                          mov     +55H[edx],eax

 nc->numnodes++;

 026d  8b 45 f0          L13             mov     eax,-10H[ebp]
 0270  8b 00                             mov     eax,[eax]
 0272  ff 40 59                          inc     dword ptr +59H[eax]

 netdlgrefresh();
 0275  e8 00 00 00 00                    call    void near netdlgrefresh()

}

 027a  8b 45 f0                          mov     eax,-10H[ebp]
 027d  89 ec                             mov     esp,ebp
 027f  5d                                pop     ebp
 0280  5e                                pop     esi
 0281  c3                                ret     
 0282  8b c0                             mov     eax,eax

netnode::~netnode()
{
 0284                    near netnode::~netnode():
 0284  53                                push    ebx
 0285  55                                push    ebp
 0286  89 e5                             mov     ebp,esp
 0288  83 ec 08                          sub     esp,00000008H
 028b  89 45 f8                          mov     -8H[ebp],eax
 028e  89 55 fc                          mov     -4H[ebp],edx

 nc->numnodes--;
 0291  8b 45 f8                          mov     eax,-8H[ebp]
 0294  8b 00                             mov     eax,[eax]
 0296  ff 48 59                          dec     dword ptr +59H[eax]

 0299  8b 45 f8                          mov     eax,-8H[ebp]
 029c  8b 58 04                          mov     ebx,+4H[eax]
 029f  85 db                             test    ebx,ebx
 02a1  74 11                             je      L14

 if (prev) prev->next=next; else nc->n=next;
 02a3  8b 5d f8                          mov     ebx,-8H[ebp]
 02a6  8b 5b 04                          mov     ebx,+4H[ebx]
 02a9  8b 45 f8                          mov     eax,-8H[ebp]
 02ac  8b 40 08                          mov     eax,+8H[eax]
 02af  89 43 08                          mov     +8H[ebx],eax
 02b2  eb 0e                             jmp     L15
 02b4  8b 5d f8          L14             mov     ebx,-8H[ebp]
 02b7  8b 1b                             mov     ebx,[ebx]
 02b9  8b 45 f8                          mov     eax,-8H[ebp]
 02bc  8b 40 08                          mov     eax,+8H[eax]
 02bf  89 43 55                          mov     +55H[ebx],eax

 if (next) next->prev=prev;

 02c2  8b 45 f8          L15             mov     eax,-8H[ebp]
 02c5  83 78 08 00                       cmp     dword ptr +8H[eax],00000000H
 02c9  74 0f                             je      L16
 02cb  8b 45 f8                          mov     eax,-8H[ebp]
 02ce  8b 58 08                          mov     ebx,+8H[eax]
 02d1  8b 45 f8                          mov     eax,-8H[ebp]
 02d4  8b 40 04                          mov     eax,+4H[eax]
 02d7  89 43 04                          mov     +4H[ebx],eax

 while (p_in) delete p_in;
 02da  8b 45 f8          L16             mov     eax,-8H[ebp]
 02dd  83 78 57 00                       cmp     dword ptr +57H[eax],00000000H
 02e1  74 16                             je      L17
 02e3  8b 45 f8                          mov     eax,-8H[ebp]
 02e6  8b 40 57                          mov     eax,+57H[eax]
 02e9  85 c0                             test    eax,eax
 02eb  74 ed                             je      L16
 02ed  8b 58 1a                          mov     ebx,+1aH[eax]
 02f0  ba 02 00 00 00                    mov     edx,00000002H
 02f5  ff 13                             call    dword ptr [ebx]
 02f7  eb e1                             jmp     L16

 while (p_out) delete p_out;

 02f9  8b 45 f8          L17             mov     eax,-8H[ebp]
 02fc  83 78 4d 00                       cmp     dword ptr +4dH[eax],00000000H
 0300  74 16                             je      L18
 0302  8b 45 f8                          mov     eax,-8H[ebp]
 0305  8b 40 4d                          mov     eax,+4dH[eax]
 0308  85 c0                             test    eax,eax
 030a  74 ed                             je      L17
 030c  8b 58 1a                          mov     ebx,+1aH[eax]
 030f  ba 02 00 00 00                    mov     edx,00000002H
 0314  ff 13                             call    dword ptr [ebx]
 0316  eb e1                             jmp     L17

 while (o) delete o;
 0318  8b 45 f8          L18             mov     eax,-8H[ebp]
 031b  83 78 3f 00                       cmp     dword ptr +3fH[eax],00000000H
 031f  74 16                             je      L19
 0321  8b 45 f8                          mov     eax,-8H[ebp]
 0324  8b 40 3f                          mov     eax,+3fH[eax]
 0327  85 c0                             test    eax,eax
 0329  74 ed                             je      L18
 032b  8b 58 67                          mov     ebx,+67H[eax]
 032e  ba 02 00 00 00                    mov     edx,00000002H
 0333  ff 13                             call    dword ptr [ebx]
 0335  eb e1                             jmp     L18

 netdlgrefresh();
 0337  e8 00 00 00 00    L19             call    void near netdlgrefresh()

}


 033c  8b 45 f8                          mov     eax,-8H[ebp]
 033f  89 ec                             mov     esp,ebp
 0341  5d                                pop     ebp
 0342  5b                                pop     ebx
 0343  c3                                ret     

void netnode::sendobjpos()
{
 static char buf[512];
 0344                    void near netnode::sendobjpos():
 0344  53                                push    ebx
 0345  51                                push    ecx
 0346  52                                push    edx
 0347  55                                push    ebp
 0348  89 e5                             mov     ebp,esp
 034a  83 ec 10                          sub     esp,00000010H
 034d  89 45 f0                          mov     -10H[ebp],eax

 p_objpos *p=new (buf) p_objpos(getnum()); //make objpos packet

  //go through all local objects
 0350  ba 00 00 00 00                    mov     edx,offset char near netnode::void near sendobjpos()::.0::buf[]
 0355  b8 03 00 00 00                    mov     eax,00000003H
 035a  e8 00 00 00 00                    call    void near * near p_objpos::operator new( int unsigned, void near * )
 035f  89 c3                             mov     ebx,eax
 0361  85 c0                             test    eax,eax
 0363  74 13                             je      L20
 0365  8b 45 f0                          mov     eax,-10H[ebp]
 0368  31 d2                             xor     edx,edx
 036a  e8 00 00 00 00                    call    char near netnode::getnum()
 036f  88 c2                             mov     dl,al
 0371  89 d8                             mov     eax,ebx
 0373  e8 00 00 00 00                    call    near p_objpos::p_objpos( char unsigned )
 0378  89 45 f4          L20             mov     -0cH[ebp],eax

 for (netobject *lo=o; lo; lo=lo->nnext)
 037b  8b 45 f0                          mov     eax,-10H[ebp]
 037e  8b 40 3f                          mov     eax,+3fH[eax]
 0381  eb 06                             jmp     L22
 0383  8b 45 f8          L21             mov     eax,-8H[ebp]
 0386  8b 40 73                          mov     eax,+73H[eax]
 0389  89 45 f8          L22             mov     -8H[ebp],eax
 038c  83 7d f8 00                       cmp     dword ptr -8H[ebp],00000000H
 0390  74 2a                             je      L23

  if (lo->netupdated) //has it been updated since ?
  {
 0392  8b 45 f8                          mov     eax,-8H[ebp]
 0395  8a 50 79                          mov     dl,+79H[eax]
 0398  f6 c2 01                          test    dl,01H
 039b  74 e6                             je      L21

   objpos *op=p->allocate();
 039d  8b 45 f4                          mov     eax,-0cH[ebp]
 03a0  e8 00 00 00 00                    call    objpos near * near p_objpos::allocate()
 03a5  89 45 fc                          mov     -4H[ebp],eax

 03a8  8b 5d fc                          mov     ebx,-4H[ebp]
 03ab  85 db                             test    ebx,ebx
 03ad  74 d4                             je      L21

   if (op) lo->sendobjpos(op);
 03af  8b 55 fc                          mov     edx,-4H[ebp]
 03b2  8b 45 f8                          mov     eax,-8H[ebp]
 03b5  e8 00 00 00 00                    call    void near netobject::sendobjpos( objpos near * )

  }
 03ba  eb c7                             jmp     L21

 if (!p->num) return; //no objects need updating

 //send packet now
 03bc  8b 45 f4          L23             mov     eax,-0cH[ebp]
 03bf  80 78 02 00                       cmp     byte ptr +2H[eax],00H
 03c3  74 19                             je      L24

 nc->sendtoall(p,p->getsize());
 03c5  8b 45 f4                          mov     eax,-0cH[ebp]
 03c8  e8 00 00 00 00                    call    int near p_objpos::getsize()
 03cd  8b 55 f4                          mov     edx,-0cH[ebp]
 03d0  8b 4d f0                          mov     ecx,-10H[ebp]
 03d3  8b 09                             mov     ecx,[ecx]
 03d5  89 c3                             mov     ebx,eax
 03d7  89 c8                             mov     eax,ecx
 03d9  e8 00 00 00 00                    call    void near netconnect::sendtoall( packet near *, int )

}


//-----------------------------------------------
//net connection

 03de  89 ec             L24             mov     esp,ebp
 03e0  5d                                pop     ebp
 03e1  5a                                pop     edx
 03e2  59                                pop     ecx
 03e3  5b                                pop     ebx
 03e4  c3                                ret     
 03e5  8d 40 00                          lea     eax,+0H[eax]

netconnect::netconnect(int af,PORT port)
 :s(af),active(0),connected(0),disconnecting(0),
  pingtimer(300),
  n(0),numnodes(0),server(0),local(0),
  objupdatetimer(5) //update every 5 ticks
{
 03e8                    near netconnect::netconnect( int, short unsigned ):
 03e8  51                                push    ecx
 03e9  55                                push    ebp
 03ea  89 e5                             mov     ebp,esp
 03ec  83 ec 54                          sub     esp,00000054H
 03ef  89 45 f4                          mov     -0cH[ebp],eax
 03f2  89 55 f0                          mov     -10H[ebp],edx
 03f5  89 5d fc                          mov     -4H[ebp],ebx
 03f8  8b 55 f0                          mov     edx,-10H[ebp]
 03fb  8b 45 f4                          mov     eax,-0cH[ebp]
 03fe  e8 00 00 00 00                    call    near udpsocket::udpsocket( int )
 0403  89 45 f4                          mov     -0cH[ebp],eax
 0406  8b 45 f4                          mov     eax,-0cH[ebp]
 0409  c7 40 1c 00 00 00 
       00                                mov     dword ptr +1cH[eax],00000000H
 0410  8b 45 f4                          mov     eax,-0cH[ebp]
 0413  c7 40 20 00 00 00 
       00                                mov     dword ptr +20H[eax],00000000H
 041a  8b 45 f4                          mov     eax,-0cH[ebp]
 041d  83 c0 24                          add     eax,00000024H
 0420  e8 00 00 00 00                    call    near nodeinfo::nodeinfo()
 0425  8d 50 dc                          lea     edx,-24H[eax]
 0428  89 55 f4                          mov     -0cH[ebp],edx
 042b  ba 2c 01 00 00                    mov     edx,0000012cH
 0430  83 c0 21                          add     eax,00000021H
 0433  e8 00 00 00 00                    call    near uutimer::uutimer( int unsigned )
 0438  83 e8 45                          sub     eax,00000045H
 043b  89 45 f4                          mov     -0cH[ebp],eax
 043e  8b 45 f4                          mov     eax,-0cH[ebp]
 0441  c7 40 4d 00 00 00 
       00                                mov     dword ptr +4dH[eax],00000000H
 0448  8b 45 f4                          mov     eax,-0cH[ebp]
 044b  c7 40 51 00 00 00 
       00                                mov     dword ptr +51H[eax],00000000H
 0452  8b 45 f4                          mov     eax,-0cH[ebp]
 0455  c7 40 55 00 00 00 
       00                                mov     dword ptr +55H[eax],00000000H
 045c  8b 45 f4                          mov     eax,-0cH[ebp]
 045f  c7 40 59 00 00 00 
       00                                mov     dword ptr +59H[eax],00000000H
 0466  8b 45 f4                          mov     eax,-0cH[ebp]
 0469  ba 05 00 00 00                    mov     edx,00000005H
 046e  83 c0 5d                          add     eax,0000005dH
 0471  e8 00 00 00 00                    call    near uutimer::uutimer( int unsigned )
 0476  83 e8 5d                          sub     eax,0000005dH
 0479  89 45 f4                          mov     -0cH[ebp],eax
 047c  8b 45 f4                          mov     eax,-0cH[ebp]
 047f  c7 40 65 00 00 00 
       00                                mov     dword ptr +65H[eax],00000000H
 0486  8b 45 f4                          mov     eax,-0cH[ebp]

 DEL(nc); //delete old net connection

 0489  8b 15 00 00 00 00                 mov     edx,netconnect near * near nc
 048f  c7 40 69 00 00 00 
       00                                mov     dword ptr +69H[eax],offset void (near * const near __vftbl[])()
 0496  85 d2                             test    edx,edx
 0498  74 19                             je      L26
 049a  89 d0                             mov     eax,edx
 049c  85 d2                             test    edx,edx
 049e  74 0b                             je      L25
 04a0  8b 5a 69                          mov     ebx,+69H[edx]
 04a3  ba 02 00 00 00                    mov     edx,00000002H
 04a8  ff 53 18                          call    dword ptr +18H[ebx]
 04ab  31 db             L25             xor     ebx,ebx
 04ad  89 1d 00 00 00 00                 mov     netconnect near * near nc,ebx

 buf=(char *)malloc(maxudpsize);
 04b3  a1 00 00 00 00    L26             mov     eax,int near maxudpsize
 04b8  e8 00 00 00 00                    call    malloc_
 04bd  8b 55 f4                          mov     edx,-0cH[ebp]
 04c0  89 42 14                          mov     +14H[edx],eax

 if (s.error()) {msg.error("unable to create socket"); return;}
 04c3  8b 45 f4                          mov     eax,-0cH[ebp]
 04c6  e8 00 00 00 00                    call    int near Socket::error()
 04cb  85 c0                             test    eax,eax
 04cd  74 17                             je      L27
 04cf  68 03 00 00 00                    push    offset L105
 04d4  68 00 00 00 00                    push    offset msgbuffer near msg
 04d9  e8 00 00 00 00                    call    void near msgbuffer::error( char near *, ... )
 04de  83 c4 08                          add     esp,00000008H
 04e1  e9 07 01 00 00                    jmp     L32

 s.async(WM_UDPSOCKET,FD_READ|FD_WRITE);

 //get local address
 04e6  8b 45 f4          L27             mov     eax,-0cH[ebp]
 04e9  bb 03 00 00 00                    mov     ebx,00000003H
 04ee  ba 01 04 00 00                    mov     edx,00000401H
 04f3  e8 00 00 00 00                    call    int near Socket::async( int unsigned, int )

 NETADDR localaddr(af);
 04f8  8b 55 f0                          mov     edx,-10H[ebp]
 04fb  8d 45 e0                          lea     eax,-20H[ebp]
 04fe  e8 00 00 00 00                    call    near NETADDR::NETADDR( int )

 if (af==AF_IPX) localaddr.setaddrany(port);
 0503  83 7d f0 06                       cmp     dword ptr -10H[ebp],00000006H
 0507  75 0e                             jne     L28
 0509  31 d2                             xor     edx,edx
 050b  66 8b 55 fc                       mov     dx,-4H[ebp]
 050f  8d 45 e0                          lea     eax,-20H[ebp]
 0512  e8 00 00 00 00                    call    void near NETADDR::setaddrany( short unsigned )

 if (af==AF_INET)
  {
   char     localname[50]; //local name of this machine
   hostent *localhost; //local host description
    //get local machine address info
 0517  83 7d f0 02       L28             cmp     dword ptr -10H[ebp],00000002H
 051b  75 5f                             jne     L30

   if (gethostname(localname,50)) return;     //get name of local host
 051d  6a 32                             push    00000032H
 051f  8d 45 ac                          lea     eax,-54H[ebp]
 0522  50                                push    eax
 0523  e8 00 00 00 00                    call    _gethostname@8
 0528  85 c0                             test    eax,eax
 052a  0f 85 bd 00 00 00                 jne     L32

   localhost=gethostbyname(localname);
 0530  8d 45 ac                          lea     eax,-54H[ebp]
 0533  50                                push    eax
 0534  e8 00 00 00 00                    call    _gethostbyname@4
 0539  89 45 f8                          mov     -8H[ebp],eax

   if (!localhost) {msg.error("Could not get local internet host information."); return;}

    //get local ip address(s)
 053c  83 7d f8 00                       cmp     dword ptr -8H[ebp],00000000H
 0540  75 1a                             jne     L29
 0542  68 1b 00 00 00                    push    offset L106
 0547  68 00 00 00 00                    push    offset msgbuffer near msg
 054c  e8 00 00 00 00                    call    void near msgbuffer::error( char near *, ... )
 0551  83 c4 08                          add     esp,00000008H
 0554  8b 45 f4                          mov     eax,-0cH[ebp]
 0557  89 ec                             mov     esp,ebp
 0559  5d                                pop     ebp
 055a  59                                pop     ecx
 055b  c3                                ret     

   localaddr.setport(port);
 055c  31 d2             L29             xor     edx,edx
 055e  66 8b 55 fc                       mov     dx,-4H[ebp]
 0562  8d 45 e0                          lea     eax,-20H[ebp]
 0565  e8 00 00 00 00                    call    void near NETADDR::setport( short unsigned )

   localaddr.setip(*((IPADDR *)localhost->h_addr_list[0]));
  }

  //bind to local address
 056a  8b 45 f8                          mov     eax,-8H[ebp]
 056d  8b 50 0c                          mov     edx,+0cH[eax]
 0570  8b 12                             mov     edx,[edx]
 0572  8d 45 e0                          lea     eax,-20H[ebp]
 0575  8b 12                             mov     edx,[edx]
 0577  e8 00 00 00 00                    call    void near NETADDR::setip( int unsigned )

 if (s.bind(&localaddr)) {msg.error("Unable to bind to %s",localaddr.getstr()); return;}

 //set all of local info
 057c  8b 45 f4          L30             mov     eax,-0cH[ebp]
 057f  8d 55 e0                          lea     edx,-20H[ebp]
 0582  e8 00 00 00 00                    call    int near Socket::bind( NETADDR near * )
 0587  85 c0                             test    eax,eax
 0589  74 23                             je      L31
 058b  8d 45 e0                          lea     eax,-20H[ebp]
 058e  e8 00 00 00 00                    call    char near * near NETADDR::getstr()
 0593  50                                push    eax
 0594  68 4a 00 00 00                    push    offset L107
 0599  68 00 00 00 00                    push    offset msgbuffer near msg
 059e  e8 00 00 00 00                    call    void near msgbuffer::error( char near *, ... )
 05a3  83 c4 0c                          add     esp,0000000cH
 05a6  8b 45 f4                          mov     eax,-0cH[ebp]
 05a9  89 ec                             mov     esp,ebp
 05ab  5d                                pop     ebp
 05ac  59                                pop     ecx
 05ad  c3                                ret     

 localinfo.num=0;
 05ae  8b 45 f4          L31             mov     eax,-0cH[ebp]
 05b1  c6 40 24 00                       mov     byte ptr +24H[eax],00H

 localinfo.a=*s.getlocaladdr();
 05b5  8b 45 f4                          mov     eax,-0cH[ebp]
 05b8  e8 00 00 00 00                    call    NETADDR near * near Socket::getlocaladdr()
 05bd  8b 5d f4                          mov     ebx,-0cH[ebp]
 05c0  83 c3 25                          add     ebx,00000025H
 05c3  89 c2                             mov     edx,eax
 05c5  89 d8                             mov     eax,ebx
 05c7  e8 00 00 00 00                    call    NETADDR near & near NETADDR::operator =( NETADDR const near & )

 05cc  8b 15 00 00 00 00                 mov     edx,config near * near cfg

Comdat: NETADDR near & near NETADDR::operator =( NETADDR const near & )  SEGMENT ANY '_TEXT'  00000024 bytes  

 localinfo.setname(cfg->localname);
 0000  56                                push    esi
 0001  57                                push    edi
 0002  55                                push    ebp
 0003  89 e5                             mov     ebp,esp
 0005  83 ec 08                          sub     esp,00000008H
 0008  89 45 f8                          mov     -8H[ebp],eax
 000b  89 55 fc                          mov     -4H[ebp],edx
 000e  8b 7d f8                          mov     edi,-8H[ebp]
 0011  8b 75 fc                          mov     esi,-4H[ebp]
 0014  a5                                movsd   
 0015  a5                                movsd   
 0016  a5                                movsd   
 0017  a5                                movsd   
 0018  8b 45 f8                          mov     eax,-8H[ebp]
 001b  89 ec                             mov     esp,ebp
 001d  5d                                pop     ebp
 001e  5f                                pop     edi
 001f  5e                                pop     esi
 0020  c3                                ret     
 0021  8d 40 00                          lea     eax,+0H[eax]

No disassembly errors

------------------------------------------------------------
 05d2  81 c2 90 00 00 00                 add     edx,00000090H
 05d8  8b 45 f4                          mov     eax,-0cH[ebp]
 05db  83 c0 24                          add     eax,00000024H
 05de  e8 00 00 00 00                    call    void near nodeinfo::setname( char near * )

 active=1;
 05e3  8b 45 f4                          mov     eax,-0cH[ebp]
 05e6  c7 40 51 01 00 00 
       00                                mov     dword ptr +51H[eax],00000001H

}

 05ed  8b 45 f4          L32             mov     eax,-0cH[ebp]
 05f0  89 ec                             mov     esp,ebp
 05f2  5d                                pop     ebp
 05f3  59                                pop     ecx
 05f4  c3                                ret     
 05f5  8d 40 00                          lea     eax,+0H[eax]

netconnect::~netconnect()
{
 05f8                    near netconnect::~netconnect():
 05f8  55                                push    ebp
 05f9  89 e5                             mov     ebp,esp
 05fb  83 ec 08                          sub     esp,00000008H
 05fe  89 45 f8                          mov     -8H[ebp],eax
 0601  89 55 fc                          mov     -4H[ebp],edx
 0604  8b 45 f8                          mov     eax,-8H[ebp]
 0607  c7 40 69 00 00 00 
       00                                mov     dword ptr +69H[eax],offset void (near * const near __vftbl[])()

 free(buf);
 060e  8b 45 f8                          mov     eax,-8H[ebp]
 0611  8b 40 14                          mov     eax,+14H[eax]
 0614  e8 00 00 00 00                    call    free_

 while (n) delete n;   //delete all netnodes
 0619  8b 45 f8          L33             mov     eax,-8H[ebp]
 061c  8b 50 55                          mov     edx,+55H[eax]
 061f  85 d2                             test    edx,edx
 0621  74 18                             je      L34
 0623  8b 45 f8                          mov     eax,-8H[ebp]
 0626  8b 40 55                          mov     eax,+55H[eax]
 0629  85 c0                             test    eax,eax
 062b  74 ec                             je      L33
 062d  31 d2                             xor     edx,edx
 062f  e8 00 00 00 00                    call    near netnode::~netnode()
 0634  e8 00 00 00 00                    call    void near operator delete( void near * )
 0639  eb de                             jmp     L33

 netdlgclose();
 063b  e8 00 00 00 00    L34             call    void near netdlgclose()

 nc=0;
 0640  89 15 00 00 00 00                 mov     netconnect near * near nc,edx

 endgame();
 0646  e8 00 00 00 00                    call    void near endgame()

};


 064b  8b 45 f8                          mov     eax,-8H[ebp]
 064e  e8 00 00 00 00                    call    near udpsocket::~udpsocket()
 0653  89 45 f8                          mov     -8H[ebp],eax
 0656  8b 45 f8                          mov     eax,-8H[ebp]
 0659  89 ec                             mov     esp,ebp
 065b  5d                                pop     ebp
 065c  c3                                ret     
 065d  8d 40 00                          lea     eax,+0H[eax]

void netserver::disconnect()
{
 0660                    void near netserver::disconnect():
 0660  53                                push    ebx
 0661  51                                push    ecx
 0662  52                                push    edx
 0663  55                                push    ebp
 0664  89 e5                             mov     ebp,esp
 0666  83 ec 08                          sub     esp,00000008H
 0669  89 45 f8                          mov     -8H[ebp],eax

 if (disconnecting) return;
 066c  8b 45 f8                          mov     eax,-8H[ebp]
 066f  83 78 65 00                       cmp     dword ptr +65H[eax],00000000H
 0673  75 47                             jne     L35

 msg.printf(6,"Shutting down server...");
 0675  68 5f 00 00 00                    push    offset L108
 067a  6a 06                             push    00000006H
 067c  68 00 00 00 00                    push    offset msgbuffer near msg

 p_quit p(PQ_SERVERSHUTDOWN,0);   //send quits to all nodes
 0681  31 db                             xor     ebx,ebx
 0683  e8 00 00 00 00                    call    void near msgbuffer::printf( int, char near *, ... )
 0688  83 c4 0c                          add     esp,0000000cH
 068b  ba 01 00 00 00                    mov     edx,00000001H
 0690  8d 45 fc                          lea     eax,-4H[ebp]
 0693  e8 00 00 00 00                    call    near p_quit::p_quit( char, char )

 sendtoall(&p,sizeof(p));
 0698  8b 45 f8                          mov     eax,-8H[ebp]
 069b  bb 03 00 00 00                    mov     ebx,00000003H
 06a0  8d 55 fc                          lea     edx,-4H[ebp]
 06a3  e8 00 00 00 00                    call    void near netconnect::sendtoall( packet near *, int )

 active=0;
 06a8  8b 45 f8                          mov     eax,-8H[ebp]
 06ab  c7 40 51 00 00 00 
       00                                mov     dword ptr +51H[eax],00000000H

 disconnecting=1;
// delete this;
 06b2  8b 45 f8                          mov     eax,-8H[ebp]
 06b5  c7 40 65 01 00 00 
       00                                mov     dword ptr +65H[eax],00000001H

}

 06bc  89 ec             L35             mov     esp,ebp
 06be  5d                                pop     ebp
 06bf  5a                                pop     edx
 06c0  59                                pop     ecx
 06c1  5b                                pop     ebx
 06c2  c3                                ret     
 06c3  90                                nop     

void netclient::disconnect()
{
 06c4                    void near netclient::disconnect():
 06c4  53                                push    ebx
 06c5  51                                push    ecx
 06c6  52                                push    edx
 06c7  55                                push    ebp
 06c8  89 e5                             mov     ebp,esp
 06ca  83 ec 08                          sub     esp,00000008H
 06cd  89 45 f8                          mov     -8H[ebp],eax

 if (disconnecting) return;
 06d0  8b 45 f8                          mov     eax,-8H[ebp]
 06d3  83 78 65 00                       cmp     dword ptr +65H[eax],00000000H
 06d7  75 51                             jne     L36

 msg.printf(6,"Disconnecting...");
 06d9  68 77 00 00 00                    push    offset L109
 06de  6a 06                             push    00000006H
 06e0  68 00 00 00 00                    push    offset msgbuffer near msg
 06e5  e8 00 00 00 00                    call    void near msgbuffer::printf( int, char near *, ... )
 06ea  83 c4 0c                          add     esp,0000000cH

 p_quit p(PQ_QUIT,localinfo.num);
 06ed  8b 5d f8                          mov     ebx,-8H[ebp]
 06f0  8a 5b 24                          mov     bl,+24H[ebx]
 06f3  ba 03 00 00 00                    mov     edx,00000003H
 06f8  8d 45 fc                          lea     eax,-4H[ebp]
 06fb  81 e3 ff 00 00 00                 and     ebx,000000ffH
 0701  e8 00 00 00 00                    call    near p_quit::p_quit( char, char )

 sendtoall(&p,sizeof(p));
 0706  8b 45 f8                          mov     eax,-8H[ebp]
 0709  bb 03 00 00 00                    mov     ebx,00000003H
 070e  8d 55 fc                          lea     edx,-4H[ebp]
 0711  e8 00 00 00 00                    call    void near netconnect::sendtoall( packet near *, int )

 active=0;
 0716  8b 45 f8                          mov     eax,-8H[ebp]
 0719  c7 40 51 00 00 00 
       00                                mov     dword ptr +51H[eax],00000000H

 disconnecting=1;
// delete this;
 0720  8b 45 f8                          mov     eax,-8H[ebp]
 0723  c7 40 65 01 00 00 
       00                                mov     dword ptr +65H[eax],00000001H

}





 072a  89 ec             L36             mov     esp,ebp
 072c  5d                                pop     ebp
 072d  5a                                pop     edx
 072e  59                                pop     ecx
 072f  5b                                pop     ebx
 0730  c3                                ret     
 0731  8d 40 00                          lea     eax,+0H[eax]

void netconnect::socketrecv(SOCKET t)
{
 0734                    void near netconnect::socketrecv( int unsigned ):
 0734  53                                push    ebx
 0735  51                                push    ecx
 0736  55                                push    ebp
 0737  89 e5                             mov     ebp,esp
 0739  83 ec 20                          sub     esp,00000020H
 073c  89 45 f4                          mov     -0cH[ebp],eax
 073f  89 55 f0                          mov     -10H[ebp],edx

 NETADDR a;
 0742  8d 45 e0                          lea     eax,-20H[ebp]
 0745  e8 00 00 00 00                    call    near NETADDR::NETADDR()

 while ((size=s.recvfrom(&a,buf,maxudpsize))>0)
 {
 074a  8b 0d 00 00 00 00 L37             mov     ecx,int near maxudpsize
 0750  8b 5d f4                          mov     ebx,-0cH[ebp]
 0753  8b 5b 14                          mov     ebx,+14H[ebx]
 0756  8b 45 f4                          mov     eax,-0cH[ebp]
 0759  8d 55 e0                          lea     edx,-20H[ebp]
 075c  e8 00 00 00 00                    call    int near Socket::recvfrom( NETADDR near *, void near *, int )
 0761  8b 55 f4                          mov     edx,-0cH[ebp]
 0764  89 42 18                          mov     +18H[edx],eax
 0767  8b 45 f4                          mov     eax,-0cH[ebp]
 076a  83 78 18 00                       cmp     dword ptr +18H[eax],00000000H
 076e  7e 3c                             jle     L39

  netnode *n=findnode(&a); //find the node that sent the data
 0770  8b 45 f4                          mov     eax,-0cH[ebp]
 0773  8d 55 e0                          lea     edx,-20H[ebp]
 0776  e8 00 00 00 00                    call    netnode near * near netconnect::findnode( NETADDR near * )
 077b  89 45 f8                          mov     -8H[ebp],eax

 077e  8b 5d f8                          mov     ebx,-8H[ebp]
 0781  85 db                             test    ebx,ebx
 0783  74 0b                             je      L38

  if (n) n->pingtimeout.reset(); //reset timeout

 0785  8b 45 f8                          mov     eax,-8H[ebp]
 0788  83 c0 31                          add     eax,00000031H
 078b  e8 00 00 00 00                    call    void near uutimer::reset()

  packet *p=(packet *)buf;
 0790  8b 45 f4          L38             mov     eax,-0cH[ebp]
 0793  8b 40 14                          mov     eax,+14H[eax]
 0796  89 45 fc                          mov     -4H[ebp],eax

  p->process(this,a,n);
/// msg.printf(1,"%s received",p->getname());
// msg.printf(1,"%d bytes received",size);
 0799  8b 4d f8                          mov     ecx,-8H[ebp]
 079c  8b 55 f4                          mov     edx,-0cH[ebp]
 079f  8b 45 fc                          mov     eax,-4H[ebp]
 07a2  8d 5d e0                          lea     ebx,-20H[ebp]
 07a5  e8 00 00 00 00                    call    void near packet::process( netconnect near *, NETADDR near &, netnode near * )

 }

 07aa  eb 9e                             jmp     L37

}


 07ac  89 ec             L39             mov     esp,ebp
 07ae  5d                                pop     ebp
 07af  59                                pop     ecx
 07b0  5b                                pop     ebx
 07b1  c3                                ret     
 07b2  8b c0                             mov     eax,eax

void netconnect::socketerror(SOCKET t)
{
 07b4                    void near netconnect::socketerror( int unsigned ):
 07b4  51                                push    ecx
 07b5  55                                push    ebp
 07b6  89 e5                             mov     ebp,esp
 07b8  83 ec 08                          sub     esp,00000008H
 07bb  89 45 f8                          mov     -8H[ebp],eax
 07be  89 55 fc                          mov     -4H[ebp],edx

 msg.error("Socket error.");
 07c1  68 88 00 00 00                    push    offset L110
 07c6  68 00 00 00 00                    push    offset msgbuffer near msg
 07cb  e8 00 00 00 00                    call    void near msgbuffer::error( char near *, ... )
 07d0  83 c4 08                          add     esp,00000008H

 connected=0;
 07d3  8b 45 f8                          mov     eax,-8H[ebp]
 07d6  c7 40 4d 00 00 00 
       00                                mov     dword ptr +4dH[eax],00000000H

}

 07dd  89 ec                             mov     esp,ebp
 07df  5d                                pop     ebp
 07e0  59                                pop     ecx
 07e1  c3                                ret     
 07e2  8b c0                             mov     eax,eax

void netnode::sendsecure(struct packet *b,int size)
{
 char buf[512];
 07e4                    void near netnode::sendsecure( packet near *, int ):
 07e4  51                                push    ecx
 07e5  55                                push    ebp
 07e6  89 e5                             mov     ebp,esp
 07e8  81 ec 10 02 00 00                 sub     esp,00000210H
 07ee  89 45 f0                          mov     -10H[ebp],eax
 07f1  89 55 f8                          mov     -8H[ebp],edx
 07f4  89 5d f4                          mov     -0cH[ebp],ebx

 p_secure *ps=new (buf) p_secure(this,b,size);
 07f7  8d 95 f0 fd ff ff                 lea     edx,-210H[ebp]
 07fd  b8 03 00 00 00                    mov     eax,00000003H
 0802  e8 00 00 00 00                    call    void near * near p_secure::operator new( int unsigned, void near * )
 0807  85 c0                             test    eax,eax
 0809  74 0e                             je      L40
 080b  8b 4d f4                          mov     ecx,-0cH[ebp]
 080e  8b 5d f8                          mov     ebx,-8H[ebp]
 0811  8b 55 f0                          mov     edx,-10H[ebp]
 0814  e8 00 00 00 00                    call    near p_secure::p_secure( netnode near *, void near *, int )
 0819  89 45 fc          L40             mov     -4H[ebp],eax

 new securepacket_out(this,ps,sizeof(ps)+size);

 #ifdef NETDIAGNOSE
 msg.printf(1,"send pid=%d %s",ps->pid,b->getname());
 #endif
 081c  b8 26 00 00 00                    mov     eax,00000026H
 0821  e8 00 00 00 00                    call    void near * near operator new( int unsigned )
 0826  85 c0                             test    eax,eax
 0828  74 11                             je      L41
 082a  8b 4d f4                          mov     ecx,-0cH[ebp]
 082d  83 c1 04                          add     ecx,00000004H
 0830  8b 5d fc                          mov     ebx,-4H[ebp]
 0833  8b 55 f0                          mov     edx,-10H[ebp]
 0836  e8 00 00 00 00                    call    near securepacket_out::securepacket_out( netnode near *, p_secure near *, int )

}


 083b  89 ec             L41             mov     esp,ebp
 083d  5d                                pop     ebp
 083e  59                                pop     ecx
 083f  c3                                ret     

void netnode::processsecure_out()
{
 0840                    void near netnode::processsecure_out():
 0840  55                                push    ebp
 0841  89 e5                             mov     ebp,esp
 0843  83 ec 08                          sub     esp,00000008H
 0846  89 45 f8                          mov     -8H[ebp],eax

 for (securepacket_out *p=p_out; p; p=(securepacket_out *)p->next) //go through all pending outs
 0849  8b 45 f8                          mov     eax,-8H[ebp]
 084c  8b 40 4d                          mov     eax,+4dH[eax]
 084f  eb 06                             jmp     L43
 0851  8b 45 fc          L42             mov     eax,-4H[ebp]
 0854  8b 40 04                          mov     eax,+4H[eax]
 0857  89 45 fc          L43             mov     -4H[ebp],eax
 085a  83 7d fc 00                       cmp     dword ptr -4H[ebp],00000000H
 085e  74 1f                             je      L44

  if (p->resendtime.check())
    {
 0860  8b 45 fc                          mov     eax,-4H[ebp]
 0863  83 c0 1e                          add     eax,0000001eH
 0866  e8 00 00 00 00                    call    int near uutimer::check()
 086b  85 c0                             test    eax,eax
 086d  74 e2                             je      L42

     p->send();
//     msg.printf(1,"resend pid=%d",p->pid);
 086f  8b 45 fc                          mov     eax,-4H[ebp]
 0872  e8 00 00 00 00                    call    void near securepacket_out::send()

     resends++;
 0877  8b 45 f8                          mov     eax,-8H[ebp]
 087a  ff 40 39                          inc     dword ptr +39H[eax]

    }
 087d  eb d2                             jmp     L42

}

 087f  89 ec             L44             mov     esp,ebp
 0881  5d                                pop     ebp
 0882  c3                                ret     
 0883  90                                nop     

void netnode::processsecure_in()
{
 0884                    void near netnode::processsecure_in():
 0884  53                                push    ebx
 0885  51                                push    ecx
 0886  52                                push    edx
 0887  55                                push    ebp
 0888  89 e5                             mov     ebp,esp
 088a  83 ec 04                          sub     esp,00000004H
 088d  89 45 fc                          mov     -4H[ebp],eax

 while (p_in && p_in->pid==pid_in)
  {
   #ifdef NETDIAGNOSE
   msg.printf(2,"process pid=%d (cached) %s",p_in->pid,p_in->ps->getpacketptr()->getname());
   #endif

   //process the pending packet
 0890  8b 45 fc          L45             mov     eax,-4H[ebp]
 0893  83 78 57 00                       cmp     dword ptr +57H[eax],00000000H
 0897  74 46                             je      L47
 0899  8b 45 fc                          mov     eax,-4H[ebp]
 089c  8b 40 57                          mov     eax,+57H[eax]
 089f  66 8b 58 0c                       mov     bx,+0cH[eax]
 08a3  8b 55 fc                          mov     edx,-4H[ebp]
 08a6  66 3b 5a 51                       cmp     bx,+51H[edx]
 08aa  75 33                             jne     L47

   p_in->ps->processdata(nc,info.a,this);
 08ac  8b 4d fc                          mov     ecx,-4H[ebp]
 08af  8b 5d fc                          mov     ebx,-4H[ebp]
 08b2  83 c3 0d                          add     ebx,0000000dH
 08b5  8b 55 fc                          mov     edx,-4H[ebp]
 08b8  8b 12                             mov     edx,[edx]
 08ba  8b 40 0e                          mov     eax,+0eH[eax]
 08bd  e8 00 00 00 00                    call    void near p_secure::processdata( netconnect near *, NETADDR near &, netnode near * )

   delete p_in;

 08c2  8b 45 fc                          mov     eax,-4H[ebp]
 08c5  8b 40 57                          mov     eax,+57H[eax]
 08c8  85 c0                             test    eax,eax
 08ca  74 0a                             je      L46
 08cc  8b 58 1a                          mov     ebx,+1aH[eax]
 08cf  ba 02 00 00 00                    mov     edx,00000002H
 08d4  ff 13                             call    dword ptr [ebx]

   pid_in++; //next packet
 08d6  8b 45 fc          L46             mov     eax,-4H[ebp]
 08d9  66 ff 40 51                       inc     word ptr +51H[eax]

  }
 08dd  eb b1                             jmp     L45

}

//extern int blah;
 08df  89 ec             L47             mov     esp,ebp
 08e1  5d                                pop     ebp
 08e2  5a                                pop     edx
 08e3  59                                pop     ecx
 08e4  5b                                pop     ebx
 08e5  c3                                ret     
 08e6  8b c0                             mov     eax,eax

void netconnect::tick()
{
 08e8                    void near netconnect::tick():
 08e8  53                                push    ebx
 08e9  51                                push    ecx
 08ea  52                                push    edx
 08eb  55                                push    ebp
 08ec  89 e5                             mov     ebp,esp
 08ee  83 ec 08                          sub     esp,00000008H
 08f1  89 45 f8                          mov     -8H[ebp],eax

 if (disconnecting) {delete this; return;}

  //send object pos data
 08f4  8b 45 f8                          mov     eax,-8H[ebp]
 08f7  83 78 65 00                       cmp     dword ptr +65H[eax],00000000H
 08fb  74 13                             je      L48
 08fd  8b 45 f8                          mov     eax,-8H[ebp]
 0900  8b 58 69                          mov     ebx,+69H[eax]
 0903  ba 02 00 00 00                    mov     edx,00000002H
 0908  ff 53 18                          call    dword ptr +18H[ebx]
 090b  e9 7f 00 00 00                    jmp     L53

 if (objupdatetimer.check())
  {
 0910  8b 45 f8          L48             mov     eax,-8H[ebp]
 0913  83 c0 5d                          add     eax,0000005dH
 0916  e8 00 00 00 00                    call    int near uutimer::check()
 091b  85 c0                             test    eax,eax
 091d  74 16                             je      L49

   local->sendobjpos();
 091f  8b 45 f8                          mov     eax,-8H[ebp]
 0922  8b 40 20                          mov     eax,+20H[eax]
 0925  e8 00 00 00 00                    call    void near netnode::sendobjpos()

   objupdatetimer.reset();
  }

 //ping our connections
 092a  8b 45 f8                          mov     eax,-8H[ebp]
 092d  83 c0 5d                          add     eax,0000005dH
 0930  e8 00 00 00 00                    call    void near uutimer::reset()

 if (pingtimer.check())
  {
 0935  8b 45 f8          L49             mov     eax,-8H[ebp]
 0938  83 c0 45                          add     eax,00000045H
 093b  e8 00 00 00 00                    call    int near uutimer::check()
 0940  85 c0                             test    eax,eax
 0942  74 1d                             je      L50

   sendpings();
 0944  8b 45 f8                          mov     eax,-8H[ebp]
 0947  8b 50 69                          mov     edx,+69H[eax]
 094a  ff 52 10                          call    dword ptr +10H[edx]

   checktimeout();
 094d  8b 45 f8                          mov     eax,-8H[ebp]
 0950  8b 50 69                          mov     edx,+69H[eax]
 0953  ff 52 14                          call    dword ptr +14H[edx]

   pingtimer.reset();
  }

 //resend secure packets if needed
 0956  8b 45 f8                          mov     eax,-8H[ebp]
 0959  83 c0 45                          add     eax,00000045H
 095c  e8 00 00 00 00                    call    void near uutimer::reset()

 for (netnode *t=n; t; t=t->next)
 0961  8b 45 f8          L50             mov     eax,-8H[ebp]
 0964  8b 40 55                          mov     eax,+55H[eax]
 0967  eb 06                             jmp     L52
 0969  8b 45 fc          L51             mov     eax,-4H[ebp]
 096c  8b 40 08                          mov     eax,+8H[eax]
 096f  89 45 fc          L52             mov     -4H[ebp],eax
 0972  83 7d fc 00                       cmp     dword ptr -4H[ebp],00000000H
 0976  74 17                             je      L53

  if (t!=local) t->processsecure_out();

 0978  8b 45 fc                          mov     eax,-4H[ebp]
 097b  8b 55 f8                          mov     edx,-8H[ebp]
 097e  8b 4a 20                          mov     ecx,+20H[edx]
 0981  39 c8                             cmp     eax,ecx
 0983  74 e4                             je      L51
 0985  8b 45 fc                          mov     eax,-4H[ebp]
 0988  e8 00 00 00 00                    call    void near netnode::processsecure_out()
 098d  eb da                             jmp     L51

}

 098f  89 ec             L53             mov     esp,ebp
 0991  5d                                pop     ebp
 0992  5a                                pop     edx
 0993  59                                pop     ecx
 0994  5b                                pop     ebx
 0995  c3                                ret     
 0996  8b c0                             mov     eax,eax

netnode *netconnect::findnode(NETADDR *a)
{
 0998                    netnode near * near netconnect::findnode( NETADDR near * ):
 0998  55                                push    ebp
 0999  89 e5                             mov     ebp,esp
 099b  83 ec 0c                          sub     esp,0000000cH
 099e  89 45 f4                          mov     -0cH[ebp],eax
 09a1  89 55 f8                          mov     -8H[ebp],edx

 for (netnode *x=n; x; x=x->next)
 09a4  8b 45 f4                          mov     eax,-0cH[ebp]
 09a7  8b 40 55                          mov     eax,+55H[eax]
 09aa  eb 06                             jmp     L55
 09ac  8b 45 fc          L54             mov     eax,-4H[ebp]
 09af  8b 40 08                          mov     eax,+8H[eax]
 09b2  89 45 fc          L55             mov     -4H[ebp],eax
 09b5  83 7d fc 00                       cmp     dword ptr -4H[ebp],00000000H
 09b9  74 19                             je      L56

  if (x->info.a==*a) return x;
 09bb  8b 55 f8                          mov     edx,-8H[ebp]
 09be  8b 45 fc                          mov     eax,-4H[ebp]
 09c1  83 c0 0d                          add     eax,0000000dH
 09c4  e8 00 00 00 00                    call    int near operator ==( NETADDR near &, NETADDR near & )
 09c9  85 c0                             test    eax,eax
 09cb  74 df                             je      L54
 09cd  8b 45 fc                          mov     eax,-4H[ebp]
 09d0  89 ec                             mov     esp,ebp
 09d2  5d                                pop     ebp
 09d3  c3                                ret     

 return 0;
 09d4  31 c0             L56             xor     eax,eax

}

 09d6  89 ec                             mov     esp,ebp
 09d8  5d                                pop     ebp
 09d9  c3                                ret     
 09da  8b c0                             mov     eax,eax

netnode *netconnect::findnode(char nodenum)
{
 09dc                    netnode near * near netconnect::findnode( char ):
 09dc  55                                push    ebp
 09dd  89 e5                             mov     ebp,esp
 09df  83 ec 0c                          sub     esp,0000000cH
 09e2  89 45 f4                          mov     -0cH[ebp],eax
 09e5  88 55 fc                          mov     -4H[ebp],dl

 for (netnode *x=n; x; x=x->next)
 09e8  8b 45 f4                          mov     eax,-0cH[ebp]
 09eb  8b 40 55                          mov     eax,+55H[eax]
 09ee  eb 06                             jmp     L58
 09f0  8b 45 f8          L57             mov     eax,-8H[ebp]
 09f3  8b 40 08                          mov     eax,+8H[eax]
 09f6  89 45 f8          L58             mov     -8H[ebp],eax
 09f9  83 7d f8 00                       cmp     dword ptr -8H[ebp],00000000H
 09fd  74 16                             je      L59

  if (x->getnum()==nodenum) return x;
 09ff  8b 45 f8                          mov     eax,-8H[ebp]
 0a02  e8 00 00 00 00                    call    char near netnode::getnum()
 0a07  8a 65 fc                          mov     ah,-4H[ebp]
 0a0a  38 e0                             cmp     al,ah
 0a0c  75 e2                             jne     L57
 0a0e  8b 45 f8                          mov     eax,-8H[ebp]
 0a11  89 ec                             mov     esp,ebp
 0a13  5d                                pop     ebp
 0a14  c3                                ret     

 return 0;
 0a15  31 c0             L59             xor     eax,eax

}


//--------------------------------------------------
//server functions

 0a17  89 ec                             mov     esp,ebp
 0a19  5d                                pop     ebp
 0a1a  c3                                ret     
 0a1b  90                                nop     

netserver::netserver(int af,PORT port):netconnect(af,port)
{
 0a1c                    near netserver::netserver( int, short unsigned ):
 0a1c  51                                push    ecx
 0a1d  55                                push    ebp
 0a1e  89 e5                             mov     ebp,esp
 0a20  83 ec 0c                          sub     esp,0000000cH
 0a23  89 45 f4                          mov     -0cH[ebp],eax
 0a26  89 55 f8                          mov     -8H[ebp],edx
 0a29  89 5d fc                          mov     -4H[ebp],ebx
 0a2c  31 db                             xor     ebx,ebx
 0a2e  66 8b 5d fc                       mov     bx,-4H[ebp]
 0a32  8b 55 f8                          mov     edx,-8H[ebp]
 0a35  8b 45 f4                          mov     eax,-0cH[ebp]
 0a38  e8 00 00 00 00                    call    near netconnect::netconnect( int, short unsigned )
 0a3d  89 45 f4                          mov     -0cH[ebp],eax
 0a40  8b 45 f4                          mov     eax,-0cH[ebp]
 0a43  c7 40 69 00 00 00 
       00                                mov     dword ptr +69H[eax],offset void (near * const near __vftbl[])()

 if (!active) return;
 0a4a  8b 45 f4                          mov     eax,-0cH[ebp]
 0a4d  8b 50 51                          mov     edx,+51H[eax]
 0a50  85 d2                             test    edx,edx
 0a52  74 71                             je      L61

 startgame("bgtest",1);

 0a54  ba 01 00 00 00                    mov     edx,00000001H
 0a59  b8 96 00 00 00                    mov     eax,offset L111
 0a5e  e8 00 00 00 00                    call    void near startgame( char near *, int )

 msg.printf(6,"%s server started: %s",getafstr(af),localinfo.a.getstr());
 0a63  8b 45 f4                          mov     eax,-0cH[ebp]
 0a66  83 c0 25                          add     eax,00000025H
 0a69  e8 00 00 00 00                    call    char near * near NETADDR::getstr()
 0a6e  50                                push    eax
 0a6f  8b 45 f8                          mov     eax,-8H[ebp]
 0a72  e8 00 00 00 00                    call    char near * near getafstr( int )
 0a77  50                                push    eax
 0a78  68 9d 00 00 00                    push    offset L112
 0a7d  6a 06                             push    00000006H
 0a7f  68 00 00 00 00                    push    offset msgbuffer near msg
 0a84  e8 00 00 00 00                    call    void near msgbuffer::printf( int, char near *, ... )
 0a89  83 c4 14                          add     esp,00000014H

 local=new netnode(this,&localinfo); //create server node (server=0)

 0a8c  b8 5b 00 00 00                    mov     eax,0000005bH
 0a91  e8 00 00 00 00                    call    void near * near operator new( int unsigned )
 0a96  85 c0                             test    eax,eax
 0a98  74 0e                             je      L60
 0a9a  8b 5d f4                          mov     ebx,-0cH[ebp]
 0a9d  83 c3 24                          add     ebx,00000024H
 0aa0  8b 55 f4                          mov     edx,-0cH[ebp]
 0aa3  e8 00 00 00 00                    call    near netnode::netnode( netconnect near *, nodeinfo near * )
 0aa8  8b 55 f4          L60             mov     edx,-0cH[ebp]
 0aab  89 42 20                          mov     +20H[edx],eax

 connected=1;
 0aae  8b 45 f4                          mov     eax,-0cH[ebp]
 0ab1  c7 40 4d 01 00 00 
       00                                mov     dword ptr +4dH[eax],00000001H

 nc=this; //this is the current net connection
 0ab8  8b 45 f4                          mov     eax,-0cH[ebp]
 0abb  a3 00 00 00 00                    mov     netconnect near * near nc,eax

 netdlgopen();
 0ac0  e8 00 00 00 00                    call    void near netdlgopen()

}
 0ac5  8b 45 f4          L61             mov     eax,-0cH[ebp]
 0ac8  89 ec                             mov     esp,ebp
 0aca  5d                                pop     ebp
 0acb  59                                pop     ecx
 0acc  c3                                ret     
 0acd  8d 40 00                          lea     eax,+0H[eax]

netserver::~netserver()
{
 0ad0                    near netserver::~netserver():
 0ad0  53                                push    ebx
 0ad1  51                                push    ecx
 0ad2  55                                push    ebp
 0ad3  89 e5                             mov     ebp,esp
 0ad5  83 ec 08                          sub     esp,00000008H
 0ad8  89 45 f8                          mov     -8H[ebp],eax
 0adb  89 55 fc                          mov     -4H[ebp],edx
 0ade  8b 55 fc                          mov     edx,-4H[ebp]
 0ae1  f6 c2 04                          test    dl,04H
 0ae4  74 14                             je      L62
 0ae6  8b 45 f8                          mov     eax,-8H[ebp]
 0ae9  ba 00 00 00 00                    mov     edx,offset char unsigned const near __typesig[]
 0aee  e8 00 00 00 00                    call    __wcpp_2_dtor_array_store__
 0af3  e8 00 00 00 00                    call    void near operator delete []( void near * )
 0af8  eb 4f                             jmp     L63
 0afa  8b 45 f8          L62             mov     eax,-8H[ebp]
 0afd  c7 40 69 00 00 00 
       00                                mov     dword ptr +69H[eax],offset void (near * const near __vftbl[])()

 msg.printf(6,"%s server shutdown",getafstr(localinfo.a.getaf()));
 0b04  8b 45 f8                          mov     eax,-8H[ebp]
 0b07  83 c0 25                          add     eax,00000025H
 0b0a  e8 00 00 00 00                    call    int near NETADDR::getaf()
 0b0f  e8 00 00 00 00                    call    char near * near getafstr( int )
 0b14  50                                push    eax
 0b15  68 b3 00 00 00                    push    offset L113
 0b1a  6a 06                             push    00000006H
 0b1c  68 00 00 00 00                    push    offset msgbuffer near msg
 0b21  e8 00 00 00 00                    call    void near msgbuffer::printf( int, char near *, ... )
 0b26  83 c4 10                          add     esp,00000010H

};

//sends to all nodes besides ourself
 0b29  8b 45 f8                          mov     eax,-8H[ebp]
 0b2c  ba 01 00 00 00                    mov     edx,00000001H
 0b31  e8 00 00 00 00                    call    near netconnect::~netconnect()
 0b36  89 45 f8                          mov     -8H[ebp],eax
 0b39  8b 5d fc                          mov     ebx,-4H[ebp]
 0b3c  f6 c3 02                          test    bl,02H
 0b3f  74 08                             je      L63
 0b41  8b 45 f8                          mov     eax,-8H[ebp]
 0b44  e8 00 00 00 00                    call    void near operator delete( void near * )
 0b49  8b 45 f8          L63             mov     eax,-8H[ebp]
 0b4c  89 ec                             mov     esp,ebp
 0b4e  5d                                pop     ebp
 0b4f  59                                pop     ecx
 0b50  5b                                pop     ebx
 0b51  c3                                ret     
 0b52  8b c0                             mov     eax,eax

void netconnect::sendtoall(struct packet *b,int num)
{
 0b54                    void near netconnect::sendtoall( packet near *, int ):
 0b54  55                                push    ebp
 0b55  89 e5                             mov     ebp,esp
 0b57  83 ec 10                          sub     esp,00000010H
 0b5a  89 45 f0                          mov     -10H[ebp],eax
 0b5d  89 55 f4                          mov     -0cH[ebp],edx
 0b60  89 5d f8                          mov     -8H[ebp],ebx

 for (netnode *t=n; t; t=t->next)
 0b63  8b 45 f0                          mov     eax,-10H[ebp]
 0b66  8b 40 55                          mov     eax,+55H[eax]
 0b69  eb 06                             jmp     L65
 0b6b  8b 45 fc          L64             mov     eax,-4H[ebp]
 0b6e  8b 40 08                          mov     eax,+8H[eax]
 0b71  89 45 fc          L65             mov     -4H[ebp],eax
 0b74  83 7d fc 00                       cmp     dword ptr -4H[ebp],00000000H
 0b78  74 1d                             je      L66

  if (t!=local) t->send(b,num);//dont send to ourselves
 0b7a  8b 45 fc                          mov     eax,-4H[ebp]
 0b7d  8b 55 f0                          mov     edx,-10H[ebp]
 0b80  8b 5a 20                          mov     ebx,+20H[edx]
 0b83  39 d8                             cmp     eax,ebx
 0b85  74 e4                             je      L64
 0b87  8b 5d f8                          mov     ebx,-8H[ebp]
 0b8a  8b 55 f4                          mov     edx,-0cH[ebp]
 0b8d  8b 45 fc                          mov     eax,-4H[ebp]
 0b90  e8 00 00 00 00                    call    int near netnode::send( packet near *, int )
 0b95  eb d4                             jmp     L64

}

 0b97  89 ec             L66             mov     esp,ebp
 0b99  5d                                pop     ebp
 0b9a  c3                                ret     
 0b9b  90                                nop     

void netconnect::sendtoallsecure(struct packet *b,int num)
{
 0b9c                    void near netconnect::sendtoallsecure( packet near *, int ):
 0b9c  55                                push    ebp
 0b9d  89 e5                             mov     ebp,esp
 0b9f  83 ec 10                          sub     esp,00000010H
 0ba2  89 45 f0                          mov     -10H[ebp],eax
 0ba5  89 55 f4                          mov     -0cH[ebp],edx
 0ba8  89 5d f8                          mov     -8H[ebp],ebx

 for (netnode *t=n; t; t=t->next)
 0bab  8b 45 f0                          mov     eax,-10H[ebp]
 0bae  8b 40 55                          mov     eax,+55H[eax]
 0bb1  eb 06                             jmp     L68
 0bb3  8b 45 fc          L67             mov     eax,-4H[ebp]
 0bb6  8b 40 08                          mov     eax,+8H[eax]
 0bb9  89 45 fc          L68             mov     -4H[ebp],eax
 0bbc  83 7d fc 00                       cmp     dword ptr -4H[ebp],00000000H
 0bc0  74 1d                             je      L69

  if (t!=local) t->sendsecure(b,num); //dont send to ourselves
 0bc2  8b 45 fc                          mov     eax,-4H[ebp]
 0bc5  8b 55 f0                          mov     edx,-10H[ebp]
 0bc8  8b 5a 20                          mov     ebx,+20H[edx]
 0bcb  39 d8                             cmp     eax,ebx
 0bcd  74 e4                             je      L67
 0bcf  8b 5d f8                          mov     ebx,-8H[ebp]
 0bd2  8b 55 f4                          mov     edx,-0cH[ebp]
 0bd5  8b 45 fc                          mov     eax,-4H[ebp]
 0bd8  e8 00 00 00 00                    call    void near netnode::sendsecure( packet near *, int )
 0bdd  eb d4                             jmp     L67

}




 0bdf  89 ec             L69             mov     esp,ebp
 0be1  5d                                pop     ebp
 0be2  c3                                ret     
 0be3  90                                nop     

void netserver::tick()
{
 0be4                    void near netserver::tick():
 0be4  55                                push    ebp
 0be5  89 e5                             mov     ebp,esp
 0be7  83 ec 04                          sub     esp,00000004H
 0bea  89 45 fc                          mov     -4H[ebp],eax

 netconnect::tick();
 0bed  8b 45 fc                          mov     eax,-4H[ebp]
 0bf0  e8 00 00 00 00                    call    void near netconnect::tick()

}

 0bf5  89 ec                             mov     esp,ebp
 0bf7  5d                                pop     ebp
 0bf8  c3                                ret     
 0bf9  8d 40 00                          lea     eax,+0H[eax]

void netserver::sendpings()
{
 0bfc                    void near netserver::sendpings():
 0bfc  53                                push    ebx
 0bfd  52                                push    edx
 0bfe  55                                push    ebp
 0bff  89 e5                             mov     ebp,esp
 0c01  83 ec 0c                          sub     esp,0000000cH
 0c04  89 45 fc                          mov     -4H[ebp],eax

 p_ping p(uu); //send ping to all nodes
 0c07  8b 15 00 00 00 00                 mov     edx,int unsigned volatile near uu
 0c0d  8d 45 f4                          lea     eax,-0cH[ebp]
 0c10  e8 00 00 00 00                    call    near p_ping::p_ping( int unsigned )

 sendtoall(&p,sizeof(p));
 0c15  8b 45 fc                          mov     eax,-4H[ebp]
 0c18  bb 05 00 00 00                    mov     ebx,00000005H
 0c1d  8d 55 f4                          lea     edx,-0cH[ebp]
 0c20  e8 00 00 00 00                    call    void near netconnect::sendtoall( packet near *, int )

}

 0c25  89 ec                             mov     esp,ebp
 0c27  5d                                pop     ebp
 0c28  5a                                pop     edx
 0c29  5b                                pop     ebx
 0c2a  c3                                ret     
 0c2b  90                                nop     

void netserver::checktimeout()
{
 0c2c                    void near netserver::checktimeout():
 0c2c  53                                push    ebx
 0c2d  51                                push    ecx
 0c2e  52                                push    edx
 0c2f  55                                push    ebp
 0c30  89 e5                             mov     ebp,esp
 0c32  83 ec 10                          sub     esp,00000010H
 0c35  89 45 f0                          mov     -10H[ebp],eax

 for (netnode *tnext,*t=n; t; t=tnext)
  {
 0c38  8b 45 f0                          mov     eax,-10H[ebp]
 0c3b  8b 40 55                          mov     eax,+55H[eax]
 0c3e  eb 03                             jmp     L71
 0c40  8b 45 f4          L70             mov     eax,-0cH[ebp]
 0c43  89 45 f8          L71             mov     -8H[ebp],eax
 0c46  83 7d f8 00                       cmp     dword ptr -8H[ebp],00000000H
 0c4a  0f 84 81 00 00 00                 je      L72

   tnext=t->next;
 0c50  8b 45 f8                          mov     eax,-8H[ebp]
 0c53  8b 40 08                          mov     eax,+8H[eax]
 0c56  89 45 f4                          mov     -0cH[ebp],eax

   if (t!=local && t->pingtimeout.check()) //have they ping timedout yet?
     {
 0c59  8b 45 f8                          mov     eax,-8H[ebp]
 0c5c  8b 55 f0                          mov     edx,-10H[ebp]
 0c5f  8b 5a 20                          mov     ebx,+20H[edx]
 0c62  39 d8                             cmp     eax,ebx
 0c64  74 da                             je      L70
 0c66  8b 45 f8                          mov     eax,-8H[ebp]
 0c69  83 c0 31                          add     eax,00000031H
 0c6c  e8 00 00 00 00                    call    int near uutimer::check()
 0c71  85 c0                             test    eax,eax
 0c73  74 cb                             je      L70

      p_quit p(PQ_TIMEOUT,t->getnum()); //send quit notices to all nodes
 0c75  8b 45 f8                          mov     eax,-8H[ebp]
 0c78  e8 00 00 00 00                    call    char near netnode::getnum()
 0c7d  31 db                             xor     ebx,ebx
 0c7f  ba 02 00 00 00                    mov     edx,00000002H
 0c84  88 c3                             mov     bl,al
 0c86  8d 45 fc                          lea     eax,-4H[ebp]
 0c89  e8 00 00 00 00                    call    near p_quit::p_quit( char, char )

      sendtoall(&p,sizeof(p));
 0c8e  8b 45 f0                          mov     eax,-10H[ebp]
 0c91  bb 03 00 00 00                    mov     ebx,00000003H
 0c96  8d 55 fc                          lea     edx,-4H[ebp]
 0c99  e8 00 00 00 00                    call    void near netconnect::sendtoall( packet near *, int )

      msg.error("%s has timedout",t->getname());
 0c9e  8b 45 f8                          mov     eax,-8H[ebp]
 0ca1  e8 00 00 00 00                    call    char near * near netnode::getname()
 0ca6  50                                push    eax
 0ca7  68 c6 00 00 00                    push    offset L114
 0cac  68 00 00 00 00                    push    offset msgbuffer near msg
 0cb1  e8 00 00 00 00                    call    void near msgbuffer::error( char near *, ... )
 0cb6  83 c4 0c                          add     esp,0000000cH

      delete t;
     }
 0cb9  8b 45 f8                          mov     eax,-8H[ebp]
 0cbc  85 c0                             test    eax,eax
 0cbe  74 80                             je      L70
 0cc0  31 d2                             xor     edx,edx
 0cc2  e8 00 00 00 00                    call    near netnode::~netnode()
 0cc7  e8 00 00 00 00                    call    void near operator delete( void near * )

  }
 0ccc  e9 6f ff ff ff                    jmp     L70

}



//--------------------------------------------------
//client functions

 0cd1  89 ec             L72             mov     esp,ebp
 0cd3  5d                                pop     ebp
 0cd4  5a                                pop     edx
 0cd5  59                                pop     ecx
 0cd6  5b                                pop     ebx
 0cd7  c3                                ret     

netclient::netclient(NETADDR *n)
 :netconnect(n->getaf(),n->getport()),
  connecttimer(200),connecttimeout(1500)
{
 0cd8                    near netclient::netclient( NETADDR near * ):
 0cd8  53                                push    ebx
 0cd9  51                                push    ecx
 0cda  55                                push    ebp
 0cdb  89 e5                             mov     ebp,esp
 0cdd  83 ec 2c                          sub     esp,0000002cH
 0ce0  89 45 f8                          mov     -8H[ebp],eax
 0ce3  89 55 fc                          mov     -4H[ebp],edx
 0ce6  8b 45 fc                          mov     eax,-4H[ebp]
 0ce9  31 db                             xor     ebx,ebx
 0ceb  e8 00 00 00 00                    call    short unsigned near NETADDR::getport()
 0cf0  66 89 c3                          mov     bx,ax
 0cf3  8b 45 fc                          mov     eax,-4H[ebp]
 0cf6  e8 00 00 00 00                    call    int near NETADDR::getaf()
 0cfb  8b 4d f8                          mov     ecx,-8H[ebp]
 0cfe  89 c2                             mov     edx,eax
 0d00  89 c8                             mov     eax,ecx
 0d02  e8 00 00 00 00                    call    near netconnect::netconnect( int, short unsigned )
 0d07  89 45 f8                          mov     -8H[ebp],eax
 0d0a  8b 45 f8                          mov     eax,-8H[ebp]
 0d0d  ba c8 00 00 00                    mov     edx,000000c8H
 0d12  83 c0 6d                          add     eax,0000006dH
 0d15  e8 00 00 00 00                    call    near uutimer::uutimer( int unsigned )
 0d1a  8d 50 93                          lea     edx,-6dH[eax]
 0d1d  89 55 f8                          mov     -8H[ebp],edx
 0d20  ba dc 05 00 00                    mov     edx,000005dcH
 0d25  83 c0 08                          add     eax,00000008H
 0d28  e8 00 00 00 00                    call    near uutimer::uutimer( int unsigned )
 0d2d  83 e8 75                          sub     eax,00000075H
 0d30  89 45 f8                          mov     -8H[ebp],eax
 0d33  8b 45 f8                          mov     eax,-8H[ebp]
 0d36  c7 40 69 00 00 00 
       00                                mov     dword ptr +69H[eax],offset void (near * const near __vftbl[])()

 nodeinfo serverinfo;
 0d3d  8d 45 d4                          lea     eax,-2cH[ebp]
 0d40  e8 00 00 00 00                    call    near nodeinfo::nodeinfo()

 serverinfo.num=0; //server is number 0
 0d45  30 e4                             xor     ah,ah
 0d47  88 65 d4                          mov     -2cH[ebp],ah

 serverinfo.setname("-server-");
 0d4a  ba d6 00 00 00                    mov     edx,offset L115
 0d4f  8d 45 d4                          lea     eax,-2cH[ebp]
 0d52  e8 00 00 00 00                    call    void near nodeinfo::setname( char near * )

 serverinfo.a=*n;
 0d57  8b 55 fc                          mov     edx,-4H[ebp]
 0d5a  8d 45 d5                          lea     eax,-2bH[ebp]
 0d5d  e8 00 00 00 00                    call    NETADDR near & near NETADDR::operator =( NETADDR const near & )

 server=new netnode(this,&serverinfo); //create server node

 0d62  b8 5b 00 00 00                    mov     eax,0000005bH
 0d67  e8 00 00 00 00                    call    void near * near operator new( int unsigned )
 0d6c  85 c0                             test    eax,eax
 0d6e  74 0b                             je      L73
 0d70  8b 55 f8                          mov     edx,-8H[ebp]
 0d73  8d 5d d4                          lea     ebx,-2cH[ebp]
 0d76  e8 00 00 00 00                    call    near netnode::netnode( netconnect near *, nodeinfo near * )
 0d7b  8b 55 f8          L73             mov     edx,-8H[ebp]
 0d7e  89 42 1c                          mov     +1cH[edx],eax

 local=0; //not created yet...until accepted connection
 0d81  8b 45 f8                          mov     eax,-8H[ebp]
 0d84  c7 40 20 00 00 00 
       00                                mov     dword ptr +20H[eax],00000000H

 nc=this;
 0d8b  8b 45 f8                          mov     eax,-8H[ebp]
 0d8e  a3 00 00 00 00                    mov     netconnect near * near nc,eax

 msg.printf(6,"Attempting connect to %s...",server->getaddr()->getstr());
 0d93  8b 45 f8                          mov     eax,-8H[ebp]
 0d96  8b 40 1c                          mov     eax,+1cH[eax]
 0d99  e8 00 00 00 00                    call    NETADDR near * near netnode::getaddr()
 0d9e  e8 00 00 00 00                    call    char near * near NETADDR::getstr()
 0da3  50                                push    eax
 0da4  68 df 00 00 00                    push    offset L116
 0da9  6a 06                             push    00000006H
 0dab  68 00 00 00 00                    push    offset msgbuffer near msg
 0db0  e8 00 00 00 00                    call    void near msgbuffer::printf( int, char near *, ... )
 0db5  83 c4 10                          add     esp,00000010H

 netdlgopen();
 0db8  e8 00 00 00 00                    call    void near netdlgopen()

}
 0dbd  8b 45 f8                          mov     eax,-8H[ebp]
 0dc0  89 ec                             mov     esp,ebp
 0dc2  5d                                pop     ebp
 0dc3  59                                pop     ecx
 0dc4  5b                                pop     ebx
 0dc5  c3                                ret     
 0dc6  8b c0                             mov     eax,eax

netclient::~netclient()
{
 0dc8                    near netclient::~netclient():
 0dc8  53                                push    ebx
 0dc9  51                                push    ecx
 0dca  55                                push    ebp
 0dcb  89 e5                             mov     ebp,esp
 0dcd  83 ec 08                          sub     esp,00000008H
 0dd0  89 45 f8                          mov     -8H[ebp],eax
 0dd3  89 55 fc                          mov     -4H[ebp],edx
 0dd6  8b 55 fc                          mov     edx,-4H[ebp]
 0dd9  f6 c2 04                          test    dl,04H
 0ddc  74 14                             je      L74
 0dde  8b 45 f8                          mov     eax,-8H[ebp]
 0de1  ba 00 00 00 00                    mov     edx,offset char unsigned const near __typesig[]
 0de6  e8 00 00 00 00                    call    __wcpp_2_dtor_array_store__
 0deb  e8 00 00 00 00                    call    void near operator delete []( void near * )
 0df0  eb 48                             jmp     L76
 0df2  8b 45 f8          L74             mov     eax,-8H[ebp]
 0df5  c7 40 69 00 00 00 
       00                                mov     dword ptr +69H[eax],offset void (near * const near __vftbl[])()

 if (connected) msg.printf(6,"Closing connection.");
 0dfc  8b 45 f8                          mov     eax,-8H[ebp]
 0dff  8b 58 4d                          mov     ebx,+4dH[eax]
 0e02  85 db                             test    ebx,ebx
 0e04  74 14                             je      L75
 0e06  68 fb 00 00 00                    push    offset L117
 0e0b  6a 06                             push    00000006H
 0e0d  68 00 00 00 00                    push    offset msgbuffer near msg
 0e12  e8 00 00 00 00                    call    void near msgbuffer::printf( int, char near *, ... )
 0e17  83 c4 0c                          add     esp,0000000cH

};


 0e1a  8b 45 f8          L75             mov     eax,-8H[ebp]
 0e1d  ba 01 00 00 00                    mov     edx,00000001H
 0e22  e8 00 00 00 00                    call    near netconnect::~netconnect()
 0e27  89 45 f8                          mov     -8H[ebp],eax
 0e2a  8b 4d fc                          mov     ecx,-4H[ebp]
 0e2d  f6 c1 02                          test    cl,02H
 0e30  74 08                             je      L76
 0e32  8b 45 f8                          mov     eax,-8H[ebp]
 0e35  e8 00 00 00 00                    call    void near operator delete( void near * )
 0e3a  8b 45 f8          L76             mov     eax,-8H[ebp]
 0e3d  89 ec                             mov     esp,ebp
 0e3f  5d                                pop     ebp
 0e40  59                                pop     ecx
 0e41  5b                                pop     ebx
 0e42  c3                                ret     
 0e43  90                                nop     

void netclient::tick()
{
 0e44                    void near netclient::tick():
 0e44  53                                push    ebx
 0e45  51                                push    ecx
 0e46  52                                push    edx
 0e47  55                                push    ebp
 0e48  89 e5                             mov     ebp,esp
 0e4a  83 ec 28                          sub     esp,00000028H
 0e4d  89 45 fc                          mov     -4H[ebp],eax

 if (!connected)  //not connected yet
 {
 0e50  8b 45 fc                          mov     eax,-4H[ebp]
 0e53  83 78 4d 00                       cmp     dword ptr +4dH[eax],00000000H
 0e57  0f 85 98 00 00 00                 jne     L79

 0e5d  8b 45 fc                          mov     eax,-4H[ebp]
 0e60  8b 58 65                          mov     ebx,+65H[eax]

  if (disconnecting)
   {
 0e63  85 db                             test    ebx,ebx
 0e65  74 22                             je      L77

    msg.error("Aborting connection attempt");
 0e67  68 0f 01 00 00                    push    offset L118
 0e6c  68 00 00 00 00                    push    offset msgbuffer near msg
 0e71  e8 00 00 00 00                    call    void near msgbuffer::error( char near *, ... )
 0e76  83 c4 08                          add     esp,00000008H

    delete this;
 0e79  8b 45 fc                          mov     eax,-4H[ebp]
 0e7c  8b 58 69                          mov     ebx,+69H[eax]
 0e7f  ba 02 00 00 00                    mov     edx,00000002H
 0e84  ff 53 18                          call    dword ptr +18H[ebx]

    return;
   }

 0e87  eb 74                             jmp     L80

  if (connecttimer.check())  //attempt connection
  {   //send connect packet
 0e89  8b 45 fc          L77             mov     eax,-4H[ebp]
 0e8c  83 c0 6d                          add     eax,0000006dH
 0e8f  e8 00 00 00 00                    call    int near uutimer::check()
 0e94  85 c0                             test    eax,eax
 0e96  74 2c                             je      L78

   p_connect p(&localinfo);
 0e98  8b 55 fc                          mov     edx,-4H[ebp]
 0e9b  8d 45 d8                          lea     eax,-28H[ebp]
 0e9e  83 c2 24                          add     edx,00000024H
 0ea1  e8 00 00 00 00                    call    near p_connect::p_connect( nodeinfo near * )

   server->send(&p,sizeof(p));
 0ea6  8b 45 fc                          mov     eax,-4H[ebp]
 0ea9  bb 22 00 00 00                    mov     ebx,00000022H
 0eae  8d 55 d8                          lea     edx,-28H[ebp]
 0eb1  8b 40 1c                          mov     eax,+1cH[eax]
 0eb4  e8 00 00 00 00                    call    int near netnode::send( packet near *, int )

   connecttimer.reset();
  }
 0eb9  8b 45 fc                          mov     eax,-4H[ebp]
 0ebc  83 c0 6d                          add     eax,0000006dH
 0ebf  e8 00 00 00 00                    call    void near uutimer::reset()

  if (connecttimeout.check()) //time to timeout?
   {
 0ec4  8b 45 fc          L78             mov     eax,-4H[ebp]
 0ec7  83 c0 75                          add     eax,00000075H
 0eca  e8 00 00 00 00                    call    int near uutimer::check()
 0ecf  85 c0                             test    eax,eax
 0ed1  74 2a                             je      L80

    msg.error("Unable to connect to server");
 0ed3  68 2b 01 00 00                    push    offset L119
 0ed8  68 00 00 00 00                    push    offset msgbuffer near msg
 0edd  e8 00 00 00 00                    call    void near msgbuffer::error( char near *, ... )
 0ee2  83 c4 08                          add     esp,00000008H

    disconnect();
    return;
   }
  return;
 }
 0ee5  8b 45 fc                          mov     eax,-4H[ebp]
 0ee8  8b 50 69                          mov     edx,+69H[eax]
 0eeb  ff 52 04                          call    dword ptr +4H[edx]
 0eee  89 ec                             mov     esp,ebp
 0ef0  5d                                pop     ebp
 0ef1  5a                                pop     edx
 0ef2  59                                pop     ecx
 0ef3  5b                                pop     ebx
 0ef4  c3                                ret     

 netconnect::tick();
 0ef5  8b 45 fc          L79             mov     eax,-4H[ebp]
 0ef8  e8 00 00 00 00                    call    void near netconnect::tick()

}

 0efd  89 ec             L80             mov     esp,ebp
 0eff  5d                                pop     ebp
 0f00  5a                                pop     edx
 0f01  59                                pop     ecx
 0f02  5b                                pop     ebx
 0f03  c3                                ret     

void netclient::sendpings()
{
 0f04                    void near netclient::sendpings():
 0f04  53                                push    ebx
 0f05  52                                push    edx
 0f06  55                                push    ebp
 0f07  89 e5                             mov     ebp,esp
 0f09  83 ec 0c                          sub     esp,0000000cH
 0f0c  89 45 fc                          mov     -4H[ebp],eax

 p_ping p(uu);
 0f0f  8b 15 00 00 00 00                 mov     edx,int unsigned volatile near uu
 0f15  8d 45 f4                          lea     eax,-0cH[ebp]
 0f18  e8 00 00 00 00                    call    near p_ping::p_ping( int unsigned )

 sendtoall(&p,sizeof(p)); //send ping to our node friends
 0f1d  8b 45 fc                          mov     eax,-4H[ebp]
 0f20  bb 05 00 00 00                    mov     ebx,00000005H
 0f25  8d 55 f4                          lea     edx,-0cH[ebp]
 0f28  e8 00 00 00 00                    call    void near netconnect::sendtoall( packet near *, int )

}

 0f2d  89 ec                             mov     esp,ebp
 0f2f  5d                                pop     ebp
 0f30  5a                                pop     edx
 0f31  5b                                pop     ebx
 0f32  c3                                ret     
 0f33  90                                nop     

void netclient::checktimeout()
{
 0f34                    void near netclient::checktimeout():
 0f34  53                                push    ebx
 0f35  51                                push    ecx
 0f36  52                                push    edx
 0f37  55                                push    ebp
 0f38  89 e5                             mov     ebp,esp
 0f3a  83 ec 04                          sub     esp,00000004H
 0f3d  89 45 fc                          mov     -4H[ebp],eax

 if (server->pingtimeout.check())
  {
 0f40  8b 45 fc                          mov     eax,-4H[ebp]
 0f43  8b 40 1c                          mov     eax,+1cH[eax]
 0f46  83 c0 31                          add     eax,00000031H
 0f49  e8 00 00 00 00                    call    int near uutimer::check()
 0f4e  85 c0                             test    eax,eax
 0f50  74 2a                             je      L81

   msg.error("Server timed out");
 0f52  68 47 01 00 00                    push    offset L120
 0f57  68 00 00 00 00                    push    offset msgbuffer near msg
 0f5c  e8 00 00 00 00                    call    void near msgbuffer::error( char near *, ... )
 0f61  83 c4 08                          add     esp,00000008H

   connected=0;
 0f64  8b 45 fc                          mov     eax,-4H[ebp]
 0f67  c7 40 4d 00 00 00 
       00                                mov     dword ptr +4dH[eax],00000000H

   delete this; //netdisconnect();
   return;
  }
 0f6e  8b 45 fc                          mov     eax,-4H[ebp]
 0f71  8b 58 69                          mov     ebx,+69H[eax]
 0f74  ba 02 00 00 00                    mov     edx,00000002H
 0f79  ff 53 18                          call    dword ptr +18H[ebx]

}


//------------------------------------------------
// socket functions

//functions for receiving udp socket dgrams
 0f7c  89 ec             L81             mov     esp,ebp
 0f7e  5d                                pop     ebp
 0f7f  5a                                pop     edx
 0f80  59                                pop     ecx
 0f81  5b                                pop     ebx
 0f82  c3                                ret     
 0f83  90                                nop     

void wm_udpsocket(SOCKET t,int flags)
{
 0f84                    void near wm_udpsocket( int unsigned, int ):
 0f84  55                                push    ebp
 0f85  89 e5                             mov     ebp,esp
 0f87  83 ec 08                          sub     esp,00000008H
 0f8a  89 45 f8                          mov     -8H[ebp],eax
 0f8d  89 55 fc                          mov     -4H[ebp],edx

 if (!nc) return; //no connection...strange
 0f90  83 3d 00 00 00 00 
       00                                cmp     dword ptr netconnect near * near nc,00000000H
 0f97  74 13                             je      L82

 if (flags==FD_READ)
  {
 0f99  83 7d fc 01                       cmp     dword ptr -4H[ebp],00000001H
 0f9d  75 0d                             jne     L82

   nc->socketrecv(t);
   return;
  }
// msg.error("unknown socket message");
 0f9f  8b 55 f8                          mov     edx,-8H[ebp]
 0fa2  a1 00 00 00 00                    mov     eax,netconnect near * near nc
 0fa7  e8 00 00 00 00                    call    void near netconnect::socketrecv( int unsigned )

}
//function for error
 0fac  89 ec             L82             mov     esp,ebp
 0fae  5d                                pop     ebp
 0faf  c3                                ret     

void wm_socketerror(SOCKET t,int flags,int error)
{
 0fb0                    void near wm_socketerror( int unsigned, int, int ):
 0fb0  55                                push    ebp
 0fb1  89 e5                             mov     ebp,esp
 0fb3  83 ec 0c                          sub     esp,0000000cH
 0fb6  89 45 f4                          mov     -0cH[ebp],eax
 0fb9  89 55 f8                          mov     -8H[ebp],edx
 0fbc  89 5d fc                          mov     -4H[ebp],ebx

 if (!nc) return;
 0fbf  83 3d 00 00 00 00 
       00                                cmp     dword ptr netconnect near * near nc,00000000H
 0fc6  74 0d                             je      L83

 nc->socketerror(t);
 0fc8  8b 55 f4                          mov     edx,-0cH[ebp]
 0fcb  a1 00 00 00 00                    mov     eax,netconnect near * near nc
 0fd0  e8 00 00 00 00                    call    void near netconnect::socketerror( int unsigned )

}


//----------------------------------
//secure packet shit


 0fd5  89 ec             L83             mov     esp,ebp
 0fd7  5d                                pop     ebp
 0fd8  c3                                ret     
 0fd9  8d 40 00                          lea     eax,+0H[eax]

securepacket::securepacket(netnode *_n,p_secure *_ps,int _size,securepacket **_list)
  :n(_n),ps(0),size(_size),list(_list)
  {
   //duplicate packet
 0fdc                    near securepacket::securepacket( netnode near *, p_secure near *, int, securepacket near * near * ):
 0fdc  56                                push    esi
 0fdd  57                                push    edi
 0fde  55                                push    ebp
 0fdf  89 e5                             mov     ebp,esp
 0fe1  83 ec 18                          sub     esp,00000018H
 0fe4  89 45 e8                          mov     -18H[ebp],eax
 0fe7  89 55 ec                          mov     -14H[ebp],edx
 0fea  89 5d f0                          mov     -10H[ebp],ebx
 0fed  89 4d f4                          mov     -0cH[ebp],ecx
 0ff0  8b 45 ec                          mov     eax,-14H[ebp]
 0ff3  8b 4d e8                          mov     ecx,-18H[ebp]
 0ff6  89 41 08                          mov     +8H[ecx],eax
 0ff9  8b 45 e8                          mov     eax,-18H[ebp]
 0ffc  c7 40 0e 00 00 00 
       00                                mov     dword ptr +0eH[eax],00000000H
 1003  8b 45 f4                          mov     eax,-0cH[ebp]
 1006  8b 4d e8                          mov     ecx,-18H[ebp]
 1009  89 41 12                          mov     +12H[ecx],eax
 100c  8b 45 10                          mov     eax,+10H[ebp]
 100f  8b 4d e8                          mov     ecx,-18H[ebp]
 1012  89 41 16                          mov     +16H[ecx],eax
 1015  8b 45 e8                          mov     eax,-18H[ebp]
 1018  c7 40 1a 00 00 00 
       00                                mov     dword ptr +1aH[eax],offset void (near * const near __vftbl[])()

   ps=(p_secure *)malloc(size);
 101f  8b 45 e8                          mov     eax,-18H[ebp]
 1022  8b 40 12                          mov     eax,+12H[eax]
 1025  e8 00 00 00 00                    call    malloc_
 102a  8b 4d e8                          mov     ecx,-18H[ebp]
 102d  89 41 0e                          mov     +0eH[ecx],eax

   memcpy(ps,_ps,size);
 1030  8b 4d e8                          mov     ecx,-18H[ebp]
 1033  8b 49 12                          mov     ecx,+12H[ecx]
 1036  8b 75 f0                          mov     esi,-10H[ebp]
 1039  8b 7d e8                          mov     edi,-18H[ebp]
 103c  8b 7f 0e                          mov     edi,+0eH[edi]
 103f  57                                push    edi
 1040  89 c8                             mov     eax,ecx
 1042  c1 e9 02                          shr     ecx,02H
 1045  f2 a5                             repne   movsd    
 1047  8a c8                             mov     cl,al
 1049  80 e1 03                          and     cl,03H
 104c  f2 a4                             repne   movsb    
 104e  5f                                pop     edi

   pid=ps->pid;

   //link to list
 104f  8b 45 e8                          mov     eax,-18H[ebp]
 1052  8b 40 0e                          mov     eax,+0eH[eax]
 1055  66 8b 40 01                       mov     ax,+1H[eax]
 1059  8b 4d e8                          mov     ecx,-18H[ebp]

   securepacket *ip=0; //insertion point
 105c  31 d2                             xor     edx,edx
 105e  66 89 41 0c                       mov     +0cH[ecx],ax
 1062  89 55 f8                          mov     -8H[ebp],edx

 1065  8b 45 e8                          mov     eax,-18H[ebp]
 1068  8b 40 16                          mov     eax,+16H[eax]
 106b  8b 00                             mov     eax,[eax]
 106d  eb 0c                             jmp     L85

   for (securepacket *t=*list; t; ip=t,t=t->next)
 106f  8b 45 fc          L84             mov     eax,-4H[ebp]
 1072  89 45 f8                          mov     -8H[ebp],eax
 1075  8b 45 fc                          mov     eax,-4H[ebp]
 1078  8b 40 04                          mov     eax,+4H[eax]
 107b  89 45 fc          L85             mov     -4H[ebp],eax
 107e  83 7d fc 00                       cmp     dword ptr -4H[ebp],00000000H
 1082  74 13                             je      L86

     if (pid < t->pid) break;

   //insert after ip
 1084  8b 45 e8                          mov     eax,-18H[ebp]
 1087  66 8b 48 0c                       mov     cx,+0cH[eax]
 108b  8b 45 fc                          mov     eax,-4H[ebp]
 108e  66 8b 50 0c                       mov     dx,+0cH[eax]
 1092  66 39 d1                          cmp     cx,dx
 1095  73 d8                             jae     L84

   next=ip ? ip->next : *list;
 1097  83 7d f8 00       L86             cmp     dword ptr -8H[ebp],00000000H
 109b  74 08                             je      L87
 109d  8b 45 f8                          mov     eax,-8H[ebp]
 10a0  8b 40 04                          mov     eax,+4H[eax]
 10a3  eb 08                             jmp     L88
 10a5  8b 45 e8          L87             mov     eax,-18H[ebp]
 10a8  8b 40 16                          mov     eax,+16H[eax]
 10ab  8b 00                             mov     eax,[eax]
 10ad  8b 4d e8          L88             mov     ecx,-18H[ebp]
 10b0  89 41 04                          mov     +4H[ecx],eax

   prev=ip;
 10b3  8b 45 f8                          mov     eax,-8H[ebp]
 10b6  8b 4d e8                          mov     ecx,-18H[ebp]
 10b9  89 01                             mov     [ecx],eax

   if (next) next->prev=this; //else
 10bb  8b 45 e8                          mov     eax,-18H[ebp]
 10be  83 78 04 00                       cmp     dword ptr +4H[eax],00000000H
 10c2  74 0b                             je      L89
 10c4  8b 45 e8                          mov     eax,-18H[ebp]
 10c7  8b 48 04                          mov     ecx,+4H[eax]
 10ca  8b 45 e8                          mov     eax,-18H[ebp]
 10cd  89 01                             mov     [ecx],eax

   if (prev) prev->next=this; else *list=this;
 10cf  8b 45 e8          L89             mov     eax,-18H[ebp]
 10d2  83 38 00                          cmp     dword ptr [eax],00000000H
 10d5  74 0d                             je      L90
 10d7  8b 45 e8                          mov     eax,-18H[ebp]
 10da  8b 08                             mov     ecx,[eax]
 10dc  8b 45 e8                          mov     eax,-18H[ebp]
 10df  89 41 04                          mov     +4H[ecx],eax
 10e2  eb 0b                             jmp     L91
 10e4  8b 45 e8          L90             mov     eax,-18H[ebp]
 10e7  8b 48 16                          mov     ecx,+16H[eax]
 10ea  8b 45 e8                          mov     eax,-18H[ebp]
 10ed  89 01                             mov     [ecx],eax

  }

 10ef  8b 45 e8          L91             mov     eax,-18H[ebp]
 10f2  89 ec                             mov     esp,ebp
 10f4  5d                                pop     ebp
 10f5  5f                                pop     edi
 10f6  5e                                pop     esi
 10f7  c2 04 00                          ret     0004H
 10fa  8b c0                             mov     eax,eax

securepacket::~securepacket()
  {
 10fc                    near securepacket::~securepacket():
 10fc  53                                push    ebx
 10fd  57                                push    edi
 10fe  55                                push    ebp
 10ff  89 e5                             mov     ebp,esp
 1101  83 ec 08                          sub     esp,00000008H
 1104  89 45 f8                          mov     -8H[ebp],eax
 1107  89 55 fc                          mov     -4H[ebp],edx
 110a  8b 55 fc                          mov     edx,-4H[ebp]
 110d  f6 c2 04                          test    dl,04H
 1110  74 17                             je      L92
 1112  8b 45 f8                          mov     eax,-8H[ebp]
 1115  ba 00 00 00 00                    mov     edx,offset char unsigned const near __typesig[]
 111a  e8 00 00 00 00                    call    __wcpp_2_dtor_array_store__
 111f  e8 00 00 00 00                    call    void near operator delete []( void near * )
 1124  e9 6d 00 00 00                    jmp     L97
 1129  8b 45 f8          L92             mov     eax,-8H[ebp]
 112c  c7 40 1a 00 00 00 
       00                                mov     dword ptr +1aH[eax],offset void (near * const near __vftbl[])()

   if (ps) free(ps);

 1133  8b 45 f8                          mov     eax,-8H[ebp]
 1136  8b 58 0e                          mov     ebx,+0eH[eax]
 1139  85 db                             test    ebx,ebx
 113b  74 0b                             je      L93
 113d  8b 45 f8                          mov     eax,-8H[ebp]
 1140  8b 40 0e                          mov     eax,+0eH[eax]
 1143  e8 00 00 00 00                    call    free_

   if (prev) prev->next=next; else *list=next;
 1148  8b 45 f8          L93             mov     eax,-8H[ebp]
 114b  83 38 00                          cmp     dword ptr [eax],00000000H
 114e  74 10                             je      L94
 1150  8b 45 f8                          mov     eax,-8H[ebp]
 1153  8b 10                             mov     edx,[eax]
 1155  8b 45 f8                          mov     eax,-8H[ebp]
 1158  8b 40 04                          mov     eax,+4H[eax]
 115b  89 42 04                          mov     +4H[edx],eax
 115e  eb 0e                             jmp     L95
 1160  8b 45 f8          L94             mov     eax,-8H[ebp]
 1163  8b 50 16                          mov     edx,+16H[eax]
 1166  8b 45 f8                          mov     eax,-8H[ebp]
 1169  8b 40 04                          mov     eax,+4H[eax]
 116c  89 02                             mov     [edx],eax

   if (next) next->prev=prev;
 116e  8b 45 f8          L95             mov     eax,-8H[ebp]
 1171  83 78 04 00                       cmp     dword ptr +4H[eax],00000000H
 1175  74 0d                             je      L96
 1177  8b 45 f8                          mov     eax,-8H[ebp]
 117a  8b 50 04                          mov     edx,+4H[eax]
 117d  8b 45 f8                          mov     eax,-8H[ebp]
 1180  8b 00                             mov     eax,[eax]
 1182  89 02                             mov     [edx],eax

  }

 1184  8b 7d fc          L96             mov     edi,-4H[ebp]
 1187  66 f7 c7 02 00                    test    di,0002H
 118c  74 08                             je      L97
 118e  8b 45 f8                          mov     eax,-8H[ebp]
 1191  e8 00 00 00 00                    call    void near operator delete( void near * )
 1196  8b 45 f8          L97             mov     eax,-8H[ebp]
 1199  89 ec                             mov     esp,ebp
 119b  5d                                pop     ebp
 119c  5f                                pop     edi
 119d  5b                                pop     ebx
 119e  c3                                ret     
 119f  90                                nop     

securepacket_in::securepacket_in(netnode *_n,p_secure *_ps,int _size)
 11a0                    near securepacket_in::securepacket_in( netnode near *, p_secure near *, int ):
 11a0  55                                push    ebp
 11a1  89 e5                             mov     ebp,esp
 11a3  83 ec 10                          sub     esp,00000010H
 11a6  89 45 f0                          mov     -10H[ebp],eax
 11a9  89 55 f4                          mov     -0cH[ebp],edx
 11ac  89 5d f8                          mov     -8H[ebp],ebx
 11af  89 4d fc                          mov     -4H[ebp],ecx
 11b2  8b 45 f4                          mov     eax,-0cH[ebp]
 11b5  83 c0 57                          add     eax,00000057H
 11b8  8b 4d fc                          mov     ecx,-4H[ebp]
 11bb  8b 5d f8                          mov     ebx,-8H[ebp]
 11be  8b 55 f4                          mov     edx,-0cH[ebp]
 11c1  50                                push    eax
 11c2  8b 45 f0                          mov     eax,-10H[ebp]
 11c5  e8 00 00 00 00                    call    near securepacket::securepacket( netnode near *, p_secure near *, int, securepacket near * near * )
 11ca  89 45 f0                          mov     -10H[ebp],eax
 11cd  8b 45 f0                          mov     eax,-10H[ebp]
 11d0  c7 40 1a 00 00 00 
       00                                mov     dword ptr +1aH[eax],offset void (near * const near __vftbl[])()

  :securepacket(_n,_ps,_size,(securepacket **)&_n->p_in) {n->num_in++;}

 11d7  8b 45 f0                          mov     eax,-10H[ebp]
 11da  8b 40 08                          mov     eax,+8H[eax]
 11dd  ff 40 53                          inc     dword ptr +53H[eax]
 11e0  8b 45 f0                          mov     eax,-10H[ebp]
 11e3  89 ec                             mov     esp,ebp
 11e5  5d                                pop     ebp
 11e6  c3                                ret     
 11e7  90                                nop     

securepacket_in::~securepacket_in() {n->num_in--;}

 11e8                    near securepacket_in::~securepacket_in():
 11e8  51                                push    ecx
 11e9  55                                push    ebp
 11ea  89 e5                             mov     ebp,esp
 11ec  83 ec 08                          sub     esp,00000008H
 11ef  89 45 f8                          mov     -8H[ebp],eax
 11f2  89 55 fc                          mov     -4H[ebp],edx
 11f5  8b 55 fc                          mov     edx,-4H[ebp]
 11f8  f6 c2 04                          test    dl,04H
 11fb  74 14                             je      L98
 11fd  8b 45 f8                          mov     eax,-8H[ebp]
 1200  ba 00 00 00 00                    mov     edx,offset char unsigned const near __typesig[]
 1205  e8 00 00 00 00                    call    __wcpp_2_dtor_array_store__
 120a  e8 00 00 00 00                    call    void near operator delete []( void near * )
 120f  eb 33                             jmp     L99
 1211  8b 45 f8          L98             mov     eax,-8H[ebp]
 1214  c7 40 1a 00 00 00 
       00                                mov     dword ptr +1aH[eax],offset void (near * const near __vftbl[])()
 121b  8b 45 f8                          mov     eax,-8H[ebp]
 121e  8b 40 08                          mov     eax,+8H[eax]
 1221  ff 48 53                          dec     dword ptr +53H[eax]
 1224  8b 45 f8                          mov     eax,-8H[ebp]
 1227  ba 01 00 00 00                    mov     edx,00000001H
 122c  e8 00 00 00 00                    call    near securepacket::~securepacket()
 1231  89 45 f8                          mov     -8H[ebp],eax
 1234  8b 4d fc                          mov     ecx,-4H[ebp]
 1237  f6 c1 02                          test    cl,02H
 123a  74 08                             je      L99
 123c  8b 45 f8                          mov     eax,-8H[ebp]
 123f  e8 00 00 00 00                    call    void near operator delete( void near * )
 1244  8b 45 f8          L99             mov     eax,-8H[ebp]
 1247  89 ec                             mov     esp,ebp
 1249  5d                                pop     ebp
 124a  59                                pop     ecx
 124b  c3                                ret     

void securepacket_out::send()
{
 124c                    void near securepacket_out::send():
 124c  53                                push    ebx
 124d  52                                push    edx
 124e  55                                push    ebp
 124f  89 e5                             mov     ebp,esp
 1251  83 ec 04                          sub     esp,00000004H
 1254  89 45 fc                          mov     -4H[ebp],eax

 n->send(ps,size);
 1257  8b 5d fc                          mov     ebx,-4H[ebp]
 125a  8b 5b 12                          mov     ebx,+12H[ebx]
 125d  8b 55 fc                          mov     edx,-4H[ebp]
 1260  8b 52 0e                          mov     edx,+0eH[edx]
 1263  8b 45 fc                          mov     eax,-4H[ebp]
 1266  8b 40 08                          mov     eax,+8H[eax]
 1269  e8 00 00 00 00                    call    int near netnode::send( packet near *, int )

 resendtime.reset();
 126e  8b 45 fc                          mov     eax,-4H[ebp]
 1271  83 c0 1e                          add     eax,0000001eH
 1274  e8 00 00 00 00                    call    void near uutimer::reset()

}

 1279  89 ec                             mov     esp,ebp
 127b  5d                                pop     ebp
 127c  5a                                pop     edx
 127d  5b                                pop     ebx
 127e  c3                                ret     
 127f  90                                nop     

securepacket_out::securepacket_out(netnode *_n,p_secure *_ps,int _size)
  :securepacket(_n,_ps,_size,(securepacket **)&_n->p_out),
   resendtime(max((int)_n->pingtime,100)) //resend time
 1280                    near securepacket_out::securepacket_out( netnode near *, p_secure near *, int ):
 1280  55                                push    ebp
 1281  89 e5                             mov     ebp,esp
 1283  83 ec 10                          sub     esp,00000010H
 1286  89 45 f0                          mov     -10H[ebp],eax
 1289  89 55 f4                          mov     -0cH[ebp],edx
 128c  89 5d f8                          mov     -8H[ebp],ebx
 128f  89 4d fc                          mov     -4H[ebp],ecx
 1292  8b 45 f4                          mov     eax,-0cH[ebp]
 1295  83 c0 4d                          add     eax,0000004dH
 1298  8b 4d fc                          mov     ecx,-4H[ebp]
 129b  8b 5d f8                          mov     ebx,-8H[ebp]
 129e  8b 55 f4                          mov     edx,-0cH[ebp]
 12a1  50                                push    eax
 12a2  8b 45 f0                          mov     eax,-10H[ebp]
 12a5  e8 00 00 00 00                    call    near securepacket::securepacket( netnode near *, p_secure near *, int, securepacket near * near * )
 12aa  89 45 f0                          mov     -10H[ebp],eax
 12ad  8b 45 f4                          mov     eax,-0cH[ebp]
 12b0  8b 50 2d                          mov     edx,+2dH[eax]
 12b3  83 fa 64                          cmp     edx,00000064H
 12b6  7e 08                             jle     L100
 12b8  8b 55 f4                          mov     edx,-0cH[ebp]
 12bb  8b 52 2d                          mov     edx,+2dH[edx]
 12be  eb 05                             jmp     L101
 12c0  ba 64 00 00 00    L100            mov     edx,00000064H
 12c5  8b 45 f0          L101            mov     eax,-10H[ebp]
 12c8  83 c0 1e                          add     eax,0000001eH
 12cb  e8 00 00 00 00                    call    near uutimer::uutimer( int unsigned )
 12d0  83 e8 1e                          sub     eax,0000001eH
 12d3  89 45 f0                          mov     -10H[ebp],eax
 12d6  8b 45 f0                          mov     eax,-10H[ebp]
 12d9  c7 40 1a 00 00 00 
       00                                mov     dword ptr +1aH[eax],offset void (near * const near __vftbl[])()

     {send(); n->num_out++;}

 12e0  8b 45 f0                          mov     eax,-10H[ebp]
 12e3  e8 00 00 00 00                    call    void near securepacket_out::send()
 12e8  8b 45 f0                          mov     eax,-10H[ebp]
 12eb  8b 40 08                          mov     eax,+8H[eax]
 12ee  ff 40 49                          inc     dword ptr +49H[eax]
 12f1  8b 45 f0                          mov     eax,-10H[ebp]
 12f4  89 ec                             mov     esp,ebp
 12f6  5d                                pop     ebp
 12f7  c3                                ret     

securepacket_out::~securepacket_out() {n->num_out--;}
 12f8                    near securepacket_out::~securepacket_out():
 12f8  51                                push    ecx
 12f9  55                                push    ebp
 12fa  89 e5                             mov     ebp,esp
 12fc  83 ec 08                          sub     esp,00000008H
 12ff  89 45 f8                          mov     -8H[ebp],eax
 1302  89 55 fc                          mov     -4H[ebp],edx
 1305  8b 55 fc                          mov     edx,-4H[ebp]
 1308  f6 c2 04                          test    dl,04H
 130b  74 14                             je      L102
 130d  8b 45 f8                          mov     eax,-8H[ebp]
 1310  ba 00 00 00 00                    mov     edx,offset char unsigned const near __typesig[]
 1315  e8 00 00 00 00                    call    __wcpp_2_dtor_array_store__
 131a  e8 00 00 00 00                    call    void near operator delete []( void near * )
 131f  eb 33                             jmp     L103
 1321  8b 45 f8          L102            mov     eax,-8H[ebp]
 1324  c7 40 1a 00 00 00 
       00                                mov     dword ptr +1aH[eax],offset void (near * const near __vftbl[])()
 132b  8b 45 f8                          mov     eax,-8H[ebp]
 132e  8b 40 08                          mov     eax,+8H[eax]
 1331  ff 48 49                          dec     dword ptr +49H[eax]
 1334  8b 45 f8                          mov     eax,-8H[ebp]
 1337  ba 01 00 00 00                    mov     edx,00000001H
 133c  e8 00 00 00 00                    call    near securepacket::~securepacket()
 1341  89 45 f8                          mov     -8H[ebp],eax
 1344  8b 4d fc                          mov     ecx,-4H[ebp]
 1347  f6 c1 02                          test    cl,02H
 134a  74 08                             je      L103
 134c  8b 45 f8                          mov     eax,-8H[ebp]
 134f  e8 00 00 00 00                    call    void near operator delete( void near * )
 1354  8b 45 f8          L103            mov     eax,-8H[ebp]
 1357  89 ec                             mov     esp,ebp
 1359  5d                                pop     ebp
 135a  59                                pop     ecx
 135b  c3                                ret     

No disassembly errors

------------------------------------------------------------

Segment: CONST  DWORD USE32  00000158 bytes  
 0000  25 73 00                L104            - %s.
 0003  75 6e 61 62 6c 65 20 74 L105            - unable t
 000b  6f 20 63 72 65 61 74 65                 - o create
 0013  20 73 6f 63 6b 65 74 00                 -  socket.
 001b  43 6f 75 6c 64 20 6e 6f L106            - Could no
 0023  74 20 67 65 74 20 6c 6f                 - t get lo
 002b  63 61 6c 20 69 6e 74 65                 - cal inte
 0033  72 6e 65 74 20 68 6f 73                 - rnet hos
 003b  74 20 69 6e 66 6f 72 6d                 - t inform
 0043  61 74 69 6f 6e 2e 00                    - ation..
 004a  55 6e 61 62 6c 65 20 74 L107            - Unable t
 0052  6f 20 62 69 6e 64 20 74                 - o bind t
 005a  6f 20 25 73 00                          - o %s.
 005f  53 68 75 74 74 69 6e 67 L108            - Shutting
 0067  20 64 6f 77 6e 20 73 65                 -  down se
 006f  72 76 65 72 2e 2e 2e 00                 - rver....
 0077  44 69 73 63 6f 6e 6e 65 L109            - Disconne
 007f  63 74 69 6e 67 2e 2e 2e                 - cting...
 0087  00                                      - .
 0088  53 6f 63 6b 65 74 20 65 L110            - Socket e
 0090  72 72 6f 72 2e 00                       - rror..
 0096  62 67 74 65 73 74 00    L111            - bgtest.
 009d  25 73 20 73 65 72 76 65 L112            - %s serve
 00a5  72 20 73 74 61 72 74 65                 - r starte
 00ad  64 3a 20 25 73 00                       - d: %s.
 00b3  25 73 20 73 65 72 76 65 L113            - %s serve
 00bb  72 20 73 68 75 74 64 6f                 - r shutdo
 00c3  77 6e 00                                - wn.
 00c6  25 73 20 68 61 73 20 74 L114            - %s has t
 00ce  69 6d 65 64 6f 75 74 00                 - imedout.
 00d6  2d 73 65 72 76 65 72 2d L115            - -server-
 00de  00                                      - .
 00df  41 74 74 65 6d 70 74 69 L116            - Attempti
 00e7  6e 67 20 63 6f 6e 6e 65                 - ng conne
 00ef  63 74 20 74 6f 20 25 73                 - ct to %s
 00f7  2e 2e 2e 00                             - ....
 00fb  43 6c 6f 73 69 6e 67 20 L117            - Closing 
 0103  63 6f 6e 6e 65 63 74 69                 - connecti
 010b  6f 6e 2e 00                             - on..
 010f  41 62 6f 72 74 69 6e 67 L118            - Aborting
 0117  20 63 6f 6e 6e 65 63 74                 -  connect
 011f  69 6f 6e 20 61 74 74 65                 - ion atte
 0127  6d 70 74 00                             - mpt.
 012b  55 6e 61 62 6c 65 20 74 L119            - Unable t
 0133  6f 20 63 6f 6e 6e 65 63                 - o connec
 013b  74 20 74 6f 20 73 65 72                 - t to ser
 0143  76 65 72 00                             - ver.
 0147  53 65 72 76 65 72 20 74 L120            - Server t
 014f  69 6d 65 64 20 6f 75 74                 - imed out
 0157  00                                      - .

No disassembly errors

------------------------------------------------------------

Segment: _BSS  DWORD USE32  0000020c bytes  

No disassembly errors

------------------------------------------------------------

Segment: $$SYMBOLS  BYTE USE16  000019dd bytes  
 0000  19 12                                   - ..
 0002  00 00 00 00 00 00                       DP      int near winsockinstalled
 0008  0c 77 69 6e 73 6f 63 6b                 - .winsock
 0010  69 6e 73 74 61 6c 6c 65                 - installe
 0018  64 0c 12                                - d..
 001b  00 00 00 00 00 00                       DP      netconnect near * near nc
 0021  84 ac 6e 63 13 12                       - ..nc..
 0027  00 00 00 00 00 00                       DP      int near maxudpsize
 002d  0c 6d 61 78 75 64 70 73                 - .maxudps
 0035  69 7a 65 08 32                          - ize.2
 003a  00 00 00 00 00 00                       DP      void near uutimer::set( int unsigned )
 0040  15 26 00 00 83 41 06 8e                 - .&...A..
 0048  10 f8 61 21                             - ..a!
 004c  00 00 00 00 00 00                       DP      DGROUP:char near netnode::void near sendobjpos()::.0::buf[]
 0052  68 01 66 1d 24 00 00 00                 - h.f.$...
 005a  00 29 00 00 00 40 00 06                 - .)...@..
 0062  04 04 00 00 00 83 40 00                 - ......@.
 006a  02 30 1c 30 1f 73 65 74                 - .0.0.set
 0072  0a 11 10 f8 84 ad 74 68                 - ......th
 007a  69 73 09 11 10 fc 0d 74                 - is.....t
 0082  64 75 72 08 32                          - dur.2
 0087  00 00 00 00 00 00                       DP      void near uutimer::reset()
 008d  15 26 00 00 83 41 06 8e                 - .&...A..
 0095  10 fc 61 21                             - ..a!
 0099  00 00 00 00 00 00                       DP      DGROUP:char near netnode::void near sendobjpos()::.0::buf[]
 009f  68 01 66 1d 24 00 00 00                 - h.f.$...
 00a7  00 1d 00 00 00 8d 00 07                 - ........
 00af  05 08 00 00 00 83 3f 00                 - ......?.
 00b7  01 30 1c 72 65 73 65 74                 - .0.reset
 00bf  0a 11 10 fc 84 ad 74 68                 - ......th
 00c7  69 73 08 32                             - is.2
 00cb  00 00 00 00 00 00                       DP      int near uutimer::check()
 00d1  15 26 00 00 83 41 06 8e                 - .&...A..
 00d9  10 fc 61 21                             - ..a!
 00dd  00 00 00 00 00 00                       DP      DGROUP:char near netnode::void near sendobjpos()::.0::buf[]
 00e3  68 01 66 1e 24 00 00 00                 - h.f.$...
 00eb  00 22 00 00 00 d1 00 07                 - ."......
 00f3  05 08 00 00 00 83 0a 30                 - .......0
 00fb  1c 01 30 1c 63 68 65 63                 - ..0.chec
 0103  6b 0a 11 10 fc 84 ad 74                 - k......t
 010b  68 69 73 08 32                          - his.2
 0110  00 00 00 00 00 00                       DP      near uutimer::uutimer( int unsigned )
 0116  15 26 00 00 83 41 06 8e                 - .&...A..
 011e  10 f8 61 21                             - ..a!
 0122  00 00 00 00 00 00                       DP      DGROUP:char near netnode::void near sendobjpos()::.0::buf[]
 0128  68 01 66 22 24 00 00 00                 - h.f"$...
 0130  00 1e 00 00 00 16 01 06                 - ........
 0138  04 04 00 00 00 83 45 30                 - ......E0
 0140  1c 02 30 1c 30 1f 75 75                 - ..0.0.uu
 0148  74 69 6d 65 72 0a 11 10                 - timer...
 0150  f8 84 ad 74 68 69 73 09                 - ...this.
 0158  11 10 fc 0d 74 64 75 72                 - ....tdur
 0160  08 32                                   - .2
 0162  00 00 00 00 00 00                       DP      near NETADDR::NETADDR()
 0168  15 26 00 00 83 03 06 8e                 - .&......
 0170  10 fc 61 21                             - ..a!
 0174  00 00 00 00 00 00                       DP      DGROUP:char near netnode::void near sendobjpos()::.0::buf[]
 017a  68 01 66 20 24 00 00 00                 - h.f $...
 0182  00 10 00 00 00 68 01 06                 - .....h..
 018a  04 04 00 00 00 83 05 30                 - .......0
 0192  1c 01 30 1c 4e 45 54 41                 - ..0.NETA
 019a  44 44 52 0a 11 10 fc 84                 - DDR.....
 01a2  ae 74 68 69 73 08 32                    - .this.2
 01a9  00 00 00 00 00 00                       DP      near NETADDR::NETADDR( int )
 01af  15 26 00 00 83 03 06 8e                 - .&......
 01b7  10 f8 61 21                             - ..a!
 01bb  00 00 00 00 00 00                       DP      DGROUP:char near netnode::void near sendobjpos()::.0::buf[]
 01c1  68 01 66 22 24 00 00 00                 - h.f"$...
 01c9  00 1c 00 00 00 af 01 06                 - ........
 01d1  04 04 00 00 00 83 07 30                 - .......0
 01d9  1c 02 30 1c 30 1f 4e 45                 - ..0.0.NE
 01e1  54 41 44 44 52 0a 11 10                 - TADDR...
 01e9  f8 84 ae 74 68 69 73 07                 - ...this.
 01f1  11 10 fc 0c 61 66 08 32                 - ....af.2
 01f9  00 00 00 00 00 00                       DP      int near NETADDR::getaf()
 01ff  15 26 00 00 83 03 06 8e                 - .&......
 0207  10 fc 61 21                             - ..a!
 020b  00 00 00 00 00 00                       DP      DGROUP:char near netnode::void near sendobjpos()::.0::buf[]
 0211  68 01 66 1e 24 00 00 00                 - h.f.$...
 0219  00 18 00 00 00 ff 01 06                 - ........
 0221  04 04 00 00 00 83 0a 30                 - .......0
 0229  1c 01 30 1c 67 65 74 61                 - ..0.geta
 0231  66 0a 11 10 fc 84 ae 74                 - f......t
 0239  68 69 73 08 32                          - his.2
 023e  00 00 00 00 00 00                       DP      near udpsocket::udpsocket( int )
 0244  0c 23 20 00 00 00 03 00                 - .# .....
 024c  00 00 65 02 15 26 00 00                 - ..e..&..
 0254  82 f5 06 8e 10 f8 61 21                 - ......a!
 025c  00 00 00 00 00 00                       DP      DGROUP:char near netnode::void near sendobjpos()::.0::buf[]
 0262  68 01 66 24 24 00 00 00                 - h.f$$...
 026a  00 28 00 00 00 50 02 07                 - .(...P..
 0272  05 08 00 00 00 82 f7 30                 - .......0
 027a  1c 02 30 1c 30 1f 75 64                 - ..0.0.ud
 0282  70 73 6f 63 6b 65 74 0a                 - psocket.
 028a  11 10 f8 84 af 74 68 69                 - .....thi
 0292  73 07 11 10 fc 0c 61 66                 - s.....af
 029a  08 32                                   - .2
 029c  00 00 00 00 00 00                       DP      near nodeinfo::nodeinfo()
 02a2  15 26 00 00 83 37 06 8e                 - .&...7..
 02aa  10 fc 61 21                             - ..a!
 02ae  00 00 00 00 00 00                       DP      DGROUP:char near netnode::void near sendobjpos()::.0::buf[]
 02b4  68 01 66 21 24 00 00 00                 - h.f!$...
 02bc  00 2a 00 00 00 a2 02 06                 - .*......
 02c4  04 04 00 00 00 83 39 30                 - ......90
 02cc  1c 01 30 1c 6e 6f 64 65                 - ..0.node
 02d4  69 6e 66 6f 0a 11 10 fc                 - info....
 02dc  84 b0 74 68 69 73 08 32                 - ..this.2
 02e4  00 00 00 00 00 00                       DP      int near netserver::isclient()
 02ea  15 26 00 00 84 b1 06 8e                 - .&......
 02f2  10 fc 61 21                             - ..a!
 02f6  00 00 00 00 00 00                       DP      DGROUP:char near netnode::void near sendobjpos()::.0::buf[]
 02fc  68 01 66 21 24 00 00 00                 - h.f!$...
 0304  00 0f 00 00 00 ea 02 06                 - ........
 030c  04 04 00 00 00 84 28 30                 - ......(0
 0314  1c 01 30 1c 69 73 63 6c                 - ..0.iscl
 031c  69 65 6e 74 0a 11 10 fc                 - ient....
 0324  84 b8 74 68 69 73 08 32                 - ..this.2
 032c  00 00 00 00 00 00                       DP      int near netserver::isserver()
 0332  15 26 00 00 84 b1 06 8e                 - .&......
 033a  10 fc 61 21                             - ..a!
 033e  00 00 00 00 00 00                       DP      DGROUP:char near netnode::void near sendobjpos()::.0::buf[]
 0344  68 01 66 21 24 00 00 00                 - h.f!$...
 034c  00 12 00 00 00 32 03 06                 - .....2..
 0354  04 04 00 00 00 84 28 30                 - ......(0
 035c  1c 01 30 1c 69 73 73 65                 - ..0.isse
 0364  72 76 65 72 0a 11 10 fc                 - rver....
 036c  84 b9 74 68 69 73 08 32                 - ..this.2
 0374  00 00 00 00 00 00                       DP      int near netclient::isclient()
 037a  15 26 00 00 84 ba 06 8e                 - .&......
 0382  10 fc 61 21                             - ..a!
 0386  00 00 00 00 00 00                       DP      DGROUP:char near netnode::void near sendobjpos()::.0::buf[]
 038c  68 01 66 21 24 00 00 00                 - h.f!$...
 0394  00 12 00 00 00 7a 03 06                 - .....z..
 039c  04 04 00 00 00 84 28 30                 - ......(0
 03a4  1c 01 30 1c 69 73 63 6c                 - ..0.iscl
 03ac  69 65 6e 74 0a 11 10 fc                 - ient....
 03b4  84 c1 74 68 69 73 08 32                 - ..this.2
 03bc  00 00 00 00 00 00                       DP      int near netclient::isserver()
 03c2  15 26 00 00 84 ba 06 8e                 - .&......
 03ca  10 fc 61 21                             - ..a!
 03ce  00 00 00 00 00 00                       DP      DGROUP:char near netnode::void near sendobjpos()::.0::buf[]
 03d4  68 01 66 21 24 00 00 00                 - h.f!$...
 03dc  00 0f 00 00 00 c2 03 06                 - ........
 03e4  04 04 00 00 00 84 28 30                 - ......(0
 03ec  1c 01 30 1c 69 73 73 65                 - ..0.isse
 03f4  72 76 65 72 0a 11 10 fc                 - rver....
 03fc  84 c2 74 68 69 73 08 32                 - ..this.2
 0404  00 00 00 00 00 00                       DP      char near * near netnode::getname()
 040a  15 26 00 00 84 96 06 8e                 - .&......
 0412  10 fc 61 21                             - ..a!
 0416  00 00 00 00 00 00                       DP      DGROUP:char near netnode::void near sendobjpos()::.0::buf[]
 041c  68 01 66 20 24 00 00 00                 - h.f $...
 0424  00 13 00 00 00 0a 04 06                 - ........
 042c  04 04 00 00 00 84 61 30                 - ......a0
 0434  1c 01 30 1c 67 65 74 6e                 - ..0.getn
 043c  61 6d 65 0a 11 10 fc 84                 - ame.....
 0444  c3 74 68 69 73 08 32                    - .this.2
 044b  00 00 00 00 00 00                       DP      NETADDR near * near netnode::getaddr()
 0451  15 26 00 00 84 96 06 8e                 - .&......
 0459  10 fc 61 21                             - ..a!
 045d  00 00 00 00 00 00                       DP      DGROUP:char near netnode::void near sendobjpos()::.0::buf[]
 0463  68 01 66 20 24 00 00 00                 - h.f $...
 046b  00 13 00 00 00 51 04 06                 - .....Q..
 0473  04 04 00 00 00 84 90 30                 - .......0
 047b  1c 01 30 1c 67 65 74 61                 - ..0.geta
 0483  64 64 72 0a 11 10 fc 84                 - ddr.....
 048b  c3 74 68 69 73 08 32                    - .this.2
 0492  00 00 00 00 00 00                       DP      char near netnode::getnum()
 0498  15 26 00 00 84 96 06 8e                 - .&......
 04a0  10 fc 61 21                             - ..a!
 04a4  00 00 00 00 00 00                       DP      DGROUP:char near netnode::void near sendobjpos()::.0::buf[]
 04aa  68 01 66 1e 24 00 00 00                 - h.f.$...
 04b2  00 13 00 00 00 98 04 06                 - ........
 04ba  04 04 00 00 00 84 91 40                 - .......@
 04c2  01 30 1c 67 65 74 6e 75                 - .0.getnu
 04ca  6d 0a 11 10 fc 84 c3 74                 - m......t
 04d2  68 69 73 08 32                          - his.2
 04d7  00 00 00 00 00 00                       DP      int near netnode::send( packet near *, int )
 04dd  15 26 00 00 84 96 06 8e                 - .&......
 04e5  10 f4 61 21                             - ..a!
 04e9  00 00 00 00 00 00                       DP      DGROUP:char near netnode::void near sendobjpos()::.0::buf[]
 04ef  68 01 66 21 24 00 00 00                 - h.f!$...
 04f7  00 2b 00 00 00 dd 04 07                 - .+......
 04ff  05 08 00 00 00 84 94 30                 - .......0
 0507  1c 03 30 1c 30 1f 30 1d                 - ..0.0.0.
 050f  73 65 6e 64 0a 11 10 f4                 - send....
 0517  84 c3 74 68 69 73 07 11                 - ..this..
 051f  10 f8 84 93 62 09 11 10                 - ....b...
 0527  fc 0c 73 69 7a 65 08 32                 - ..size.2
 052f  00 00 00 00 00 00                       DP      near packet::packet( char )
 0535  15 26 00 00 84 5c 06 8e                 - .&...\..
 053d  10 f8 61 21                             - ..a!
 0541  00 00 00 00 00 00                       DP      DGROUP:char near netnode::void near sendobjpos()::.0::buf[]
 0547  68 01 66 21 24 00 00 00                 - h.f!$...
 054f  00 1b 00 00 00 35 05 06                 - .....5..
 0557  04 04 00 00 00 84 5e 30                 - ......^0
 055f  1c 02 30 1c 30 1f 70 61                 - ..0.0.pa
 0567  63 6b 65 74 0a 11 10 f8                 - cket....
 056f  84 c4 74 68 69 73 0a 11                 - ..this..
 0577  10 fc 06 5f 74 79 70 65                 - ..._type
 057f  08 32                                   - .2
 0581  00 00 00 00 00 00                       DP      void near packet::process( netconnect near *, NETADDR near &, netnode near * )
 0587  15 26 00 00 84 5c 06 8e                 - .&...\..
 058f  10 ec 61 21                             - ..a!
 0593  00 00 00 00 00 00                       DP      DGROUP:char near netnode::void near sendobjpos()::.0::buf[]
 0599  68 01 66 25 24 00 00 00                 - h.f%$...
 05a1  00 4e 00 00 00 87 05 07                 - .N......
 05a9  05 08 00 00 00 84 60 00                 - ......`.
 05b1  04 30 1c 30 1f 30 1d 30                 - .0.0.0.0
 05b9  1e 70 72 6f 63 65 73 73                 - .process
 05c1  0a 11 10 ec 84 c4 74 68                 - ......th
 05c9  69 73 07 11 10 f0 83 33                 - is.....3
 05d1  63 13 11 8e 10 f4 61 21                 - c.....a!
 05d9  00 00 00 00 00 00                       DP      DGROUP:char near netnode::void near sendobjpos()::.0::buf[]
 05df  68 01 66 83 18 61 07 11                 - h.f..a..
 05e7  10 f8 84 9e 6e 08 32                    - ....n.2
 05ee  00 00 00 00 00 00                       DP      void near * near p_secure::operator new( int unsigned, void near * )
 05f4  06 26 00 00 84 69 26 24                 - .&...i&$
 05fc  00 00 00 00 13 00 00 00                 - ........
 0604  f4 05 06 04 04 00 00 00                 - ........
 060c  84 6e 30 1c 02 30 1c 30                 - .n0..0.0
 0614  1f 6f 70 65 72 61 74 6f                 - .operato
 061c  72 6e 65 77 0a 11 10 f8                 - rnew....
 0624  81 2d 2e 23 32 62 08 11                 - .-.#2b..
 062c  10 fc 13 62 75 66 08 32                 - ...buf.2
 0634  00 00 00 00 00 00                       DP      near p_connect::p_connect( nodeinfo near * )
 063a  15 26 00 00 84 c5 06 8e                 - .&......
 0642  10 f8 61 21                             - ..a!
 0646  00 00 00 00 00 00                       DP      DGROUP:char near netnode::void near sendobjpos()::.0::buf[]
 064c  68 01 66 24 24 00 00 00                 - h.f$$...
 0654  00 33 00 00 00 3a 06 06                 - .3...:..
 065c  04 04 00 00 00 84 c7 30                 - .......0
 0664  1c 02 30 1c 30 1f 70 5f                 - ..0.0.p_
 066c  63 6f 6e 6e 65 63 74 0a                 - connect.
 0674  11 10 f8 84 cc 74 68 69                 - .....thi
 067c  73 07 11 10 fc 84 98 69                 - s......i
 0684  08 32                                   - .2
 0686  00 00 00 00 00 00                       DP      near p_quit::p_quit( char, char )
 068c  15 26 00 00 84 cd 06 8e                 - .&......
 0694  10 f4 61 21                             - ..a!
 0698  00 00 00 00 00 00                       DP      DGROUP:char near netnode::void near sendobjpos()::.0::buf[]
 069e  68 01 66 23 24 00 00 00                 - h.f#$...
 06a6  00 38 00 00 00 8c 06 06                 - .8......
 06ae  04 04 00 00 00 84 cf 30                 - .......0
 06b6  1c 03 30 1c 30 1f 30 1d                 - ..0.0.0.
 06be  70 5f 71 75 69 74 0a 11                 - p_quit..
 06c6  10 f4 84 d4 74 68 69 73                 - ....this
 06ce  06 11 10 f8 06 72 06 11                 - .....r..
 06d6  10 fc 06 6e 08 32                       - ...n.2
 06dc  00 00 00 00 00 00                       DP      objpos near * near p_objpos::getop()
 06e2  15 26 00 00 84 d6 06 8e                 - .&......
 06ea  10 fc 61 21                             - ..a!
 06ee  00 00 00 00 00 00                       DP      DGROUP:char near netnode::void near sendobjpos()::.0::buf[]
 06f4  68 01 66 1e 24 00 00 00                 - h.f.$...
 06fc  00 13 00 00 00 e2 06 06                 - ........
 0704  04 04 00 00 00 84 d5 30                 - .......0
 070c  1c 01 30 1c 67 65 74 6f                 - ..0.geto
 0714  70 0a 11 10 fc 84 dd 74                 - p......t
 071c  68 69 73 08 32                          - his.2
 0721  00 00 00 00 00 00                       DP      near p_objpos::p_objpos( char unsigned )
 0727  15 26 00 00 84 d6 06 8e                 - .&......
 072f  10 f8 61 21                             - ..a!
 0733  00 00 00 00 00 00                       DP      DGROUP:char near netnode::void near sendobjpos()::.0::buf[]
 0739  68 01 66 23 24 00 00 00                 - h.f#$...
 0741  00 33 00 00 00 27 07 06                 - .3...'..
 0749  04 04 00 00 00 84 d8 30                 - .......0
 0751  1c 02 30 1c 30 1f 70 5f                 - ..0.0.p_
 0759  6f 62 6a 70 6f 73 0a 11                 - objpos..
 0761  10 f8 84 de 74 68 69 73                 - ....this
 0769  0b 11 10 fc 82 ed 5f 6e                 - ......_n
 0771  6f 64 65 08 32                          - ode.2
 0776  00 00 00 00 00 00                       DP      objpos near * near p_objpos::allocate()
 077c  15 26 00 00 84 d6 06 8e                 - .&......
 0784  10 fc 61 21                             - ..a!
 0788  00 00 00 00 00 00                       DP      DGROUP:char near netnode::void near sendobjpos()::.0::buf[]
 078e  68 01 66 21 24 00 00 00                 - h.f!$...
 0796  00 4a 00 00 00 7c 07 08                 - .J...|..
 079e  06 0c 00 00 00 84 d5 30                 - .......0
 07a6  1c 01 30 1c 61 6c 6c 6f                 - ..0.allo
 07ae  63 61 74 65 0a 11 10 fc                 - cate....
 07b6  84 de 74 68 69 73 08 32                 - ..this.2
 07be  00 00 00 00 00 00                       DP      int near p_objpos::getsize()
 07c4  15 26 00 00 84 d6 06 8e                 - .&......
 07cc  10 fc 61 21                             - ..a!
 07d0  00 00 00 00 00 00                       DP      DGROUP:char near netnode::void near sendobjpos()::.0::buf[]
 07d6  68 01 66 20 24 00 00 00                 - h.f $...
 07de  00 27 00 00 00 c4 07 07                 - .'......
 07e6  05 08 00 00 00 83 0a 30                 - .......0
 07ee  1c 01 30 1c 67 65 74 73                 - ..0.gets
 07f6  69 7a 65 0a 11 10 fc 84                 - ize.....
 07fe  de 74 68 69 73 08 32                    - .this.2
 0805  00 00 00 00 00 00                       DP      void near * near p_objpos::operator new( int unsigned, void near * )
 080b  06 26 00 00 84 d6 26 24                 - .&....&$
 0813  00 00 00 00 13 00 00 00                 - ........
 081b  0b 08 06 04 04 00 00 00                 - ........
 0823  84 6e 30 1c 02 30 1c 30                 - .n0..0.0
 082b  1f 6f 70 65 72 61 74 6f                 - .operato
 0833  72 6e 65 77 0a 11 10 f8                 - rnew....
 083b  81 2d 2e 23 32 63 08 11                 - .-.#2c..
 0843  10 fc 13 62 75 66 08 32                 - ...buf.2
 084b  00 00 00 00 00 00                       DP      near p_ping::p_ping( int unsigned )
 0851  15 26 00 00 84 df 06 8e                 - .&......
 0859  10 f8 61 21                             - ..a!
 085d  00 00 00 00 00 00                       DP      DGROUP:char near netnode::void near sendobjpos()::.0::buf[]
 0863  68 01 66 21 24 00 00 00                 - h.f!$...
 086b  00 2c 00 00 00 51 08 06                 - .,...Q..
 0873  04 04 00 00 00 84 e1 30                 - .......0
 087b  1c 02 30 1c 30 1f 70 5f                 - ..0.0.p_
 0883  70 69 6e 67 0a 11 10 f8                 - ping....
 088b  84 e6 74 68 69 73 06 11                 - ..this..
 0893  10 fc 0d 74 08 32                       - ...t.2
 0899  00 00 00 00 00 00                       DP      void near initwinsock()
 089f  21 24 00 00 00 00 62 00                 - !$....b.
 08a7  00 00 00 00 0c 07 10 00                 - ........
 08af  00 00 83 4e 00 00 69 6e                 - ...N..in
 08b7  69 74 77 69 6e 73 6f 63                 - itwinsoc
 08bf  6b 0e 11 11 70 fe 84 eb                 - k...p...
 08c7  77 73 61 64 61 74 61 26                 - wsadata&
 08cf  24 64 00 00 00 26 00 00                 - $d...&..
 08d7  00 00 00 06 05 10 00 00                 - ........
 08df  00 83 4e 00 00 74 65 72                 - ..N..ter
 08e7  6d 69 6e 61 74 65 77 69                 - minatewi
 08ef  6e 73 6f 63 6b 0c 23 a2                 - nsock.#.
 08f7  00 00 00 00 00 00 00 00                 - ........
 08ff  09 23 24 8c 00 00 00 19                 - .#$.....
 0907  00 00 00 00 00 04 03 08                 - ........
 090f  00 00 00 83 4e 00 00 6e                 - ....N..n
 0917  65 74 64 69 73 63 6f 6e                 - etdiscon
 091f  6e 65 63 74 15 26 00 00                 - nect.&..
 0927  83 37 06 8e 10 f8 61 21                 - .7....a!
 092f  00 00 00 00 00 00                       DP      DGROUP:char near netnode::void near sendobjpos()::.0::buf[]
 0935  68 01 66 21 24 a8 00 00                 - h.f!$...
 093d  00 72 00 00 00 23 09 09                 - .r...#..
 0945  07 10 00 00 00 83 36 00                 - ......6.
 094d  02 30 1c 30 1f 73 65 74                 - .0.0.set
 0955  6e 61 6d 65 0a 11 10 f8                 - name....
 095d  84 b0 74 68 69 73 07 11                 - ..this..
 0965  10 fc 81 94 73 0c 23 1a                 - ....s.#.
 096d  02 00 00 00 00 00 00 76                 - .......v
 0975  09 0c 23 16 02 00 00 04                 - ..#.....
 097d  00 00 00 9a 09 0c 23 32                 - ......#2
 0985  02 00 00 2e 00 00 00 8e                 - ........
 098d  09 0c 23 32 02 00 00 2e                 - ..#2....
 0995  00 00 00 9a 09 0c 23 e7                 - ......#.
 099d  01 00 00 96 00 00 00 ad                 - ........
 09a5  09 07 11 10 fc 84 ed 74                 - .......t
 09ad  0c 23 e7 01 00 00 96 00                 - .#......
 09b5  00 00 ce 09 15 26 00 00                 - .....&..
 09bd  84 96 06 8e 10 f0 61 21                 - ......a!
 09c5  00 00 00 00 00 00                       DP      DGROUP:char near netnode::void near sendobjpos()::.0::buf[]
 09cb  68 01 66 24 24 1c 01 00                 - h.f$$...
 09d3  00 66 01 00 00 b9 09 07                 - .f......
 09db  05 08 00 00 00 84 99 30                 - .......0
 09e3  1c 03 30 1c 30 1f 30 1d                 - ..0.0.0.
 09eb  6e 65 74 6e 6f 64 65 0a                 - netnode.
 09f3  11 10 f0 84 c3 74 68 69                 - .....thi
 09fb  73 07 11 10 f4 83 33 63                 - s.....3c
 0a03  07 11 10 f8 84 98 69 0c                 - ......i.
 0a0b  23 e9 02 00 00 0e 00 00                 - #.......
 0a13  00 2e 0a 0c 23 08 03 00                 - ....#...
 0a1b  00 0e 00 00 00 2e 0a 0c                 - ........
 0a23  23 27 03 00 00 0e 00 00                 - #'......
 0a2b  00 2e 0a 0c 23 9f 02 00                 - ....#...
 0a33  00 9d 00 00 00 4f 0a 15                 - .....O..
 0a3b  26 00 00 84 96 06 8e 10                 - &.......
 0a43  f8 61 21                                - .a!
 0a46  00 00 00 00 00 00                       DP      DGROUP:char near netnode::void near sendobjpos()::.0::buf[]
 0a4c  68 01 66 22 24 84 02 00                 - h.f"$...
 0a54  00 c0 00 00 00 3a 0a 07                 - .....:..
 0a5c  05 08 00 00 00 14 30 1c                 - ......0.
 0a64  02 30 1c 30 1f 7e 6e 65                 - .0.0.~ne
 0a6c  74 6e 6f 64 65 0a 11 10                 - tnode...
 0a74  f8 84 c3 74 68 69 73 0b                 - ...this.
 0a7c  11 10 fc 0d 2e 63 64 74                 - .....cdt
 0a84  6f 72 0c 23 ab 03 00 00                 - or.#....
 0a8c  0f 00 00 00 9a 0a 08 11                 - ........
 0a94  10 fc 83 54 6f 70 0c 23                 - ...Top.#
 0a9c  ab 03 00 00 0f 00 00 00                 - ........
 0aa4  a6 0a 0c 23 98 03 00 00                 - ...#....
 0aac  22 00 00 00 c7 0a 15 26                 - "......&
 0ab4  00 00 84 96 06 8e 10 f0                 - ........
 0abc  61 21                                   - a!
 0abe  00 00 00 00 00 00                       DP      DGROUP:char near netnode::void near sendobjpos()::.0::buf[]
 0ac4  68 01 66 22 24 44 03 00                 - h.f"$D..
 0acc  00 a1 00 00 00 b2 0a 09                 - ........
 0ad4  07 10 00 00 00 83 4e 00                 - ......N.
 0adc  01 30 1c 73 65 6e 64 6f                 - .0.sendo
 0ae4  62 6a 70 6f 73 0a 11 10                 - bjpos...
 0aec  f0 84 c3 74 68 69 73 0e                 - ...this.
 0af4  11 21                                   - .!
 0af6  00 00 00 00 00 00                       DP      char near netnode::void near sendobjpos()::.0::buf[]
 0afc  84 ee 62 75 66 07 11 10                 - ..buf...
 0b04  f4 84 f0 70 08 11 10 f8                 - ...p....
 0b0c  83 4d 6c 6f 0c 23 9c 04                 - .Mlo.#..
 0b14  00 00 17 00 00 00 1c 0b                 - ........
 0b1c  0c 23 9c 04 00 00 17 00                 - .#......
 0b24  00 00 5e 0b 0c 23 28 05                 - ..^..#(.
 0b2c  00 00 54 00 00 00 52 0b                 - ..T...R.
 0b34  0f 11 10 ac 84 f1 6c 6f                 - ......lo
 0b3c  63 61 6c 6e 61 6d 65 0f                 - calname.
 0b44  11 10 f8 84 f6 6c 6f 63                 - .....loc
 0b4c  61 6c 68 6f 73 74 0c 23                 - alhost.#
 0b54  28 05 00 00 54 00 00 00                 - (...T...
 0b5c  5e 0b 0c 23 96 04 00 00                 - ^..#....
 0b64  5a 01 00 00 79 0b 0f 11                 - Z...y...
 0b6c  10 e0 83 18 6c 6f 63 61                 - ....loca
 0b74  6c 61 64 64 72 0c 23 96                 - laddr.#.
 0b7c  04 00 00 5a 01 00 00 9a                 - ...Z....
 0b84  0b 15 26 00 00 83 31 06                 - ..&...1.
 0b8c  8e 10 f4 61 21                          - ...a!
 0b91  00 00 00 00 00 00                       DP      DGROUP:char near netnode::void near sendobjpos()::.0::buf[]
 0b97  68 01 66 27 24 e8 03 00                 - h.f'$...
 0b9f  00 0d 02 00 00 85 0b 07                 - ........
 0ba7  05 08 00 00 00 84 a7 30                 - .......0
 0baf  1c 03 30 1c 30 1f 30 1d                 - ..0.0.0.
 0bb7  6e 65 74 63 6f 6e 6e 65                 - netconne
 0bbf  63 74 0a 11 10 f4 84 f7                 - ct......
 0bc7  74 68 69 73 07 11 10 f0                 - this....
 0bcf  0c 61 66 09 11 10 fc 1e                 - .af.....
 0bd7  70 6f 72 74 0c 23 29 06                 - port.#).
 0bdf  00 00 10 00 00 00 e7 0b                 - ........
 0be7  0c 23 19 06 00 00 3d 00                 - .#....=.
 0bef  00 00 08 0c 15 26 00 00                 - .....&..
 0bf7  83 31 06 8e 10 f8 61 21                 - .1....a!
 0bff  00 00 00 00 00 00                       DP      DGROUP:char near netnode::void near sendobjpos()::.0::buf[]
 0c05  68 01 66 26 24 f8 05 00                 - h.f&$...
 0c0d  00 65 00 00 00 f3 0b 06                 - .e......
 0c15  04 04 00 00 00 83 ed 30                 - .......0
 0c1d  1c 02 30 1c 30 1f 7e 6e                 - ..0.0.~n
 0c25  65 74 63 6f 6e 6e 65 63                 - etconnec
 0c2d  74 0a 11 10 f8 84 f7 74                 - t......t
 0c35  68 69 73 0b 11 10 fc 0d                 - his.....
 0c3d  2e 63 64 74 6f 72 15 26                 - .cdtor.&
 0c45  00 00 84 b1 06 8e 10 f8                 - ........
 0c4d  61 21                                   - a!
 0c4f  00 00 00 00 00 00                       DP      DGROUP:char near netnode::void near sendobjpos()::.0::buf[]
 0c55  68 01 66 22 24 60 06 00                 - h.f"$`..
 0c5d  00 63 00 00 00 43 0c 09                 - .c...C..
 0c65  07 10 00 00 00 83 d7 00                 - ........
 0c6d  01 30 1c 64 69 73 63 6f                 - .0.disco
 0c75  6e 6e 65 63 74 0a 11 10                 - nnect...
 0c7d  f8 84 b9 74 68 69 73 07                 - ...this.
 0c85  11 10 fc 84 f8 70 15 26                 - .....p.&
 0c8d  00 00 84 ba 06 8e 10 f8                 - ........
 0c95  61 21                                   - a!
 0c97  00 00 00 00 00 00                       DP      DGROUP:char near netnode::void near sendobjpos()::.0::buf[]
 0c9d  68 01 66 22 24 c4 06 00                 - h.f"$...
 0ca5  00 6d 00 00 00 8b 0c 09                 - .m......
 0cad  07 10 00 00 00 83 d7 00                 - ........
 0cb5  01 30 1c 64 69 73 63 6f                 - .0.disco
 0cbd  6e 6e 65 63 74 0a 11 10                 - nnect...
 0cc5  f8 84 c2 74 68 69 73 07                 - ...this.
 0ccd  11 10 fc 84 f8 70 0c 23                 - .....p.#
 0cd5  81 07 00 00 29 00 00 00                 - ....)...
 0cdd  ed 0c 07 11 10 f8 84 9e                 - ........
 0ce5  6e 07 11 10 fc 84 93 70                 - n......p
 0ced  0c 23 81 07 00 00 29 00                 - .#....).
 0cf5  00 00 0e 0d 15 26 00 00                 - .....&..
 0cfd  83 31 06 8e 10 f4 61 21                 - .1....a!
 0d05  00 00 00 00 00 00                       DP      DGROUP:char near netnode::void near sendobjpos()::.0::buf[]
 0d0b  68 01 66 24 24 34 07 00                 - h.f$$4..
 0d13  00 7e 00 00 00 f9 0c 08                 - .~......
 0d1b  06 0c 00 00 00 84 a5 00                 - ........
 0d23  02 30 1c 30 1f 73 6f 63                 - .0.0.soc
 0d2b  6b 65 74 72 65 63 76 0a                 - ketrecv.
 0d33  11 10 f4 84 f7 74 68 69                 - .....thi
 0d3b  73 06 11 10 f0 20 74 07                 - s.... t.
 0d43  11 10 e0 83 18 61 15 26                 - .....a.&
 0d4b  00 00 83 31 06 8e 10 f8                 - ...1....
 0d53  61 21                                   - a!
 0d55  00 00 00 00 00 00                       DP      DGROUP:char near netnode::void near sendobjpos()::.0::buf[]
 0d5b  68 01 66 25 24 b4 07 00                 - h.f%$...
 0d63  00 2e 00 00 00 49 0d 07                 - .....I..
 0d6b  05 08 00 00 00 84 a5 00                 - ........
 0d73  02 30 1c 30 1f 73 6f 63                 - .0.0.soc
 0d7b  6b 65 74 65 72 72 6f 72                 - keterror
 0d83  0a 11 10 f8 84 f7 74 68                 - ......th
 0d8b  69 73 06 11 10 fc 20 74                 - is.... t
 0d93  15 26 00 00 84 96 06 8e                 - .&......
 0d9b  10 f0 61 21                             - ..a!
 0d9f  00 00 00 00 00 00                       DP      DGROUP:char near netnode::void near sendobjpos()::.0::buf[]
 0da5  68 01 66 26 24 e4 07 00                 - h.f&$...
 0dad  00 5c 00 00 00 93 0d 0a                 - .\......
 0db5  05 08 00 00 00 84 95 00                 - ........
 0dbd  03 30 1c 30 1f 30 1d 73                 - .0.0.0.s
 0dc5  65 6e 64 73 65 63 75 72                 - endsecur
 0dcd  65 0a 11 10 f0 84 c3 74                 - e......t
 0dd5  68 69 73 07 11 10 f8 84                 - his.....
 0ddd  93 62 09 11 10 f4 0c 73                 - .b.....s
 0de5  69 7a 65 0a 11 11 f0 fd                 - ize.....
 0ded  84 ee 62 75 66 08 11 10                 - ..buf...
 0df5  fc 84 74 70 73 0c 23 6b                 - ..tps.#k
 0dfd  08 00 00 12 00 00 00 1b                 - ........
 0e05  0e 15 26 00 00 84 96 06                 - ..&.....
 0e0d  8e 10 f8 61 21                          - ...a!
 0e12  00 00 00 00 00 00                       DP      DGROUP:char near netnode::void near sendobjpos()::.0::buf[]
 0e18  68 01 66 29 24 40 08 00                 - h.f)$@..
 0e20  00 43 00 00 00 06 0e 06                 - .C......
 0e28  04 04 00 00 00 83 4e 00                 - ......N.
 0e30  01 30 1c 70 72 6f 63 65                 - .0.proce
 0e38  73 73 73 65 63 75 72 65                 - sssecure
 0e40  5f 6f 75 74 0a 11 10 f8                 - _out....
 0e48  84 c3 74 68 69 73 07 11                 - ..this..
 0e50  10 fc 84 fa 70 0c 23 c8                 - ....p.#.
 0e58  08 00 00 15 00 00 00 61                 - .......a
 0e60  0e 0c 23 c8 08 00 00 15                 - ..#.....
 0e68  00 00 00 82 0e 15 26 00                 - ......&.
 0e70  00 84 96 06 8e 10 fc 61                 - .......a
 0e78  21                                      - !
 0e79  00 00 00 00 00 00                       DP      DGROUP:char near netnode::void near sendobjpos()::.0::buf[]
 0e7f  68 01 66 28 24 84 08 00                 - h.f($...
 0e87  00 62 00 00 00 6d 0e 09                 - .b...m..
 0e8f  07 10 00 00 00 83 4e 00                 - ......N.
 0e97  01 30 1c 70 72 6f 63 65                 - .0.proce
 0e9f  73 73 73 65 63 75 72 65                 - sssecure
 0ea7  5f 69 6e 0a 11 10 fc 84                 - _in.....
 0eaf  c3 74 68 69 73 0c 23 0b                 - .this.#.
 0eb7  09 00 00 05 00 00 00 c0                 - ........
 0ebf  0e 0c 23 0b 09 00 00 05                 - ..#.....
 0ec7  00 00 00 05 0f 0c 23 61                 - ......#a
 0ecf  09 00 00 00 00 00 00 d8                 - ........
 0ed7  0e 0c 23 61 09 00 00 00                 - ..#a....
 0edf  00 00 00 05 0f 0c 23 81                 - ......#.
 0ee7  09 00 00 0c 00 00 00 05                 - ........
 0eef  0f 15 26 00 00 83 31 06                 - ..&...1.
 0ef7  8e 10 f8 61 21                          - ...a!
 0efc  00 00 00 00 00 00                       DP      DGROUP:char near netnode::void near sendobjpos()::.0::buf[]
 0f02  68 01 66 1c 24 e8 08 00                 - h.f.$...
 0f0a  00 ae 00 00 00 f0 0e 09                 - ........
 0f12  07 10 00 00 00 83 d7 00                 - ........
 0f1a  01 30 1c 74 69 63 6b 0a                 - .0.tick.
 0f22  11 10 f8 84 f7 74 68 69                 - .....thi
 0f2a  73 07 11 10 fc 84 9e 74                 - s......t
 0f32  0c 23 c9 09 00 00 0b 00                 - .#......
 0f3a  00 00 53 0f 15 26 00 00                 - ..S..&..
 0f42  83 31 06 8e 10 f4 61 21                 - .1....a!
 0f4a  00 00 00 00 00 00                       DP      DGROUP:char near netnode::void near sendobjpos()::.0::buf[]
 0f50  68 01 66 23 24 98 09 00                 - h.f#$...
 0f58  00 42 00 00 00 3e 0f 06                 - .B...>..
 0f60  04 04 00 00 00 84 a0 30                 - .......0
 0f68  1c 02 30 1c 30 1f 66 69                 - ..0.0.fi
 0f70  6e 64 6e 6f 64 65 0a 11                 - ndnode..
 0f78  10 f4 84 f7 74 68 69 73                 - ....this
 0f80  07 11 10 f8 83 19 61 07                 - ......a.
 0f88  11 10 fc 84 9e 78 0c 23                 - .....x.#
 0f90  0a 0a 00 00 0b 00 00 00                 - ........
 0f98  af 0f 15 26 00 00 83 31                 - ...&...1
 0fa0  06 8e 10 f4 61 21                       - ....a!
 0fa6  00 00 00 00 00 00                       DP      DGROUP:char near netnode::void near sendobjpos()::.0::buf[]
 0fac  68 01 66 23 24 dc 09 00                 - h.f#$...
 0fb4  00 3f 00 00 00 9a 0f 06                 - .?......
 0fbc  04 04 00 00 00 84 a1 30                 - .......0
 0fc4  1c 02 30 1c 30 1f 66 69                 - ..0.0.fi
 0fcc  6e 64 6e 6f 64 65 0a 11                 - ndnode..
 0fd4  10 f4 84 f7 74 68 69 73                 - ....this
 0fdc  0c 11 10 fc 06 6e 6f 64                 - .....nod
 0fe4  65 6e 75 6d 07 11 10 f8                 - enum....
 0fec  84 9e 78 0c 23 50 0a 00                 - ..x.#P..
 0ff4  00 78 00 00 00 fb 0f 0c                 - .x......
 0ffc  23 50 0a 00 00 78 00 00                 - #P...x..
 1004  00 1c 10 15 26 00 00 84                 - ....&...
 100c  b1 06 8e 10 f4 61 21                    - .....a!
 1013  00 00 00 00 00 00                       DP      DGROUP:char near netnode::void near sendobjpos()::.0::buf[]
 1019  68 01 66 26 24 1c 0a 00                 - h.f&$...
 1021  00 b1 00 00 00 07 10 07                 - ........
 1029  05 08 00 00 00 84 b3 30                 - .......0
 1031  1c 03 30 1c 30 1f 30 1d                 - ..0.0.0.
 1039  6e 65 74 73 65 72 76 65                 - netserve
 1041  72 0a 11 10 f4 84 b9 74                 - r......t
 1049  68 69 73 07 11 10 f8 0c                 - his.....
 1051  61 66 09 11 10 fc 1e 70                 - af.....p
 1059  6f 72 74 15 26 00 00 84                 - ort.&...
 1061  b1 06 8e 10 f8 61 21                    - .....a!
 1068  00 00 00 00 00 00                       DP      DGROUP:char near netnode::void near sendobjpos()::.0::buf[]
 106e  68 01 66 25 24 d0 0a 00                 - h.f%$...
 1076  00 82 00 00 00 5c 10 08                 - .....\..
 107e  06 0c 00 00 00 83 ed 30                 - .......0
 1086  1c 02 30 1c 30 1f 7e 6e                 - ..0.0.~n
 108e  65 74 73 65 72 76 65 72                 - etserver
 1096  0a 11 10 f8 84 b9 74 68                 - ......th
 109e  69 73 0b 11 10 fc 0d 2e                 - is......
 10a6  63 64 74 6f 72 0c 23 83                 - cdtor.#.
 10ae  0b 00 00 12 00 00 00 cc                 - ........
 10b6  10 15 26 00 00 83 31 06                 - ..&...1.
 10be  8e 10 f0 61 21                          - ...a!
 10c3  00 00 00 00 00 00                       DP      DGROUP:char near netnode::void near sendobjpos()::.0::buf[]
 10c9  68 01 66 25 24 54 0b 00                 - h.f%$T..
 10d1  00 47 00 00 00 b7 10 06                 - .G......
 10d9  04 04 00 00 00 84 a3 00                 - ........
 10e1  03 30 1c 30 1f 30 1d 73                 - .0.0.0.s
 10e9  65 6e 64 74 6f 61 6c 6c                 - endtoall
 10f1  0a 11 10 f0 84 f7 74 68                 - ......th
 10f9  69 73 07 11 10 f4 84 93                 - is......
 1101  62 08 11 10 f8 0c 6e 75                 - b.....nu
 1109  6d 07 11 10 fc 84 9e 74                 - m......t
 1111  0c 23 cb 0b 00 00 12 00                 - .#......
 1119  00 00 32 11 15 26 00 00                 - ..2..&..
 1121  83 31 06 8e 10 f0 61 21                 - .1....a!
 1129  00 00 00 00 00 00                       DP      DGROUP:char near netnode::void near sendobjpos()::.0::buf[]
 112f  68 01 66 2b 24 9c 0b 00                 - h.f+$...
 1137  00 47 00 00 00 1d 11 06                 - .G......
 113f  04 04 00 00 00 84 95 00                 - ........
 1147  03 30 1c 30 1f 30 1d 73                 - .0.0.0.s
 114f  65 6e 64 74 6f 61 6c 6c                 - endtoall
 1157  73 65 63 75 72 65 0a 11                 - secure..
 115f  10 f0 84 f7 74 68 69 73                 - ....this
 1167  07 11 10 f4 84 93 62 08                 - ......b.
 116f  11 10 f8 0c 6e 75 6d 07                 - ....num.
 1177  11 10 fc 84 9e 74 15 26                 - .....t.&
 117f  00 00 84 b1 06 8e 10 fc                 - ........
 1187  61 21                                   - a!
 1189  00 00 00 00 00 00                       DP      DGROUP:char near netnode::void near sendobjpos()::.0::buf[]
 118f  68 01 66 1c 24 e4 0b 00                 - h.f.$...
 1197  00 15 00 00 00 7d 11 06                 - .....}..
 119f  04 04 00 00 00 83 d7 00                 - ........
 11a7  01 30 1c 74 69 63 6b 0a                 - .0.tick.
 11af  11 10 fc 84 b9 74 68 69                 - .....thi
 11b7  73 15 26 00 00 84 b1 06                 - s.&.....
 11bf  8e 10 fc 61 21                          - ...a!
 11c4  00 00 00 00 00 00                       DP      DGROUP:char near netnode::void near sendobjpos()::.0::buf[]
 11ca  68 01 66 21 24 fc 0b 00                 - h.f!$...
 11d2  00 2f 00 00 00 b8 11 08                 - ./......
 11da  06 0c 00 00 00 83 d7 00                 - ........
 11e2  01 30 1c 73 65 6e 64 70                 - .0.sendp
 11ea  69 6e 67 73 0a 11 10 fc                 - ings....
 11f2  84 b9 74 68 69 73 07 11                 - ..this..
 11fa  10 f4 84 fb 70 0c 23 bc                 - ....p.#.
 1202  0c 00 00 10 00 00 00 12                 - ........
 120a  12 07 11 10 fc 84 f8 70                 - .......p
 1212  0c 23 bc 0c 00 00 10 00                 - .#......
 121a  00 00 1e 12 0c 23 62 0c                 - .....#b.
 1222  00 00 6a 00 00 00 2a 12                 - ..j...*.
 122a  0c 23 62 0c 00 00 6a 00                 - .#b...j.
 1232  00 00 4b 12 15 26 00 00                 - ..K..&..
 123a  84 b1 06 8e 10 f0 61 21                 - ......a!
 1242  00 00 00 00 00 00                       DP      DGROUP:char near netnode::void near sendobjpos()::.0::buf[]
 1248  68 01 66 24 24 2c 0c 00                 - h.f$$,..
 1250  00 ac 00 00 00 36 12 09                 - .....6..
 1258  07 10 00 00 00 83 d7 00                 - ........
 1260  01 30 1c 63 68 65 63 6b                 - .0.check
 1268  74 69 6d 65 6f 75 74 0a                 - timeout.
 1270  11 10 f0 84 b9 74 68 69                 - .....thi
 1278  73 0b 11 10 f4 84 9e 74                 - s......t
 1280  6e 65 78 74 07 11 10 f8                 - next....
 1288  84 9e 74 0c 23 6c 0d 00                 - ..t.#l..
 1290  00 54 00 00 00 a7 12 10                 - .T......
 1298  11 10 d4 83 3e 73 65 72                 - ....>ser
 12a0  76 65 72 69 6e 66 6f 0c                 - verinfo.
 12a8  23 6c 0d 00 00 54 00 00                 - #l...T..
 12b0  00 c8 12 15 26 00 00 84                 - ....&...
 12b8  ba 06 8e 10 f8 61 21                    - .....a!
 12bf  00 00 00 00 00 00                       DP      DGROUP:char near netnode::void near sendobjpos()::.0::buf[]
 12c5  68 01 66 24 24 d8 0c 00                 - h.f$$...
 12cd  00 ee 00 00 00 b3 12 08                 - ........
 12d5  06 0c 00 00 00 84 bc 30                 - .......0
 12dd  1c 02 30 1c 30 1f 6e 65                 - ..0.0.ne
 12e5  74 63 6c 69 65 6e 74 0a                 - tclient.
 12ed  11 10 f8 84 c2 74 68 69                 - .....thi
 12f5  73 07 11 10 fc 83 19 6e                 - s......n
 12fd  0c 23 02 0e 00 00 2b 00                 - .#....+.
 1305  00 00 1e 13 15 26 00 00                 - .....&..
 130d  84 ba 06 8e 10 f8 61 21                 - ......a!
 1315  00 00 00 00 00 00                       DP      DGROUP:char near netnode::void near sendobjpos()::.0::buf[]
 131b  68 01 66 25 24 c8 0d 00                 - h.f%$...
 1323  00 7b 00 00 00 09 13 08                 - .{......
 132b  06 0c 00 00 00 83 ed 30                 - .......0
 1333  1c 02 30 1c 30 1f 7e 6e                 - ..0.0.~n
 133b  65 74 63 6c 69 65 6e 74                 - etclient
 1343  0a 11 10 f8 84 c2 74 68                 - ......th
 134b  69 73 0b 11 10 fc 0d 2e                 - is......
 1353  63 64 74 6f 72 0c 23 87                 - cdtor.#.
 135b  0e 00 00 02 00 00 00 64                 - .......d
 1363  13 0c 23 87 0e 00 00 02                 - ..#.....
 136b  00 00 00 a7 13 0c 23 c4                 - ......#.
 1373  0e 00 00 00 00 00 00 83                 - ........
 137b  13 07 11 10 d8 84 fc 70                 - .......p
 1383  0c 23 c4 0e 00 00 00 00                 - .#......
 138b  00 00 a7 13 0c 23 f5 0e                 - .....#..
 1393  00 00 00 00 00 00 9b 13                 - ........
 139b  0c 23 f5 0e 00 00 00 00                 - .#......
 13a3  00 00 a7 13 0c 23 63 0e                 - .....#c.
 13ab  00 00 92 00 00 00 b3 13                 - ........
 13b3  0c 23 63 0e 00 00 92 00                 - .#c.....
 13bb  00 00 d4 13 15 26 00 00                 - .....&..
 13c3  84 ba 06 8e 10 fc 61 21                 - ......a!
 13cb  00 00 00 00 00 00                       DP      DGROUP:char near netnode::void near sendobjpos()::.0::buf[]
 13d1  68 01 66 1c 24 44 0e 00                 - h.f.$D..
 13d9  00 c0 00 00 00 bf 13 09                 - ........
 13e1  07 10 00 00 00 83 d7 00                 - ........
 13e9  01 30 1c 74 69 63 6b 0a                 - .0.tick.
 13f1  11 10 fc 84 c2 74 68 69                 - .....thi
 13f9  73 15 26 00 00 84 ba 06                 - s.&.....
 1401  8e 10 fc 61 21                          - ...a!
 1406  00 00 00 00 00 00                       DP      DGROUP:char near netnode::void near sendobjpos()::.0::buf[]
 140c  68 01 66 21 24 04 0f 00                 - h.f!$...
 1414  00 2f 00 00 00 fa 13 08                 - ./......
 141c  06 0c 00 00 00 83 d7 00                 - ........
 1424  01 30 1c 73 65 6e 64 70                 - .0.sendp
 142c  69 6e 67 73 0a 11 10 fc                 - ings....
 1434  84 c2 74 68 69 73 07 11                 - ..this..
 143c  10 f4 84 fb 70 0c 23 7c                 - ....p.#|
 1444  0f 00 00 00 00 00 00 4d                 - .......M
 144c  14 0c 23 7c 0f 00 00 00                 - ..#|....
 1454  00 00 00 6e 14 15 26 00                 - ...n..&.
 145c  00 84 ba 06 8e 10 fc 61                 - .......a
 1464  21                                      - !
 1465  00 00 00 00 00 00                       DP      DGROUP:char near netnode::void near sendobjpos()::.0::buf[]
 146b  68 01 66 24 24 34 0f 00                 - h.f$$4..
 1473  00 4f 00 00 00 59 14 09                 - .O...Y..
 147b  07 10 00 00 00 83 d7 00                 - ........
 1483  01 30 1c 63 68 65 63 6b                 - .0.check
 148b  74 69 6d 65 6f 75 74 0a                 - timeout.
 1493  11 10 fc 84 c2 74 68 69                 - .....thi
 149b  73 26 24 84 0f 00 00 2c                 - s&$....,
 14a3  00 00 00 00 00 06 04 04                 - ........
 14ab  00 00 00 84 fd 00 02 30                 - .......0
 14b3  1c 30 1f 77 6d 5f 75 64                 - .0.wm_ud
 14bb  70 73 6f 63 6b 65 74 06                 - psocket.
 14c3  11 10 f8 20 74 0a 11 10                 - ... t...
 14cb  fc 0c 66 6c 61 67 73 2a                 - ..flags*
 14d3  24 b0 0f 00 00 29 00 00                 - $....)..
 14db  00 00 00 06 04 04 00 00                 - ........
 14e3  00 84 fe 00 03 30 1c 30                 - .....0.0
 14eb  1f 30 1d 77 6d 5f 73 6f                 - .0.wm_so
 14f3  63 6b 65 74 65 72 72 6f                 - cketerro
 14fb  72 06 11 10 f4 20 74 0a                 - r.... t.
 1503  11 10 f8 0c 66 6c 61 67                 - ....flag
 150b  73 0a 11 10 fc 0c 65 72                 - s.....er
 1513  72 6f 72 0c 23 97 10 00                 - ror.#...
 151b  00 00 00 00 00 22 15 0c                 - ....."..
 1523  23 92 10 00 00 05 00 00                 - #.......
 152b  00 2e 15 0c 23 6d 10 00                 - ....#m..
 1533  00 85 00 00 00 49 15 08                 - .....I..
 153b  11 10 f8 85 00 69 70 07                 - .....ip.
 1543  11 10 fc 85 00 74 0c 23                 - .....t.#
 154b  6d 10 00 00 85 00 00 00                 - m.......
 1553  6a 15 15 26 00 00 84 79                 - j..&...y
 155b  06 8e 10 e8 61 21                       - ....a!
 1561  00 00 00 00 00 00                       DP      DGROUP:char near netnode::void near sendobjpos()::.0::buf[]
 1567  68 01 66 2b 24 dc 0f 00                 - h.f+$...
 156f  00 1e 01 00 00 55 15 08                 - .....U..
 1577  08 0c 00 00 00 84 7f 30                 - .......0
 157f  1c 04 30 1c 30 1f 30 1d                 - ..0.0.0.
 1587  30 1e 73 65 63 75 72 65                 - 0.secure
 158f  70 61 63 6b 65 74 0a 11                 - packet..
 1597  10 e8 85 01 74 68 69 73                 - ....this
 159f  08 11 10 ec 84 9e 5f 6e                 - ......_n
 15a7  09 11 10 f0 84 74 5f 70                 - .....t_p
 15af  73 0a 11 10 f4 0c 5f 73                 - s....._s
 15b7  69 7a 65 0b 11 10 10 85                 - ize.....
 15bf  02 5f 6c 69 73 74 0c 23                 - ._list.#
 15c7  39 11 00 00 4e 00 00 00                 - 9...N...
 15cf  e6 15 15 26 00 00 84 79                 - ...&...y
 15d7  06 8e 10 f8 61 21                       - ....a!
 15dd  00 00 00 00 00 00                       DP      DGROUP:char near netnode::void near sendobjpos()::.0::buf[]
 15e3  68 01 66 28 24 fc 10 00                 - h.f($...
 15eb  00 a3 00 00 00 d1 15 08                 - ........
 15f3  06 0c 00 00 00 83 ed 30                 - .......0
 15fb  1c 02 30 1c 30 1f 7e 73                 - ..0.0.~s
 1603  65 63 75 72 65 70 61 63                 - ecurepac
 160b  6b 65 74 0a 11 10 f8 85                 - ket.....
 1613  01 74 68 69 73 0b 11 10                 - .this...
 161b  fc 0d 2e 63 64 74 6f 72                 - ...cdtor
 1623  0c 23 e0 11 00 00 03 00                 - .#......
 162b  00 00 44 16 15 26 00 00                 - ..D..&..
 1633  84 86 06 8e 10 f0 61 21                 - ......a!
 163b  00 00 00 00 00 00                       DP      DGROUP:char near netnode::void near sendobjpos()::.0::buf[]
 1641  68 01 66 2e 24 a0 11 00                 - h.f.$...
 1649  00 47 00 00 00 2f 16 06                 - .G.../..
 1651  04 04 00 00 00 84 88 30                 - .......0
 1659  1c 04 30 1c 30 1f 30 1d                 - ..0.0.0.
 1661  30 1e 73 65 63 75 72 65                 - 0.secure
 1669  70 61 63 6b 65 74 5f 69                 - packet_i
 1671  6e 0a 11 10 f0 85 03 74                 - n......t
 1679  68 69 73 08 11 10 f4 84                 - his.....
 1681  9e 5f 6e 09 11 10 f8 84                 - ._n.....
 1689  74 5f 70 73 0a 11 10 fc                 - t_ps....
 1691  0c 5f 73 69 7a 65 15 26                 - ._size.&
 1699  00 00 84 86 06 8e 10 f8                 - ........
 16a1  61 21                                   - a!
 16a3  00 00 00 00 00 00                       DP      DGROUP:char near netnode::void near sendobjpos()::.0::buf[]
 16a9  68 01 66 2b 24 e8 11 00                 - h.f+$...
 16b1  00 64 00 00 00 97 16 07                 - .d......
 16b9  05 08 00 00 00 83 ed 30                 - .......0
 16c1  1c 02 30 1c 30 1f 7e 73                 - ..0.0.~s
 16c9  65 63 75 72 65 70 61 63                 - ecurepac
 16d1  6b 65 74 5f 69 6e 0a 11                 - ket_in..
 16d9  10 f8 85 03 74 68 69 73                 - ....this
 16e1  0b 11 10 fc 0d 2e 63 64                 - ......cd
 16e9  74 6f 72 15 26 00 00 84                 - tor.&...
 16f1  5a 06 8e 10 fc 61 21                    - Z....a!
 16f8  00 00 00 00 00 00                       DP      DGROUP:char near netnode::void near sendobjpos()::.0::buf[]
 16fe  68 01 66 1c 24 4c 12 00                 - h.f.$L..
 1706  00 33 00 00 00 ec 16 08                 - .3......
 170e  06 0c 00 00 00 83 4e 00                 - ......N.
 1716  01 30 1c 73 65 6e 64 0a                 - .0.send.
 171e  11 10 fc 85 04 74 68 69                 - .....thi
 1726  73 0c 23 b3 12 00 00 41                 - s.#....A
 172e  00 00 00 48 17 15 26 00                 - ...H..&.
 1736  00 84 5a 06 8e 10 f0 61                 - ..Z....a
 173e  21                                      - !
 173f  00 00 00 00 00 00                       DP      DGROUP:char near netnode::void near sendobjpos()::.0::buf[]
 1745  68 01 66 2f 24 80 12 00                 - h.f/$...
 174d  00 78 00 00 00 33 17 06                 - .x...3..
 1755  04 04 00 00 00 84 75 30                 - ......u0
 175d  1c 04 30 1c 30 1f 30 1d                 - ..0.0.0.
 1765  30 1e 73 65 63 75 72 65                 - 0.secure
 176d  70 61 63 6b 65 74 5f 6f                 - packet_o
 1775  75 74 0a 11 10 f0 85 04                 - ut......
 177d  74 68 69 73 08 11 10 f4                 - this....
 1785  84 9e 5f 6e 09 11 10 f8                 - .._n....
 178d  84 74 5f 70 73 0a 11 10                 - .t_ps...
 1795  fc 0c 5f 73 69 7a 65 15                 - .._size.
 179d  26 00 00 84 5a 06 8e 10                 - &...Z...
 17a5  f8 61 21                                - .a!
 17a8  00 00 00 00 00 00                       DP      DGROUP:char near netnode::void near sendobjpos()::.0::buf[]
 17ae  68 01 66 2c 24 f8 12 00                 - h.f,$...
 17b6  00 64 00 00 00 9c 17 07                 - .d......
 17be  05 08 00 00 00 83 ed 30                 - .......0
 17c6  1c 02 30 1c 30 1f 7e 73                 - ..0.0.~s
 17ce  65 63 75 72 65 70 61 63                 - ecurepac
 17d6  6b 65 74 5f 6f 75 74 0a                 - ket_out.
 17de  11 10 f8 85 04 74 68 69                 - .....thi
 17e6  73 0b 11 10 fc 0d 2e 63                 - s......c
 17ee  64 74 6f 72 08 32                       - dtor.2
 17f4  00 00 00 00 00 00                       DP      near nodeinfo::nodeinfo( nodeinfo const near & )
 17fa  15 26 00 00 83 37 06 8e                 - .&...7..
 1802  10 f8 61 21                             - ..a!
 1806  00 00 00 00 00 00                       DP      DGROUP:char near netnode::void near sendobjpos()::.0::buf[]
 180c  68 01 66 23 24 00 00 00                 - h.f#$...
 1814  00 42 00 00 00 fa 17 08                 - .B......
 181c  06 0c 00 00 00 83 3c 30                 - ......<0
 1824  1c 02 30 1c 30 1f 6e 6f                 - ..0.0.no
 182c  64 65 69 6e 66 6f 0a 11                 - deinfo..
 1834  10 f8 84 b0 74 68 69 73                 - ....this
 183c  1b 11 8e 10 fc 61 21                    - .....a!
 1843  00 00 00 00 00 00                       DP      DGROUP:char near netnode::void near sendobjpos()::.0::buf[]
 1849  68 01 66 83 37 2e 63 6f                 - h.f.7.co
 1851  70 79 5f 61 72 67 08 32                 - py_arg.2
 1859  00 00 00 00 00 00                       DP      near udpsocket::~udpsocket()
 185f  15 26 00 00 82 f5 06 8e                 - .&......
 1867  10 f8 61 21                             - ..a!
 186b  00 00 00 00 00 00                       DP      DGROUP:char near netnode::void near sendobjpos()::.0::buf[]
 1871  68 01 66 25 24 00 00 00                 - h.f%$...
 1879  00 23 00 00 00 5f 18 06                 - .#..._..
 1881  04 04 00 00 00 82 fb 30                 - .......0
 1889  1c 02 30 1c 30 1f 7e 75                 - ..0.0.~u
 1891  64 70 73 6f 63 6b 65 74                 - dpsocket
 1899  0a 11 10 f8 84 af 74 68                 - ......th
 18a1  69 73 0b 11 10 fc 0d 2e                 - is......
 18a9  63 64 74 6f 72 08 32                    - cdtor.2
 18b0  00 00 00 00 00 00                       DP      near NETADDR::NETADDR( NETADDR const near & )
 18b6  15 26 00 00 83 03 06 8e                 - .&......
 18be  10 f8 61 21                             - ..a!
 18c2  00 00 00 00 00 00                       DP      DGROUP:char near netnode::void near sendobjpos()::.0::buf[]
 18c8  68 01 66 22 24 00 00 00                 - h.f"$...
 18d0  00 21 00 00 00 b6 18 06                 - .!......
 18d8  04 04 00 00 00 83 10 30                 - .......0
 18e0  1c 02 30 1c 30 1f 4e 45                 - ..0.0.NE
 18e8  54 41 44 44 52 0a 11 10                 - TADDR...
 18f0  f8 84 ae 74 68 69 73 1b                 - ...this.
 18f8  11 8e 10 fc 61 21                       - ....a!
 18fe  00 00 00 00 00 00                       DP      DGROUP:char near netnode::void near sendobjpos()::.0::buf[]
 1904  68 01 66 83 03 2e 63 6f                 - h.f...co
 190c  70 79 5f 61 72 67 08 32                 - py_arg.2
 1914  00 00 00 00 00 00                       DP      NETADDR near & near NETADDR::operator =( NETADDR const near & )
 191a  15 26 00 00 83 03 06 8e                 - .&......
 1922  10 f8 61 21                             - ..a!
 1926  00 00 00 00 00 00                       DP      DGROUP:char near netnode::void near sendobjpos()::.0::buf[]
 192c  68 01 66 24 24 00 00 00                 - h.f$$...
 1934  00 21 00 00 00 1a 19 08                 - .!......
 193c  06 0c 00 00 00 83 10 30                 - .......0
 1944  1c 02 30 1c 30 1f 6f 70                 - ..0.0.op
 194c  65 72 61 74 6f 72 3d 0a                 - erator=.
 1954  11 10 f8 84 ae 74 68 69                 - .....thi
 195c  73 1b 11 8e 10 fc 61 21                 - s.....a!
 1964  00 00 00 00 00 00                       DP      DGROUP:char near netnode::void near sendobjpos()::.0::buf[]
 196a  68 01 66 83 03 2e 63 6f                 - h.f...co
 1972  70 79 5f 61 72 67 08 32                 - py_arg.2
 197a  00 00 00 00 00 00                       DP      near sockaddr::sockaddr( sockaddr const near & )
 1980  15 26 00 00 83 12 06 8e                 - .&......
 1988  10 f8 61 21                             - ..a!
 198c  00 00 00 00 00 00                       DP      DGROUP:char near netnode::void near sendobjpos()::.0::buf[]
 1992  68 01 66 23 24 00 00 00                 - h.f#$...
 199a  00 34 00 00 00 80 19 08                 - .4......
 19a2  06 0c 00 00 00 83 15 30                 - .......0
 19aa  1c 02 30 1c 30 1f 73 6f                 - ..0.0.so
 19b2  63 6b 61 64 64 72 0a 11                 - ckaddr..
 19ba  10 f8 85 05 74 68 69 73                 - ....this
 19c2  1b 11 8e 10 fc 61 21                    - .....a!
 19c9  00 00 00 00 00 00                       DP      DGROUP:char near netnode::void near sendobjpos()::.0::buf[]
 19cf  68 01 66 83 12 2e 63 6f                 - h.f...co
 19d7  70 79 5f 61 72 67                       - py_arg

No disassembly errors

------------------------------------------------------------

Segment: $$TYPES  BYTE USE16  00004006 bytes  
 0000  06 13 66 72 00 00 06 11                 - ..fr....
 0008  65 6e 75 6d 07 11 75 6e                 - enum..un
 0010  69 6f 6e 08 11 73 74 72                 - ion..str
 0018  75 63 74 07 11 63 6c 61                 - uct..cla
 0020  73 73 0c 10 11 5f 5f 73                 - ss...__s
 0028  65 67 6d 65 6e 74 07 10                 - egment..
 0030  10 63 68 61 72 03 10 00                 - .char...
 0038  03 10 10 03 10 11 03 10                 - ........
 0040  01 03 10 11 06 10 03 69                 - .......i
 0048  6e 74 0f 10 13 75 6e 73                 - nt...uns
 0050  69 67 6e 65 64 20 69 6e                 - igned in
 0058  74 03 10 03 03 10 13 03                 - t.......
 0060  10 23 03 10 27 03 10 30                 - .#..'..0
 0068  03 46 12 04 72 13 00 03                 - .F..r...
 0070  46 14 08 60 03 00 0c 00                 - F..`....
 0078  00 00 0f 67 01 84 22 08                 - ...g..".
 0080  69 0d 5f 5f 69 6e 64 65                 - i.__inde
 0088  78 0f 67 01 84 22 04 69                 - x.g..".i
 0090  0d 5f 5f 64 65 6c 74 61                 - .__delta
 0098  09 67 01 6b 15 5f 5f 66                 - .g.k.__f
 00a0  6e 04 20 0f 06 0d 12 00                 - n. .....
 00a8  17 43 46 55 4e 43 4e 41                 - .CFUNCNA
 00b0  4d 45 04 20 ff 18 03 46                 - ME. ...F
 00b8  19 10 12 00 1a 43 46 55                 - .....CFU
 00c0  4e 43 4c 49 53 54 50 54                 - NCLISTPT
 00c8  52 04 20 08 06 0b 12 00                 - R. .....
 00d0  1c 64 65 66 6e 61 6d 65                 - .defname
 00d8  08 12 00 0b 50 4f 52 54                 - ....PORT
 00e0  0a 12 00 0d 49 50 41 44                 - ....IPAD
 00e8  44 52 0a 12 00 0d 53 4f                 - DR....SO
 00f0  43 4b 45 54 0a 12 00 0f                 - CKET....
 00f8  75 5f 6c 6f 6e 67 09 12                 - u_long..
 0100  00 0d 75 5f 69 6e 74 0b                 - ..u_int.
 0108  12 00 0b 75 5f 73 68 6f                 - ...u_sho
 0110  72 74 0a 12 00 08 75 5f                 - rt....u_
 0118  63 68 61 72 09 12 00 09                 - char....
 0120  57 43 48 41 52 03 46 25                 - WCHAR.F%
 0128  0b 12 00 26 4c 50 43 57                 - ...&LPCW
 0130  53 54 52 09 12 00 0f 44                 - STR....D
 0138  57 4f 52 44 0a 12 00 13                 - WORD....
 0140  4c 50 56 4f 49 44 08 72                 - LPVOID.r
 0148  0c 04 27 28 27 29 03 46                 - ..'(').F
 0150  2a 19 12 00 2b 52 45 47                 - *...+REG
 0158  49 53 54 45 52 57 4f 52                 - ISTERWOR
 0160  44 45 4e 55 4d 50 52 4f                 - DENUMPRO
 0168  43 57 08 12 00 06 43 48                 - CW....CH
 0170  41 52 03 46 2d 0a 12 00                 - AR.F-...
 0178  2e 4c 50 43 53 54 52 08                 - .LPCSTR.
 0180  72 0c 04 2f 28 2f 29 03                 - r../(/).
 0188  46 30 19 12 00 31 52 45                 - F0...1RE
 0190  47 49 53 54 45 52 57 4f                 - GISTERWO
 0198  52 44 45 4e 55 4d 50 52                 - RDENUMPR
 01a0  4f 43 41 07 12 00 13 48                 - OCA....H
 01a8  4b 4c 03 46 33 09 12 00                 - KL.F3...
 01b0  34 4c 50 48 4b 4c 09 12                 - 4LPHKL..
 01b8  00 0f 48 49 4d 43 43 08                 - ..HIMCC.
 01c0  12 00 0f 48 49 4d 43 05                 - ...HIMC.
 01c8  72 12 01 28 03 46 38 16                 - r..(.F8.
 01d0  12 00 39 4c 50 48 41 4e                 - ..9LPHAN
 01d8  44 4c 45 52 5f 46 55 4e                 - DLER_FUN
 01e0  43 54 49 4f 4e 03 46 2d                 - CTION.F-
 01e8  09 12 00 3b 4c 50 53 54                 - ...;LPST
 01f0  52 03 46 3c 06 72 12 02                 - R.F<.r..
 01f8  28 3d 03 46 3e 1c 12 00                 - (=.F>...
 0200  3f 4c 50 53 45 52 56 49                 - ?LPSERVI
 0208  43 45 5f 4d 41 49 4e 5f                 - CE_MAIN_
 0210  46 55 4e 43 54 49 4f 4e                 - FUNCTION
 0218  41 03 46 25 0a 12 00 41                 - A.F%...A
 0220  4c 50 57 53 54 52 03 46                 - LPWSTR.F
 0228  42 06 72 12 02 28 43 03                 - B.r..(C.
 0230  46 44 1c 12 00 45 4c 50                 - FD...ELP
 0238  53 45 52 56 49 43 45 5f                 - SERVICE_
 0240  4d 41 49 4e 5f 46 55 4e                 - MAIN_FUN
 0248  43 54 49 4f 4e 57 0b 12                 - CTIONW..
 0250  00 13 53 43 5f 4c 4f 43                 - ..SC_LOC
 0258  4b 19 12 00 0f 53 45 52                 - K....SER
 0260  56 49 43 45 5f 53 54 41                 - VICE_STA
 0268  54 55 53 5f 48 41 4e 44                 - TUS_HAND
 0270  4c 45 0d 12 00 13 53 43                 - LE....SC
 0278  5f 48 41 4e 44 4c 45 03                 - _HANDLE.
 0280  46 49 0f 12 00 4a 4c 50                 - FI...JLP
 0288  53 43 5f 48 41 4e 44 4c                 - SC_HANDL
 0290  45 05 50 02 00 00 20 51                 - E.P... Q
 0298  02 4f 4c 45 56 45 52 42                 - .OLEVERB
 02a0  41 54 54 52 49 42 5f 4f                 - ATTRIB_O
 02a8  4e 43 4f 4e 54 41 49 4e                 - NCONTAIN
 02b0  45 52 4d 45 4e 55 1d 51                 - ERMENU.Q
 02b8  01 4f 4c 45 56 45 52 42                 - .OLEVERB
 02c0  41 54 54 52 49 42 5f 4e                 - ATTRIB_N
 02c8  45 56 45 52 44 49 52 54                 - EVERDIRT
 02d0  49 45 53 14 12 01 4c 74                 - IES...Lt
 02d8  61 67 4f 4c 45 56 45 52                 - agOLEVER
 02e0  42 41 54 54 52 49 42 11                 - BATTRIB.
 02e8  12 00 4c 4f 4c 45 56 45                 - ..LOLEVE
 02f0  52 42 41 54 54 52 49 42                 - RBATTRIB
 02f8  14 12 00 4c 74 61 67 4f                 - ...LtagO
 0300  4c 45 56 45 52 42 41 54                 - LEVERBAT
 0308  54 52 49 42 0c 12 00 13                 - TRIB....
 0310  48 4f 4c 45 4d 45 4e 55                 - HOLEMENU
 0318  05 50 05 00 00 19 51 10                 - .P....Q.
 0320  4f 4c 45 43 4f 4e 54 46                 - OLECONTF
 0328  5f 4f 4e 4c 59 49 46 52                 - _ONLYIFR
 0330  55 4e 4e 49 4e 47 14 51                 - UNNING.Q
 0338  08 4f 4c 45 43 4f 4e 54                 - .OLECONT
 0340  46 5f 4f 4e 4c 59 55 53                 - F_ONLYUS
 0348  45 52 12 51 04 4f 4c 45                 - ER.Q.OLE
 0350  43 4f 4e 54 46 5f 4f 54                 - CONTF_OT
 0358  48 45 52 53 11 51 02 4f                 - HERS.Q.O
 0360  4c 45 43 4f 4e 54 46 5f                 - LECONTF_
 0368  4c 49 4e 4b 53 16 51 01                 - LINKS.Q.
 0370  4f 4c 45 43 4f 4e 54 46                 - OLECONTF
 0378  5f 45 4d 42 45 44 44 49                 - _EMBEDDI
 0380  4e 47 53 0f 12 01 51 74                 - NGS...Qt
 0388  61 67 4f 4c 45 43 4f 4e                 - agOLECON
 0390  54 46 0c 12 00 51 4f 4c                 - TF...QOL
 0398  45 43 4f 4e 54 46 0f 12                 - ECONTF..
 03a0  00 51 74 61 67 4f 4c 45                 - .QtagOLE
 03a8  43 4f 4e 54 46 05 50 03                 - CONTF.P.
 03b0  00 00 16 51 03 42 49 4e                 - ...Q.BIN
 03b8  44 53 50 45 45 44 5f 49                 - DSPEED_I
 03c0  4d 4d 45 44 49 41 54 45                 - MMEDIATE
 03c8  15 51 02 42 49 4e 44 53                 - .Q.BINDS
 03d0  50 45 45 44 5f 4d 4f 44                 - PEED_MOD
 03d8  45 52 41 54 45 17 51 01                 - ERATE.Q.
 03e0  42 49 4e 44 53 50 45 45                 - BINDSPEE
 03e8  44 5f 49 4e 44 45 46 49                 - D_INDEFI
 03f0  4e 49 54 45 10 12 01 55                 - NITE...U
 03f8  74 61 67 42 49 4e 44 53                 - tagBINDS
 0400  50 45 45 44 0d 12 00 55                 - PEED...U
 0408  42 49 4e 44 53 50 45 45                 - BINDSPEE
 0410  44 10 12 00 55 74 61 67                 - D...Utag
 0418  42 49 4e 44 53 50 45 45                 - BINDSPEE
 0420  44 05 50 01 00 00 1e 51                 - D.P....Q
 0428  01 4f 4c 45 4c 49 4e 4b                 - .OLELINK
 0430  42 49 4e 44 5f 45 56 45                 - BIND_EVE
 0438  4e 49 46 43 4c 41 53 53                 - NIFCLASS
 0440  44 49 46 46 12 12 01 59                 - DIFF...Y
 0448  74 61 67 4f 4c 45 4c 49                 - tagOLELI
 0450  4e 4b 42 49 4e 44 0f 12                 - NKBIND..
 0458  00 59 4f 4c 45 4c 49 4e                 - .YOLELIN
 0460  4b 42 49 4e 44 12 12 00                 - KBIND...
 0468  59 74 61 67 4f 4c 45 4c                 - YtagOLEL
 0470  49 4e 4b 42 49 4e 44 05                 - INKBIND.
 0478  50 02 00 00 13 51 03 4f                 - P....Q.O
 0480  4c 45 55 50 44 41 54 45                 - LEUPDATE
 0488  5f 4f 4e 43 41 4c 4c 13                 - _ONCALL.
 0490  51 01 4f 4c 45 55 50 44                 - Q.OLEUPD
 0498  41 54 45 5f 41 4c 57 41                 - ATE_ALWA
 04a0  59 53 10 12 01 5d 74 61                 - YS...]ta
 04a8  67 4f 4c 45 55 50 44 41                 - gOLEUPDA
 04b0  54 45 0d 12 00 5d 4f 4c                 - TE...]OL
 04b8  45 55 50 44 41 54 45 03                 - EUPDATE.
 04c0  46 5f 0e 12 00 60 50 4f                 - F_...`PO
 04c8  4c 45 55 50 44 41 54 45                 - LEUPDATE
 04d0  0f 12 00 60 4c 50 4f 4c                 - ...`LPOL
 04d8  45 55 50 44 41 54 45 10                 - EUPDATE.
 04e0  12 00 5d 74 61 67 4f 4c                 - ..]tagOL
 04e8  45 55 50 44 41 54 45 05                 - EUPDATE.
 04f0  50 04 00 00 11 51 03 4f                 - P....Q.O
 04f8  4c 45 52 45 4e 44 45 52                 - LERENDER
 0500  5f 41 53 49 53 13 51 02                 - _ASIS.Q.
 0508  4f 4c 45 52 45 4e 44 45                 - OLERENDE
 0510  52 5f 46 4f 52 4d 41 54                 - R_FORMAT
 0518  11 51 01 4f 4c 45 52 45                 - .Q.OLERE
 0520  4e 44 45 52 5f 44 52 41                 - NDER_DRA
 0528  57 11 51 00 4f 4c 45 52                 - W.Q.OLER
 0530  45 4e 44 45 52 5f 4e 4f                 - ENDER_NO
 0538  4e 45 10 12 01 64 74 61                 - NE...dta
 0540  67 4f 4c 45 52 45 4e 44                 - gOLEREND
 0548  45 52 0d 12 00 64 4f 4c                 - ER...dOL
 0550  45 52 45 4e 44 45 52 03                 - ERENDER.
 0558  46 66 0f 12 00 67 4c 50                 - Ff...gLP
 0560  4f 4c 45 52 45 4e 44 45                 - OLERENDE
 0568  52 10 12 00 64 74 61 67                 - R...dtag
 0570  4f 4c 45 52 45 4e 44 45                 - OLERENDE
 0578  52 05 50 03 00 00 16 51                 - R.P....Q
 0580  02 4f 4c 45 43 4c 4f 53                 - .OLECLOS
 0588  45 5f 50 52 4f 4d 50 54                 - E_PROMPT
 0590  53 41 56 45 12 51 01 4f                 - SAVE.Q.O
 0598  4c 45 43 4c 4f 53 45 5f                 - LECLOSE_
 05a0  4e 4f 53 41 56 45 17 51                 - NOSAVE.Q
 05a8  00 4f 4c 45 43 4c 4f 53                 - .OLECLOS
 05b0  45 5f 53 41 56 45 49 46                 - E_SAVEIF
 05b8  44 49 52 54 59 0f 12 01                 - DIRTY...
 05c0  6a 74 61 67 4f 4c 45 43                 - jtagOLEC
 05c8  4c 4f 53 45 0c 12 00 6a                 - LOSE...j
 05d0  4f 4c 45 43 4c 4f 53 45                 - OLECLOSE
 05d8  0f 12 00 6a 74 61 67 4f                 - ...jtagO
 05e0  4c 45 43 4c 4f 53 45 05                 - LECLOSE.
 05e8  50 0a 00 01 28 52 00 02                 - P...(R..
 05f0  4f 4c 45 4d 49 53 43 5f                 - OLEMISC_
 05f8  52 45 4e 44 45 52 49 4e                 - RENDERIN
 0600  47 49 53 44 45 56 49 43                 - GISDEVIC
 0608  45 49 4e 44 45 50 45 4e                 - EINDEPEN
 0610  44 45 4e 54 1f 52 00 01                 - DENT.R..
 0618  4f 4c 45 4d 49 53 43 5f                 - OLEMISC_
 0620  41 43 54 49 56 41 54 45                 - ACTIVATE
 0628  57 48 45 4e 56 49 53 49                 - WHENVISI
 0630  42 4c 45 15 52 80 00 4f                 - BLE.R..O
 0638  4c 45 4d 49 53 43 5f 49                 - LEMISC_I
 0640  4e 53 49 44 45 4f 55 54                 - NSIDEOUT
 0648  17 51 40 4f 4c 45 4d 49                 - .Q@OLEMI
 0650  53 43 5f 49 53 4c 49 4e                 - SC_ISLIN
 0658  4b 4f 42 4a 45 43 54 18                 - KOBJECT.
 0660  51 20 4f 4c 45 4d 49 53                 - Q OLEMIS
 0668  43 5f 43 41 4e 4c 49 4e                 - C_CANLIN
 0670  4b 42 59 4f 4c 45 31 19                 - KBYOLE1.
 0678  51 10 4f 4c 45 4d 49 53                 - Q.OLEMIS
 0680  43 5f 43 41 4e 54 4c 49                 - C_CANTLI
 0688  4e 4b 49 4e 53 49 44 45                 - NKINSIDE
 0690  11 51 08 4f 4c 45 4d 49                 - .Q.OLEMI
 0698  53 43 5f 53 54 41 54 49                 - SC_STATI
 06a0  43 1b 51 04 4f 4c 45 4d                 - C.Q.OLEM
 06a8  49 53 43 5f 49 4e 53 45                 - ISC_INSE
 06b0  52 54 4e 4f 54 52 45 50                 - RTNOTREP
 06b8  4c 41 43 45 15 51 02 4f                 - LACE.Q.O
 06c0  4c 45 4d 49 53 43 5f 4f                 - LEMISC_O
 06c8  4e 4c 59 49 43 4f 4e 49                 - NLYICONI
 06d0  43 1c 51 01 4f 4c 45 4d                 - C.Q.OLEM
 06d8  49 53 43 5f 52 45 43 4f                 - ISC_RECO
 06e0  4d 50 4f 53 45 4f 4e 52                 - MPOSEONR
 06e8  45 53 49 5a 45 0e 12 01                 - ESIZE...
 06f0  6e 74 61 67 4f 4c 45 4d                 - ntagOLEM
 06f8  49 53 43 0b 12 00 6e 4f                 - ISC...nO
 0700  4c 45 4d 49 53 43 0e 12                 - LEMISC..
 0708  00 6e 74 61 67 4f 4c 45                 - .ntagOLE
 0710  4d 49 53 43 05 50 03 00                 - MISC.P..
 0718  00 18 51 03 55 53 45 52                 - ..Q.USER
 0720  43 4c 41 53 53 54 59 50                 - CLASSTYP
 0728  45 5f 41 50 50 4e 41 4d                 - E_APPNAM
 0730  45 16 51 02 55 53 45 52                 - E.Q.USER
 0738  43 4c 41 53 53 54 59 50                 - CLASSTYP
 0740  45 5f 53 48 4f 52 54 15                 - E_SHORT.
 0748  51 01 55 53 45 52 43 4c                 - Q.USERCL
 0750  41 53 53 54 59 50 45 5f                 - ASSTYPE_
 0758  46 55 4c 4c 14 12 01 72                 - FULL...r
 0760  74 61 67 55 53 45 52 43                 - tagUSERC
 0768  4c 41 53 53 54 59 50 45                 - LASSTYPE
 0770  11 12 00 72 55 53 45 52                 - ...rUSER
 0778  43 4c 41 53 53 54 59 50                 - CLASSTYP
 0780  45 14 12 00 72 74 61 67                 - E...rtag
 0788  55 53 45 52 43 4c 41 53                 - USERCLAS
 0790  53 54 59 50 45 05 50 03                 - STYPE.P.
 0798  00 00 15 51 03 4f 4c 45                 - ...Q.OLE
 07a0  57 48 49 43 48 4d 4b 5f                 - WHICHMK_
 07a8  4f 42 4a 46 55 4c 4c 14                 - OBJFULL.
 07b0  51 02 4f 4c 45 57 48 49                 - Q.OLEWHI
 07b8  43 48 4d 4b 5f 4f 42 4a                 - CHMK_OBJ
 07c0  52 45 4c 17 51 01 4f 4c                 - REL.Q.OL
 07c8  45 57 48 49 43 48 4d 4b                 - EWHICHMK
 07d0  5f 43 4f 4e 54 41 49 4e                 - _CONTAIN
 07d8  45 52 11 12 01 76 74 61                 - ER...vta
 07e0  67 4f 4c 45 57 48 49 43                 - gOLEWHIC
 07e8  48 4d 4b 0e 12 00 76 4f                 - HMK...vO
 07f0  4c 45 57 48 49 43 48 4d                 - LEWHICHM
 07f8  4b 11 12 00 76 74 61 67                 - K...vtag
 0800  4f 4c 45 57 48 49 43 48                 - OLEWHICH
 0808  4d 4b 05 50 04 00 00 1c                 - MK.P....
 0810  51 04 4f 4c 45 47 45 54                 - Q.OLEGET
 0818  4d 4f 4e 49 4b 45 52 5f                 - MONIKER_
 0820  54 45 4d 50 46 4f 52 55                 - TEMPFORU
 0828  53 45 52 19 51 03 4f 4c                 - SER.Q.OL
 0830  45 47 45 54 4d 4f 4e 49                 - EGETMONI
 0838  4b 45 52 5f 55 4e 41 53                 - KER_UNAS
 0840  53 49 47 4e 1c 51 02 4f                 - SIGN.Q.O
 0848  4c 45 47 45 54 4d 4f 4e                 - LEGETMON
 0850  49 4b 45 52 5f 46 4f 52                 - IKER_FOR
 0858  43 45 41 53 53 49 47 4e                 - CEASSIGN
 0860  1c 51 01 4f 4c 45 47 45                 - .Q.OLEGE
 0868  54 4d 4f 4e 49 4b 45 52                 - TMONIKER
 0870  5f 4f 4e 4c 59 49 46 54                 - _ONLYIFT
 0878  48 45 52 45 14 12 01 7a                 - HERE...z
 0880  74 61 67 4f 4c 45 47 45                 - tagOLEGE
 0888  54 4d 4f 4e 49 4b 45 52                 - TMONIKER
 0890  11 12 00 7a 4f 4c 45 47                 - ...zOLEG
 0898  45 54 4d 4f 4e 49 4b 45                 - ETMONIKE
 08a0  52 14 12 00 7a 74 61 67                 - R...ztag
 08a8  4f 4c 45 47 45 54 4d 4f                 - OLEGETMO
 08b0  4e 49 4b 45 52 05 50 02                 - NIKER.P.
 08b8  00 00 16 51 01 44 49 53                 - ...Q.DIS
 08c0  43 41 52 44 43 41 43 48                 - CARDCACH
 08c8  45 5f 4e 4f 53 41 56 45                 - E_NOSAVE
 08d0  1b 51 00 44 49 53 43 41                 - .Q.DISCA
 08d8  52 44 43 41 43 48 45 5f                 - RDCACHE_
 08e0  53 41 56 45 49 46 44 49                 - SAVEIFDI
 08e8  52 54 59 13 12 01 7e 74                 - RTY...~t
 08f0  61 67 44 49 53 43 41 52                 - agDISCAR
 08f8  44 43 41 43 48 45 10 12                 - DCACHE..
 0900  00 7e 44 49 53 43 41 52                 - .~DISCAR
 0908  44 43 41 43 48 45 13 12                 - DCACHE..
 0910  00 7e 74 61 67 44 49 53                 - .~tagDIS
 0918  43 41 52 44 43 41 43 48                 - CARDCACH
 0920  45 05 50 03 00 00 12 51                 - E.P....Q
 0928  04 4c 49 42 46 4c 41 47                 - .LIBFLAG
 0930  5f 46 48 49 44 44 45 4e                 - _FHIDDEN
 0938  13 51 02 4c 49 42 46 4c                 - .Q.LIBFL
 0940  41 47 5f 46 43 4f 4e 54                 - AG_FCONT
 0948  52 4f 4c 16 51 01 4c 49                 - ROL.Q.LI
 0950  42 46 4c 41 47 5f 46 52                 - BFLAG_FR
 0958  45 53 54 52 49 43 54 45                 - ESTRICTE
 0960  44 10 12 01 80 82 74 61                 - D.....ta
 0968  67 4c 49 42 46 4c 41 47                 - gLIBFLAG
 0970  53 0d 12 00 80 82 4c 49                 - S.....LI
 0978  42 46 4c 41 47 53 10 12                 - BFLAGS..
 0980  00 80 82 74 61 67 4c 49                 - ...tagLI
 0988  42 46 4c 41 47 53 05 50                 - BFLAGS.P
 0990  03 00 00 0a 51 02 53 59                 - ....Q.SY
 0998  53 5f 4d 41 43 0c 51 01                 - S_MAC.Q.
 09a0  53 59 53 5f 57 49 4e 33                 - SYS_WIN3
 09a8  32 0c 51 00 53 59 53 5f                 - 2.Q.SYS_
 09b0  57 49 4e 31 36 0f 12 01                 - WIN16...
 09b8  80 86 74 61 67 53 59 53                 - ..tagSYS
 09c0  4b 49 4e 44 0c 12 00 80                 - KIND....
 09c8  86 53 59 53 4b 49 4e 44                 - .SYSKIND
 09d0  0f 12 00 80 86 74 61 67                 - .....tag
 09d8  53 59 53 4b 49 4e 44 05                 - SYSKIND.
 09e0  50 06 00 00 0f 51 05 44                 - P....Q.D
 09e8  45 53 43 4b 49 4e 44 5f                 - ESCKIND_
 09f0  4d 41 58 1a 51 04 44 45                 - MAX.Q.DE
 09f8  53 43 4b 49 4e 44 5f 49                 - SCKIND_I
 0a00  4d 50 4c 49 43 49 54 41                 - MPLICITA
 0a08  50 50 4f 42 4a 14 51 03                 - PPOBJ.Q.
 0a10  44 45 53 43 4b 49 4e 44                 - DESCKIND
 0a18  5f 54 59 50 45 43 4f 4d                 - _TYPECOM
 0a20  50 13 51 02 44 45 53 43                 - P.Q.DESC
 0a28  4b 49 4e 44 5f 56 41 52                 - KIND_VAR
 0a30  44 45 53 43 14 51 01 44                 - DESC.Q.D
 0a38  45 53 43 4b 49 4e 44 5f                 - ESCKIND_
 0a40  46 55 4e 43 44 45 53 43                 - FUNCDESC
 0a48  10 51 00 44 45 53 43 4b                 - .Q.DESCK
 0a50  49 4e 44 5f 4e 4f 4e 45                 - IND_NONE
 0a58  10 12 01 80 8a 74 61 67                 - .....tag
 0a60  44 45 53 43 4b 49 4e 44                 - DESCKIND
 0a68  0d 12 00 80 8a 44 45 53                 - .....DES
 0a70  43 4b 49 4e 44 10 12 00                 - CKIND...
 0a78  80 8a 74 61 67 44 45 53                 - ..tagDES
 0a80  43 4b 49 4e 44 05 50 07                 - CKIND.P.
 0a88  00 00 12 51 40 56 41 52                 - ...Q@VAR
 0a90  46 4c 41 47 5f 46 48 49                 - FLAG_FHI
 0a98  44 44 45 4e 17 51 20 56                 - DDEN.Q V
 0aa0  41 52 46 4c 41 47 5f 46                 - ARFLAG_F
 0aa8  44 45 46 41 55 4c 54 42                 - DEFAULTB
 0ab0  49 4e 44 17 51 10 56 41                 - IND.Q.VA
 0ab8  52 46 4c 41 47 5f 46 44                 - RFLAG_FD
 0ac0  49 53 50 4c 41 59 42 49                 - ISPLAYBI
 0ac8  4e 44 17 51 08 56 41 52                 - ND.Q.VAR
 0ad0  46 4c 41 47 5f 46 52 45                 - FLAG_FRE
 0ad8  51 55 45 53 54 45 44 49                 - QUESTEDI
 0ae0  54 14 51 04 56 41 52 46                 - T.Q.VARF
 0ae8  4c 41 47 5f 46 42 49 4e                 - LAG_FBIN
 0af0  44 41 42 4c 45 12 51 02                 - DABLE.Q.
 0af8  56 41 52 46 4c 41 47 5f                 - VARFLAG_
 0b00  46 53 4f 55 52 43 45 14                 - FSOURCE.
 0b08  51 01 56 41 52 46 4c 41                 - Q.VARFLA
 0b10  47 5f 46 52 45 41 44 4f                 - G_FREADO
 0b18  4e 4c 59 10 12 01 80 8e                 - NLY.....
 0b20  74 61 67 56 41 52 46 4c                 - tagVARFL
 0b28  41 47 53 0d 12 00 80 8e                 - AGS.....
 0b30  56 41 52 46 4c 41 47 53                 - VARFLAGS
 0b38  10 12 00 80 8e 74 61 67                 - .....tag
 0b40  56 41 52 46 4c 41 47 53                 - VARFLAGS
 0b48  05 50 08 00 10 1e 52 80                 - .P....R.
 0b50  00 46 55 4e 43 46 4c 41                 - .FUNCFLA
 0b58  47 5f 46 55 53 45 53 47                 - G_FUSESG
 0b60  45 54 4c 41 53 54 45 52                 - ETLASTER
 0b68  52 4f 52 13 51 40 46 55                 - ROR.Q@FU
 0b70  4e 43 46 4c 41 47 5f 46                 - NCFLAG_F
 0b78  48 49 44 44 45 4e 18 51                 - HIDDEN.Q
 0b80  20 46 55 4e 43 46 4c 41                 -  FUNCFLA
 0b88  47 5f 46 44 45 46 41 55                 - G_FDEFAU
 0b90  4c 54 42 49 4e 44 18 51                 - LTBIND.Q
 0b98  10 46 55 4e 43 46 4c 41                 - .FUNCFLA
 0ba0  47 5f 46 44 49 53 50 4c                 - G_FDISPL
 0ba8  41 59 42 49 4e 44 18 51                 - AYBIND.Q
 0bb0  08 46 55 4e 43 46 4c 41                 - .FUNCFLA
 0bb8  47 5f 46 52 45 51 55 45                 - G_FREQUE
 0bc0  53 54 45 44 49 54 15 51                 - STEDIT.Q
 0bc8  04 46 55 4e 43 46 4c 41                 - .FUNCFLA
 0bd0  47 5f 46 42 49 4e 44 41                 - G_FBINDA
 0bd8  42 4c 45 13 51 02 46 55                 - BLE.Q.FU
 0be0  4e 43 46 4c 41 47 5f 46                 - NCFLAG_F
 0be8  53 4f 55 52 43 45 17 51                 - SOURCE.Q
 0bf0  01 46 55 4e 43 46 4c 41                 - .FUNCFLA
 0bf8  47 5f 46 52 45 53 54 52                 - G_FRESTR
 0c00  49 43 54 45 44 11 12 01                 - ICTED...
 0c08  80 92 74 61 67 46 55 4e                 - ..tagFUN
 0c10  43 46 4c 41 47 53 0e 12                 - CFLAGS..
 0c18  00 80 92 46 55 4e 43 46                 - ...FUNCF
 0c20  4c 41 47 53 11 12 00 80                 - LAGS....
 0c28  92 74 61 67 46 55 4e 43                 - .tagFUNC
 0c30  46 4c 41 47 53 05 50 0a                 - FLAGS.P.
 0c38  00 01 18 52 00 02 54 59                 - ...R..TY
 0c40  50 45 46 4c 41 47 5f 46                 - PEFLAG_F
 0c48  52 45 53 54 52 49 43 54                 - RESTRICT
 0c50  45 44 1b 52 00 01 54 59                 - ED.R..TY
 0c58  50 45 46 4c 41 47 5f 46                 - PEFLAG_F
 0c60  4f 4c 45 41 55 54 4f 4d                 - OLEAUTOM
 0c68  41 54 49 4f 4e 1b 52 80                 - ATION.R.
 0c70  00 54 59 50 45 46 4c 41                 - .TYPEFLA
 0c78  47 5f 46 4e 4f 4e 45 58                 - G_FNONEX
 0c80  54 45 4e 53 49 42 4c 45                 - TENSIBLE
 0c88  11 51 40 54 59 50 45 46                 - .Q@TYPEF
 0c90  4c 41 47 5f 46 44 55 41                 - LAG_FDUA
 0c98  4c 14 51 20 54 59 50 45                 - L.Q TYPE
 0ca0  46 4c 41 47 5f 46 43 4f                 - FLAG_FCO
 0ca8  4e 54 52 4f 4c 13 51 10                 - NTROL.Q.
 0cb0  54 59 50 45 46 4c 41 47                 - TYPEFLAG
 0cb8  5f 46 48 49 44 44 45 4e                 - _FHIDDEN
 0cc0  16 51 08 54 59 50 45 46                 - .Q.TYPEF
 0cc8  4c 41 47 5f 46 50 52 45                 - LAG_FPRE
 0cd0  44 45 43 4c 49 44 15 51                 - DECLID.Q
 0cd8  04 54 59 50 45 46 4c 41                 - .TYPEFLA
 0ce0  47 5f 46 4c 49 43 45 4e                 - G_FLICEN
 0ce8  53 45 44 16 51 02 54 59                 - SED.Q.TY
 0cf0  50 45 46 4c 41 47 5f 46                 - PEFLAG_F
 0cf8  43 41 4e 43 52 45 41 54                 - CANCREAT
 0d00  45 16 51 01 54 59 50 45                 - E.Q.TYPE
 0d08  46 4c 41 47 5f 46 41 50                 - FLAG_FAP
 0d10  50 4f 42 4a 45 43 54 11                 - POBJECT.
 0d18  12 01 80 96 74 61 67 54                 - ....tagT
 0d20  59 50 45 46 4c 41 47 53                 - YPEFLAGS
 0d28  0e 12 00 80 96 54 59 50                 - .....TYP
 0d30  45 46 4c 41 47 53 11 12                 - EFLAGS..
 0d38  00 80 96 74 61 67 54 59                 - ...tagTY
 0d40  50 45 46 4c 41 47 53 05                 - PEFLAGS.
 0d48  50 04 00 00 0f 51 03 56                 - P....Q.V
 0d50  41 52 5f 44 49 53 50 41                 - AR_DISPA
 0d58  54 43 48 0c 51 02 56 41                 - TCH.Q.VA
 0d60  52 5f 43 4f 4e 53 54 0d                 - R_CONST.
 0d68  51 01 56 41 52 5f 53 54                 - Q.VAR_ST
 0d70  41 54 49 43 12 51 00 56                 - ATIC.Q.V
 0d78  41 52 5f 50 45 52 49 4e                 - AR_PERIN
 0d80  53 54 41 4e 43 45 0f 12                 - STANCE..
 0d88  01 80 9a 74 61 67 56 41                 - ...tagVA
 0d90  52 4b 49 4e 44 0c 12 00                 - RKIND...
 0d98  80 9a 56 41 52 4b 49 4e                 - ..VARKIN
 0da0  44 0f 12 00 80 9a 74 61                 - D.....ta
 0da8  67 56 41 52 4b 49 4e 44                 - gVARKIND
 0db0  05 50 04 00 00 18 51 08                 - .P....Q.
 0db8  49 4e 56 4f 4b 45 5f 50                 - INVOKE_P
 0dc0  52 4f 50 45 52 54 59 50                 - ROPERTYP
 0dc8  55 54 52 45 46 15 51 04                 - UTREF.Q.
 0dd0  49 4e 56 4f 4b 45 5f 50                 - INVOKE_P
 0dd8  52 4f 50 45 52 54 59 50                 - ROPERTYP
 0de0  55 54 15 51 02 49 4e 56                 - UT.Q.INV
 0de8  4f 4b 45 5f 50 52 4f 50                 - OKE_PROP
 0df0  45 52 54 59 47 45 54 0e                 - ERTYGET.
 0df8  51 01 49 4e 56 4f 4b 45                 - Q.INVOKE
 0e00  5f 46 55 4e 43 12 12 01                 - _FUNC...
 0e08  80 9e 74 61 67 49 4e 56                 - ..tagINV
 0e10  4f 4b 45 4b 49 4e 44 0f                 - OKEKIND.
 0e18  12 00 80 9e 49 4e 56 4f                 - ....INVO
 0e20  4b 45 4b 49 4e 44 12 12                 - KEKIND..
 0e28  00 80 9e 74 61 67 49 4e                 - ...tagIN
 0e30  56 4f 4b 45 4b 49 4e 44                 - VOKEKIND
 0e38  05 50 05 00 00 10 51 04                 - .P....Q.
 0e40  46 55 4e 43 5f 44 49 53                 - FUNC_DIS
 0e48  50 41 54 43 48 0e 51 03                 - PATCH.Q.
 0e50  46 55 4e 43 5f 53 54 41                 - FUNC_STA
 0e58  54 49 43 12 51 02 46 55                 - TIC.Q.FU
 0e60  4e 43 5f 4e 4f 4e 56 49                 - NC_NONVI
 0e68  52 54 55 41 4c 13 51 01                 - RTUAL.Q.
 0e70  46 55 4e 43 5f 50 55 52                 - FUNC_PUR
 0e78  45 56 49 52 54 55 41 4c                 - EVIRTUAL
 0e80  0f 51 00 46 55 4e 43 5f                 - .Q.FUNC_
 0e88  56 49 52 54 55 41 4c 10                 - VIRTUAL.
 0e90  12 01 80 a2 74 61 67 46                 - ....tagF
 0e98  55 4e 43 4b 49 4e 44 0d                 - UNCKIND.
 0ea0  12 00 80 a2 46 55 4e 43                 - ....FUNC
 0ea8  4b 49 4e 44 10 12 00 80                 - KIND....
 0eb0  a2 74 61 67 46 55 4e 43                 - .tagFUNC
 0eb8  4b 49 4e 44 05 50 0a 00                 - KIND.P..
 0ec0  00 09 51 09 43 43 5f 4d                 - ..Q.CC_M
 0ec8  41 58 0f 51 08 43 43 5f                 - AX.Q.CC_
 0ed0  4d 50 57 50 41 53 43 41                 - MPWPASCA
 0ed8  4c 0e 51 07 43 43 5f 4d                 - L.Q.CC_M
 0ee0  50 57 43 44 45 43 4c 0d                 - PWCDECL.
 0ee8  51 06 43 43 5f 53 59 53                 - Q.CC_SYS
 0ef0  43 41 4c 4c 0e 51 05 43                 - CALL.Q.C
 0ef8  43 5f 52 45 53 45 52 56                 - C_RESERV
 0f00  45 44 0d 51 04 43 43 5f                 - ED.Q.CC_
 0f08  53 54 44 43 41 4c 4c 0f                 - STDCALL.
 0f10  51 03 43 43 5f 4d 41 43                 - Q.CC_MAC
 0f18  50 41 53 43 41 4c 0c 51                 - PASCAL.Q
 0f20  02 43 43 5f 50 41 53 43                 - .CC_PASC
 0f28  41 4c 0f 51 02 43 43 5f                 - AL.Q.CC_
 0f30  4d 53 43 50 41 53 43 41                 - MSCPASCA
 0f38  4c 0b 51 01 43 43 5f 43                 - L.Q.CC_C
 0f40  44 45 43 4c 10 12 01 80                 - DECL....
 0f48  a6 74 61 67 43 41 4c 4c                 - .tagCALL
 0f50  43 4f 4e 56 0d 12 00 80                 - CONV....
 0f58  a6 43 41 4c 4c 43 4f 4e                 - .CALLCON
 0f60  56 10 12 00 80 a6 74 61                 - V.....ta
 0f68  67 43 41 4c 4c 43 4f 4e                 - gCALLCON
 0f70  56 05 50 09 00 00 0c 51                 - V.P....Q
 0f78  08 54 4b 49 4e 44 5f 4d                 - .TKIND_M
 0f80  41 58 0e 51 07 54 4b 49                 - AX.Q.TKI
 0f88  4e 44 5f 55 4e 49 4f 4e                 - ND_UNION
 0f90  0e 51 06 54 4b 49 4e 44                 - .Q.TKIND
 0f98  5f 41 4c 49 41 53 10 51                 - _ALIAS.Q
 0fa0  05 54 4b 49 4e 44 5f 43                 - .TKIND_C
 0fa8  4f 43 4c 41 53 53 11 51                 - OCLASS.Q
 0fb0  04 54 4b 49 4e 44 5f 44                 - .TKIND_D
 0fb8  49 53 50 41 54 43 48 12                 - ISPATCH.
 0fc0  51 03 54 4b 49 4e 44 5f                 - Q.TKIND_
 0fc8  49 4e 54 45 52 46 41 43                 - INTERFAC
 0fd0  45 0f 51 02 54 4b 49 4e                 - E.Q.TKIN
 0fd8  44 5f 4d 4f 44 55 4c 45                 - D_MODULE
 0fe0  0f 51 01 54 4b 49 4e 44                 - .Q.TKIND
 0fe8  5f 52 45 43 4f 52 44 0d                 - _RECORD.
 0ff0  51 00 54 4b 49 4e 44 5f                 - Q.TKIND_
 0ff8  45 4e 55 4d 10 12 01 80                 - ENUM....
 1000  aa 74 61 67 54 59 50 45                 - .tagTYPE
 1008  4b 49 4e 44 0d 12 00 80                 - KIND....
 1010  aa 54 59 50 45 4b 49 4e                 - .TYPEKIN
 1018  44 10 12 00 80 aa 74 61                 - D.....ta
 1020  67 54 59 50 45 4b 49 4e                 - gTYPEKIN
 1028  44 0a 12 00 0f 50 52 4f                 - D....PRO
 1030  50 49 44 0c 12 00 0f 48                 - PID....H
 1038  52 45 46 54 59 50 45 0c                 - REFTYPE.
 1040  12 00 0e 4d 45 4d 42 45                 - ...MEMBE
 1048  52 49 44 0a 12 00 0e 44                 - RID....D
 1050  49 53 50 49 44 0b 12 00                 - ISPID...
 1058  0b 56 41 52 54 59 50 45                 - .VARTYPE
 1060  05 50 27 00 00 0b 51 48                 - .P'...QH
 1068  56 54 5f 43 4c 53 49 44                 - VT_CLSID
 1070  08 51 47 56 54 5f 43 46                 - .QGVT_CF
 1078  11 51 46 56 54 5f 42 4c                 - .QFVT_BL
 1080  4f 42 5f 4f 42 4a 45 43                 - OB_OBJEC
 1088  54 13 51 45 56 54 5f 53                 - T.QEVT_S
 1090  54 4f 52 45 44 5f 4f 42                 - TORED_OB
 1098  4a 45 43 54 15 51 44 56                 - JECT.QDV
 10a0  54 5f 53 54 52 45 41 4d                 - T_STREAM
 10a8  45 44 5f 4f 42 4a 45 43                 - ED_OBJEC
 10b0  54 0d 51 43 56 54 5f 53                 - T.QCVT_S
 10b8  54 4f 52 41 47 45 0c 51                 - TORAGE.Q
 10c0  42 56 54 5f 53 54 52 45                 - BVT_STRE
 10c8  41 4d 0a 51 41 56 54 5f                 - AM.QAVT_
 10d0  42 4c 4f 42 0e 51 40 56                 - BLOB.Q@V
 10d8  54 5f 46 49 4c 45 54 49                 - T_FILETI
 10e0  4d 45 0c 51 1f 56 54 5f                 - ME.Q.VT_
 10e8  4c 50 57 53 54 52 0b 51                 - LPWSTR.Q
 10f0  1e 56 54 5f 4c 50 53 54                 - .VT_LPST
 10f8  52 11 51 1d 56 54 5f 55                 - R.Q.VT_U
 1100  53 45 52 44 45 46 49 4e                 - SERDEFIN
 1108  45 44 0c 51 1c 56 54 5f                 - ED.Q.VT_
 1110  43 41 52 52 41 59 0f 51                 - CARRAY.Q
 1118  1b 56 54 5f 53 41 46 45                 - .VT_SAFE
 1120  41 52 52 41 59 09 51 1a                 - ARRAY.Q.
 1128  56 54 5f 50 54 52 0d 51                 - VT_PTR.Q
 1130  19 56 54 5f 48 52 45 53                 - .VT_HRES
 1138  55 4c 54 0a 51 18 56 54                 - ULT.Q.VT
 1140  5f 56 4f 49 44 0a 51 17                 - _VOID.Q.
 1148  56 54 5f 55 49 4e 54 09                 - VT_UINT.
 1150  51 16 56 54 5f 49 4e 54                 - Q.VT_INT
 1158  09 51 15 56 54 5f 55 49                 - .Q.VT_UI
 1160  38 08 51 14 56 54 5f 49                 - 8.Q.VT_I
 1168  38 09 51 13 56 54 5f 55                 - 8.Q.VT_U
 1170  49 34 09 51 12 56 54 5f                 - I4.Q.VT_
 1178  55 49 32 09 51 11 56 54                 - UI2.Q.VT
 1180  5f 55 49 31 08 51 10 56                 - _UI1.Q.V
 1188  54 5f 49 31 0d 51 0d 56                 - T_I1.Q.V
 1190  54 5f 55 4e 4b 4e 4f 57                 - T_UNKNOW
 1198  4e 0d 51 0c 56 54 5f 56                 - N.Q.VT_V
 11a0  41 52 49 41 4e 54 0a 51                 - ARIANT.Q
 11a8  0b 56 54 5f 42 4f 4f 4c                 - .VT_BOOL
 11b0  0b 51 0a 56 54 5f 45 52                 - .Q.VT_ER
 11b8  52 4f 52 0e 51 09 56 54                 - ROR.Q.VT
 11c0  5f 44 49 53 50 41 54 43                 - _DISPATC
 11c8  48 0a 51 08 56 54 5f 42                 - H.Q.VT_B
 11d0  53 54 52 0a 51 07 56 54                 - STR.Q.VT
 11d8  5f 44 41 54 45 08 51 06                 - _DATE.Q.
 11e0  56 54 5f 43 59 08 51 05                 - VT_CY.Q.
 11e8  56 54 5f 52 38 08 51 04                 - VT_R8.Q.
 11f0  56 54 5f 52 34 08 51 03                 - VT_R4.Q.
 11f8  56 54 5f 49 34 08 51 02                 - VT_I4.Q.
 1200  56 54 5f 49 32 0a 51 01                 - VT_I2.Q.
 1208  56 54 5f 4e 55 4c 4c 0b                 - VT_NULL.
 1210  51 00 56 54 5f 45 4d 50                 - Q.VT_EMP
 1218  54 59 0c 12 01 80 b3 56                 - TY.....V
 1220  41 52 45 4e 55 4d 0c 12                 - ARENUM..
 1228  00 80 b3 56 41 52 45 4e                 - ...VAREN
 1230  55 4d 10 12 00 0a 56 41                 - UM....VA
 1238  52 49 41 4e 54 5f 42 4f                 - RIANT_BO
 1240  4f 4c 08 12 00 11 44 41                 - OL....DA
 1248  54 45 0b 12 00 09 4f 4c                 - TE....OL
 1250  45 43 48 41 52 04 46 80                 - ECHAR.F.
 1258  b8 09 12 00 80 b9 42 53                 - ......BS
 1260  54 52 04 46 80 ba 0b 12                 - TR.F....
 1268  00 80 bb 4c 50 42 53 54                 - ...LPBST
 1270  52 0b 12 00 0e 48 52 45                 - R....HRE
 1278  53 55 4c 54 05 72 80 bd                 - SULT.r..
 1280  00 04 46 80 be 15 12 00                 - ..F.....
 1288  80 bf 4c 50 46 4e 43 41                 - ..LPFNCA
 1290  4e 55 4e 4c 4f 41 44 4e                 - NUNLOADN
 1298  4f 57 11 12 00 0f 52 50                 - OW....RP
 12a0  43 4f 4c 45 44 41 54 41                 - COLEDATA
 12a8  52 45 50 05 50 03 00 00                 - REP.P...
 12b0  1c 51 02 50 45 4e 44 49                 - .Q.PENDI
 12b8  4e 47 4d 53 47 5f 57 41                 - NGMSG_WA
 12c0  49 54 44 45 46 50 52 4f                 - ITDEFPRO
 12c8  43 45 53 53 1b 51 01 50                 - CESS.Q.P
 12d0  45 4e 44 49 4e 47 4d 53                 - ENDINGMS
 12d8  47 5f 57 41 49 54 4e 4f                 - G_WAITNO
 12e0  50 52 4f 43 45 53 53 18                 - PROCESS.
 12e8  51 00 50 45 4e 44 49 4e                 - Q.PENDIN
 12f0  47 4d 53 47 5f 43 41 4e                 - GMSG_CAN
 12f8  43 45 4c 43 41 4c 4c 12                 - CELCALL.
 1300  12 01 80 c2 74 61 67 50                 - ....tagP
 1308  45 4e 44 49 4e 47 4d 53                 - ENDINGMS
 1310  47 0f 12 00 80 c2 50 45                 - G.....PE
 1318  4e 44 49 4e 47 4d 53 47                 - NDINGMSG
 1320  12 12 00 80 c2 74 61 67                 - .....tag
 1328  50 45 4e 44 49 4e 47 4d                 - PENDINGM
 1330  53 47 05 50 02 00 00 15                 - SG.P....
 1338  51 02 50 45 4e 44 49 4e                 - Q.PENDIN
 1340  47 54 59 50 45 5f 4e 45                 - GTYPE_NE
 1348  53 54 45 44 17 51 01 50                 - STED.Q.P
 1350  45 4e 44 49 4e 47 54 59                 - ENDINGTY
 1358  50 45 5f 54 4f 50 4c 45                 - PE_TOPLE
 1360  56 45 4c 13 12 01 80 c6                 - VEL.....
 1368  74 61 67 50 45 4e 44 49                 - tagPENDI
 1370  4e 47 54 59 50 45 10 12                 - NGTYPE..
 1378  00 80 c6 50 45 4e 44 49                 - ...PENDI
 1380  4e 47 54 59 50 45 13 12                 - NGTYPE..
 1388  00 80 c6 74 61 67 50 45                 - ...tagPE
 1390  4e 44 49 4e 47 54 59 50                 - NDINGTYP
 1398  45 05 50 03 00 00 18 51                 - E.P....Q
 13a0  02 53 45 52 56 45 52 43                 - .SERVERC
 13a8  41 4c 4c 5f 52 45 54 52                 - ALL_RETR
 13b0  59 4c 41 54 45 52 16 51                 - YLATER.Q
 13b8  01 53 45 52 56 45 52 43                 - .SERVERC
 13c0  41 4c 4c 5f 52 45 4a 45                 - ALL_REJE
 13c8  43 54 45 44 17 51 00 53                 - CTED.Q.S
 13d0  45 52 56 45 52 43 41 4c                 - ERVERCAL
 13d8  4c 5f 49 53 48 41 4e 44                 - L_ISHAND
 13e0  4c 45 44 12 12 01 80 ca                 - LED.....
 13e8  74 61 67 53 45 52 56 45                 - tagSERVE
 13f0  52 43 41 4c 4c 0f 12 00                 - RCALL...
 13f8  80 ca 53 45 52 56 45 52                 - ..SERVER
 1400  43 41 4c 4c 12 12 00 80                 - CALL....
 1408  ca 74 61 67 53 45 52 56                 - .tagSERV
 1410  45 52 43 41 4c 4c 05 50                 - ERCALL.P
 1418  05 00 00 1d 51 05 43 41                 - ....Q.CA
 1420  4c 4c 54 59 50 45 5f 41                 - LLTYPE_A
 1428  53 59 4e 43 5f 43 41 4c                 - SYNC_CAL
 1430  4c 50 45 4e 44 49 4e 47                 - LPENDING
 1438  20 51 04 43 41 4c 4c 54                 -  Q.CALLT
 1440  59 50 45 5f 54 4f 50 4c                 - YPE_TOPL
 1448  45 56 45 4c 5f 43 41 4c                 - EVEL_CAL
 1450  4c 50 45 4e 44 49 4e 47                 - LPENDING
 1458  11 51 03 43 41 4c 4c 54                 - .Q.CALLT
 1460  59 50 45 5f 41 53 59 4e                 - YPE_ASYN
 1468  43 12 51 02 43 41 4c 4c                 - C.Q.CALL
 1470  54 59 50 45 5f 4e 45 53                 - TYPE_NES
 1478  54 45 44 14 51 01 43 41                 - TED.Q.CA
 1480  4c 4c 54 59 50 45 5f 54                 - LLTYPE_T
 1488  4f 50 4c 45 56 45 4c 10                 - OPLEVEL.
 1490  12 01 80 ce 74 61 67 43                 - ....tagC
 1498  41 4c 4c 54 59 50 45 0d                 - ALLTYPE.
 14a0  12 00 80 ce 43 41 4c 4c                 - ....CALL
 14a8  54 59 50 45 10 12 00 80                 - TYPE....
 14b0  ce 74 61 67 43 41 4c 4c                 - .tagCALL
 14b8  54 59 50 45 05 50 02 00                 - TYPE.P..
 14c0  00 0e 51 02 44 41 54 41                 - ..Q.DATA
 14c8  44 49 52 5f 53 45 54 0e                 - DIR_SET.
 14d0  51 01 44 41 54 41 44 49                 - Q.DATADI
 14d8  52 5f 47 45 54 0f 12 01                 - R_GET...
 14e0  80 d2 74 61 67 44 41 54                 - ..tagDAT
 14e8  41 44 49 52 0c 12 00 80                 - ADIR....
 14f0  d2 44 41 54 41 44 49 52                 - .DATADIR
 14f8  0f 12 00 80 d2 74 61 67                 - .....tag
 1500  44 41 54 41 44 49 52 05                 - DATADIR.
 1508  50 08 00 00 0d 51 00 54                 - P....Q.T
 1510  59 4d 45 44 5f 4e 55 4c                 - YMED_NUL
 1518  4c 0e 51 40 54 59 4d 45                 - L.Q@TYME
 1520  44 5f 45 4e 48 4d 46 0f                 - D_ENHMF.
 1528  51 20 54 59 4d 45 44 5f                 - Q TYMED_
 1530  4d 46 50 49 43 54 0c 51                 - MFPICT.Q
 1538  10 54 59 4d 45 44 5f 47                 - .TYMED_G
 1540  44 49 11 51 08 54 59 4d                 - DI.Q.TYM
 1548  45 44 5f 49 53 54 4f 52                 - ED_ISTOR
 1550  41 47 45 10 51 04 54 59                 - AGE.Q.TY
 1558  4d 45 44 5f 49 53 54 52                 - MED_ISTR
 1560  45 41 4d 0d 51 02 54 59                 - EAM.Q.TY
 1568  4d 45 44 5f 46 49 4c 45                 - MED_FILE
 1570  10 51 01 54 59 4d 45 44                 - .Q.TYMED
 1578  5f 48 47 4c 4f 42 41 4c                 - _HGLOBAL
 1580  0d 12 01 80 d6 74 61 67                 - .....tag
 1588  54 59 4d 45 44 0a 12 00                 - TYMED...
 1590  80 d6 54 59 4d 45 44 0d                 - ..TYMED.
 1598  12 00 80 d6 74 61 67 54                 - ....tagT
 15a0  59 4d 45 44 05 50 07 00                 - YMED.P..
 15a8  00 13 51 20 41 44 56 46                 - ..Q ADVF
 15b0  43 41 43 48 45 5f 4f 4e                 - CACHE_ON
 15b8  53 41 56 45 19 51 10 41                 - SAVE.Q.A
 15c0  44 56 46 43 41 43 48 45                 - DVFCACHE
 15c8  5f 46 4f 52 43 45 42 55                 - _FORCEBU
 15d0  49 4c 54 49 4e 16 51 08                 - ILTIN.Q.
 15d8  41 44 56 46 43 41 43 48                 - ADVFCACH
 15e0  45 5f 4e 4f 48 41 4e 44                 - E_NOHAND
 15e8  4c 45 52 12 51 40 41 44                 - LER.Q@AD
 15f0  56 46 5f 44 41 54 41 4f                 - VF_DATAO
 15f8  4e 53 54 4f 50 10 51 04                 - NSTOP.Q.
 1600  41 44 56 46 5f 4f 4e 4c                 - ADVF_ONL
 1608  59 4f 4e 43 45 12 51 02                 - YONCE.Q.
 1610  41 44 56 46 5f 50 52 49                 - ADVF_PRI
 1618  4d 45 46 49 52 53 54 0e                 - MEFIRST.
 1620  51 01 41 44 56 46 5f 4e                 - Q.ADVF_N
 1628  4f 44 41 54 41 0c 12 01                 - ODATA...
 1630  80 da 74 61 67 41 44 56                 - ..tagADV
 1638  46 09 12 00 80 da 41 44                 - F.....AD
 1640  56 46 0c 12 00 80 da 74                 - VF.....t
 1648  61 67 41 44 56 46 0e 12                 - agADVF..
 1650  00 0b 43 4c 49 50 46 4f                 - ..CLIPFO
 1658  52 4d 41 54 04 46 80 de                 - RMAT.F..
 1660  11 12 00 80 df 4c 50 43                 - .....LPC
 1668  4c 49 50 46 4f 52 4d 41                 - LIPFORMA
 1670  54 04 46 80 b9 08 12 00                 - T.F.....
 1678  80 e1 53 4e 42 05 50 03                 - ..SNB.P.
 1680  00 00 10 51 04 4c 4f 43                 - ...Q.LOC
 1688  4b 5f 4f 4e 4c 59 4f 4e                 - K_ONLYON
 1690  43 45 11 51 02 4c 4f 43                 - CE.Q.LOC
 1698  4b 5f 45 58 43 4c 55 53                 - K_EXCLUS
 16a0  49 56 45 0d 51 01 4c 4f                 - IVE.Q.LO
 16a8  43 4b 5f 57 52 49 54 45                 - CK_WRITE
 16b0  10 12 01 80 e3 74 61 67                 - .....tag
 16b8  4c 4f 43 4b 54 59 50 45                 - LOCKTYPE
 16c0  0d 12 00 80 e3 4c 4f 43                 - .....LOC
 16c8  4b 54 59 50 45 10 12 00                 - KTYPE...
 16d0  80 e3 74 61 67 4c 4f 43                 - ..tagLOC
 16d8  4b 54 59 50 45 05 50 03                 - KTYPE.P.
 16e0  00 00 12 51 02 53 54 52                 - ...Q.STR
 16e8  45 41 4d 5f 53 45 45 4b                 - EAM_SEEK
 16f0  5f 45 4e 44 12 51 01 53                 - _END.Q.S
 16f8  54 52 45 41 4d 5f 53 45                 - TREAM_SE
 1700  45 4b 5f 43 55 52 12 51                 - EK_CUR.Q
 1708  00 53 54 52 45 41 4d 5f                 - .STREAM_
 1710  53 45 45 4b 5f 53 45 54                 - SEEK_SET
 1718  13 12 01 80 e7 74 61 67                 - .....tag
 1720  53 54 52 45 41 4d 5f 53                 - STREAM_S
 1728  45 45 4b 10 12 00 80 e7                 - EEK.....
 1730  53 54 52 45 41 4d 5f 53                 - STREAM_S
 1738  45 45 4b 13 12 00 80 e7                 - EEK.....
 1740  74 61 67 53 54 52 45 41                 - tagSTREA
 1748  4d 5f 53 45 45 4b 05 50                 - M_SEEK.P
 1750  04 00 00 11 51 04 53 54                 - ....Q.ST
 1758  47 54 59 5f 50 52 4f 50                 - GTY_PROP
 1760  45 52 54 59 12 51 03 53                 - ERTY.Q.S
 1768  54 47 54 59 5f 4c 4f 43                 - TGTY_LOC
 1770  4b 42 59 54 45 53 0f 51                 - KBYTES.Q
 1778  02 53 54 47 54 59 5f 53                 - .STGTY_S
 1780  54 52 45 41 4d 10 51 01                 - TREAM.Q.
 1788  53 54 47 54 59 5f 53 54                 - STGTY_ST
 1790  4f 52 41 47 45 0d 12 01                 - ORAGE...
 1798  80 eb 74 61 67 53 54 47                 - ..tagSTG
 17a0  54 59 0a 12 00 80 eb 53                 - TY.....S
 17a8  54 47 54 59 0d 12 00 80                 - TGTY....
 17b0  eb 74 61 67 53 54 47 54                 - .tagSTGT
 17b8  59 05 50 04 00 03 10 51                 - Y.P....Q
 17c0  00 4d 4b 52 52 45 44 55                 - .MKRREDU
 17c8  43 45 5f 41 4c 4c 1b 53                 - CE_ALL.S
 17d0  00 00 01 00 4d 4b 52 52                 - ....MKRR
 17d8  45 44 55 43 45 5f 54 48                 - EDUCE_TH
 17e0  52 4f 55 47 48 55 53 45                 - ROUGHUSE
 17e8  52 16 53 00 00 02 00 4d                 - R.S....M
 17f0  4b 52 52 45 44 55 43 45                 - KRREDUCE
 17f8  5f 54 4f 55 53 45 52 13                 - _TOUSER.
 1800  53 00 00 03 00 4d 4b 52                 - S....MKR
 1808  52 45 44 55 43 45 5f 4f                 - REDUCE_O
 1810  4e 45 10 12 01 80 ef 74                 - NE.....t
 1818  61 67 4d 4b 52 45 44 55                 - agMKREDU
 1820  43 45 0e 12 00 80 ef 4d                 - CE.....M
 1828  4b 52 52 45 44 55 43 45                 - KRREDUCE
 1830  10 12 00 80 ef 74 61 67                 - .....tag
 1838  4d 4b 52 45 44 55 43 45                 - MKREDUCE
 1840  05 50 06 00 00 17 51 05                 - .P....Q.
 1848  4d 4b 53 59 53 5f 50 4f                 - MKSYS_PO
 1850  49 4e 54 45 52 4d 4f 4e                 - INTERMON
 1858  49 4b 45 52 14 51 04 4d                 - IKER.Q.M
 1860  4b 53 59 53 5f 49 54 45                 - KSYS_ITE
 1868  4d 4d 4f 4e 49 4b 45 52                 - MMONIKER
 1870  14 51 03 4d 4b 53 59 53                 - .Q.MKSYS
 1878  5f 41 4e 54 49 4d 4f 4e                 - _ANTIMON
 1880  49 4b 45 52 14 51 02 4d                 - IKER.Q.M
 1888  4b 53 59 53 5f 46 49 4c                 - KSYS_FIL
 1890  45 4d 4f 4e 49 4b 45 52                 - EMONIKER
 1898  19 51 01 4d 4b 53 59 53                 - .Q.MKSYS
 18a0  5f 47 45 4e 45 52 49 43                 - _GENERIC
 18a8  43 4f 4d 50 4f 53 49 54                 - COMPOSIT
 18b0  45 0d 51 00 4d 4b 53 59                 - E.Q.MKSY
 18b8  53 5f 4e 4f 4e 45 0d 12                 - S_NONE..
 18c0  01 80 f3 74 61 67 4d 4b                 - ...tagMK
 18c8  53 59 53 0a 12 00 80 f3                 - SYS.....
 18d0  4d 4b 53 59 53 0d 12 00                 - MKSYS...
 18d8  80 f3 74 61 67 4d 4b 53                 - ..tagMKS
 18e0  59 53 05 50 02 00 00 19                 - YS.P....
 18e8  51 02 42 49 4e 44 5f 4a                 - Q.BIND_J
 18f0  55 53 54 54 45 53 54 45                 - USTTESTE
 18f8  58 49 53 54 45 4e 43 45                 - XISTENCE
 1900  15 51 01 42 49 4e 44 5f                 - .Q.BIND_
 1908  4d 41 59 42 4f 54 48 45                 - MAYBOTHE
 1910  52 55 53 45 52 12 12 01                 - RUSER...
 1918  80 f7 74 61 67 42 49 4e                 - ..tagBIN
 1920  44 5f 46 4c 41 47 53 0f                 - D_FLAGS.
 1928  12 00 80 f7 42 49 4e 44                 - ....BIND
 1930  5f 46 4c 41 47 53 12 12                 - _FLAGS..
 1938  00 80 f7 74 61 67 42 49                 - ...tagBI
 1940  4e 44 5f 46 4c 41 47 53                 - ND_FLAGS
 1948  05 50 03 00 00 13 51 04                 - .P....Q.
 1950  45 58 54 43 4f 4e 4e 5f                 - EXTCONN_
 1958  43 41 4c 4c 41 42 4c 45                 - CALLABLE
 1960  0f 51 02 45 58 54 43 4f                 - .Q.EXTCO
 1968  4e 4e 5f 57 45 41 4b 11                 - NN_WEAK.
 1970  51 01 45 58 54 43 4f 4e                 - Q.EXTCON
 1978  4e 5f 53 54 52 4f 4e 47                 - N_STRONG
 1980  0f 12 01 80 fb 74 61 67                 - .....tag
 1988  45 58 54 43 4f 4e 4e 0c                 - EXTCONN.
 1990  12 00 80 fb 45 58 54 43                 - ....EXTC
 1998  4f 4e 4e 0f 12 00 80 fb                 - ONN.....
 19a0  74 61 67 45 58 54 43 4f                 - tagEXTCO
 19a8  4e 4e 0c 12 00 13 48 43                 - NN....HC
 19b0  4f 4e 54 45 58 54 05 50                 - ONTEXT.P
 19b8  02 00 00 12 51 01 53 54                 - ....Q.ST
 19c0  41 54 46 4c 41 47 5f 4e                 - ATFLAG_N
 19c8  4f 4e 41 4d 45 13 51 00                 - ONAME.Q.
 19d0  53 54 41 54 46 4c 41 47                 - STATFLAG
 19d8  5f 44 45 46 41 55 4c 54                 - _DEFAULT
 19e0  10 12 01 81 00 74 61 67                 - .....tag
 19e8  53 54 41 54 46 4c 41 47                 - STATFLAG
 19f0  0d 12 00 81 00 53 54 41                 - .....STA
 19f8  54 46 4c 41 47 10 12 00                 - TFLAG...
 1a00  81 00 74 61 67 53 54 41                 - ..tagSTA
 1a08  54 46 4c 41 47 05 50 02                 - TFLAG.P.
 1a10  00 00 0f 51 01 53 54 47                 - ...Q.STG
 1a18  4d 4f 56 45 5f 43 4f 50                 - MOVE_COP
 1a20  59 0f 51 00 53 54 47 4d                 - Y.Q.STGM
 1a28  4f 56 45 5f 4d 4f 56 45                 - OVE_MOVE
 1a30  0f 12 01 81 04 74 61 67                 - .....tag
 1a38  53 54 47 4d 4f 56 45 0c                 - STGMOVE.
 1a40  12 00 81 04 53 54 47 4d                 - ....STGM
 1a48  4f 56 45 0f 12 00 81 04                 - OVE.....
 1a50  74 61 67 53 54 47 4d 4f                 - tagSTGMO
 1a58  56 45 05 50 04 00 00 2a                 - VE.P...*
 1a60  51 04 53 54 47 43 5f 44                 - Q.STGC_D
 1a68  41 4e 47 45 52 4f 55 53                 - ANGEROUS
 1a70  4c 59 43 4f 4d 4d 49 54                 - LYCOMMIT
 1a78  4d 45 52 45 4c 59 54 4f                 - MERELYTO
 1a80  44 49 53 4b 43 41 43 48                 - DISKCACH
 1a88  45 15 51 02 53 54 47 43                 - E.Q.STGC
 1a90  5f 4f 4e 4c 59 49 46 43                 - _ONLYIFC
 1a98  55 52 52 45 4e 54 11 51                 - URRENT.Q
 1aa0  01 53 54 47 43 5f 4f 56                 - .STGC_OV
 1aa8  45 52 57 52 49 54 45 0f                 - ERWRITE.
 1ab0  51 00 53 54 47 43 5f 44                 - Q.STGC_D
 1ab8  45 46 41 55 4c 54 0c 12                 - EFAULT..
 1ac0  01 81 08 74 61 67 53 54                 - ...tagST
 1ac8  47 43 09 12 00 81 08 53                 - GC.....S
 1ad0  54 47 43 0c 12 00 81 08                 - TGC.....
 1ad8  74 61 67 53 54 47 43 05                 - tagSTGC.
 1ae0  50 04 00 00 14 51 08 44                 - P....Q.D
 1ae8  56 41 53 50 45 43 54 5f                 - VASPECT_
 1af0  44 4f 43 50 52 49 4e 54                 - DOCPRINT
 1af8  10 51 04 44 56 41 53 50                 - .Q.DVASP
 1b00  45 43 54 5f 49 43 4f 4e                 - ECT_ICON
 1b08  15 51 02 44 56 41 53 50                 - .Q.DVASP
 1b10  45 43 54 5f 54 48 55 4d                 - ECT_THUM
 1b18  42 4e 41 49 4c 13 51 01                 - BNAIL.Q.
 1b20  44 56 41 53 50 45 43 54                 - DVASPECT
 1b28  5f 43 4f 4e 54 45 4e 54                 - _CONTENT
 1b30  10 12 01 81 0c 74 61 67                 - .....tag
 1b38  44 56 41 53 50 45 43 54                 - DVASPECT
 1b40  0d 12 00 81 0c 44 56 41                 - .....DVA
 1b48  53 50 45 43 54 10 12 00                 - SPECT...
 1b50  81 0c 74 61 67 44 56 41                 - ..tagDVA
 1b58  53 50 45 43 54 05 50 04                 - SPECT.P.
 1b60  00 00 10 51 03 4d 53 48                 - ...Q.MSH
 1b68  43 54 58 5f 49 4e 50 52                 - CTX_INPR
 1b70  4f 43 1a 51 02 4d 53 48                 - OC.Q.MSH
 1b78  43 54 58 5f 44 49 46 46                 - CTX_DIFF
 1b80  45 52 45 4e 54 4d 41 43                 - ERENTMAC
 1b88  48 49 4e 45 15 51 01 4d                 - HINE.Q.M
 1b90  53 48 43 54 58 5f 4e 4f                 - SHCTX_NO
 1b98  53 48 41 52 45 44 4d 45                 - SHAREDME
 1ba0  4d 0f 51 00 4d 53 48 43                 - M.Q.MSHC
 1ba8  54 58 5f 4c 4f 43 41 4c                 - TX_LOCAL
 1bb0  0e 12 01 81 10 74 61 67                 - .....tag
 1bb8  4d 53 48 43 54 58 0b 12                 - MSHCTX..
 1bc0  00 81 10 4d 53 48 43 54                 - ...MSHCT
 1bc8  58 0e 12 00 81 10 74 61                 - X.....ta
 1bd0  67 4d 53 48 43 54 58 05                 - gMSHCTX.
 1bd8  50 03 00 00 16 51 02 4d                 - P....Q.M
 1be0  53 48 4c 46 4c 41 47 53                 - SHLFLAGS
 1be8  5f 54 41 42 4c 45 57 45                 - _TABLEWE
 1bf0  41 4b 18 51 01 4d 53 48                 - AK.Q.MSH
 1bf8  4c 46 4c 41 47 53 5f 54                 - LFLAGS_T
 1c00  41 42 4c 45 53 54 52 4f                 - ABLESTRO
 1c08  4e 47 13 51 00 4d 53 48                 - NG.Q.MSH
 1c10  4c 46 4c 41 47 53 5f 4e                 - LFLAGS_N
 1c18  4f 52 4d 41 4c 11 12 01                 - ORMAL...
 1c20  81 14 74 61 67 4d 53 48                 - ..tagMSH
 1c28  4c 46 4c 41 47 53 0e 12                 - LFLAGS..
 1c30  00 81 14 4d 53 48 4c 46                 - ...MSHLF
 1c38  4c 41 47 53 11 12 00 81                 - LAGS....
 1c40  14 74 61 67 4d 53 48 4c                 - .tagMSHL
 1c48  46 4c 41 47 53 05 50 04                 - FLAGS.P.
 1c50  00 00 19 51 08 43 4c 53                 - ...Q.CLS
 1c58  43 54 58 5f 49 4e 50 52                 - CTX_INPR
 1c60  4f 43 5f 53 45 52 56 45                 - OC_SERVE
 1c68  52 31 36 16 51 04 43 4c                 - R16.Q.CL
 1c70  53 43 54 58 5f 4c 4f 43                 - SCTX_LOC
 1c78  41 4c 5f 53 45 52 56 45                 - AL_SERVE
 1c80  52 18 51 02 43 4c 53 43                 - R.Q.CLSC
 1c88  54 58 5f 49 4e 50 52 4f                 - TX_INPRO
 1c90  43 5f 48 41 4e 44 4c 45                 - C_HANDLE
 1c98  52 17 51 01 43 4c 53 43                 - R.Q.CLSC
 1ca0  54 58 5f 49 4e 50 52 4f                 - TX_INPRO
 1ca8  43 5f 53 45 52 56 45 52                 - C_SERVER
 1cb0  0e 12 01 81 18 74 61 67                 - .....tag
 1cb8  43 4c 53 43 54 58 0b 12                 - CLSCTX..
 1cc0  00 81 18 43 4c 53 43 54                 - ...CLSCT
 1cc8  58 0e 12 00 81 18 74 61                 - X.....ta
 1cd0  67 43 4c 53 43 54 58 05                 - gCLSCTX.
 1cd8  50 05 00 00 0e 51 fe 4d                 - P....Q.M
 1ce0  45 4d 43 54 58 5f 53 41                 - EMCTX_SA
 1ce8  4d 45 11 51 ff 4d 45 4d                 - ME.Q.MEM
 1cf0  43 54 58 5f 55 4e 4b 4e                 - CTX_UNKN
 1cf8  4f 57 4e 13 51 03 4d 45                 - OWN.Q.ME
 1d00  4d 43 54 58 5f 4d 41 43                 - MCTX_MAC
 1d08  53 59 53 54 45 4d 10 51                 - SYSTEM.Q
 1d10  02 4d 45 4d 43 54 58 5f                 - .MEMCTX_
 1d18  53 48 41 52 45 44 0e 51                 - SHARED.Q
 1d20  01 4d 45 4d 43 54 58 5f                 - .MEMCTX_
 1d28  54 41 53 4b 0e 12 01 81                 - TASK....
 1d30  1c 74 61 67 4d 45 4d 43                 - .tagMEMC
 1d38  54 58 0b 12 00 81 1c 4d                 - TX.....M
 1d40  45 4d 43 54 58 0e 12 00                 - EMCTX...
 1d48  81 1c 74 61 67 4d 45 4d                 - ..tagMEM
 1d50  43 54 58 09 12 00 0e 53                 - CTX....S
 1d58  43 4f 44 45 04 46 81 20                 - CODE.F. 
 1d60  0b 12 00 81 21 50 53 43                 - ....!PSC
 1d68  4f 44 45 04 46 80 b8 0e                 - ODE.F...
 1d70  12 00 81 23 4c 50 43 4f                 - ...#LPCO
 1d78  4c 45 53 54 52 0d 12 00                 - LESTR...
 1d80  80 b9 4c 50 4f 4c 45 53                 - ..LPOLES
 1d88  54 52 11 12 00 13 48 4d                 - TR....HM
 1d90  45 54 41 46 49 4c 45 50                 - ETAFILEP
 1d98  49 43 54 05 50 03 00 00                 - ICT.P...
 1da0  18 51 02 52 45 47 43 4c                 - .Q.REGCL
 1da8  53 5f 4d 55 4c 54 49 5f                 - S_MULTI_
 1db0  53 45 50 41 52 41 54 45                 - SEPARATE
 1db8  15 51 01 52 45 47 43 4c                 - .Q.REGCL
 1dc0  53 5f 4d 55 4c 54 49 50                 - S_MULTIP
 1dc8  4c 45 55 53 45 13 51 00                 - LEUSE.Q.
 1dd0  52 45 47 43 4c 53 5f 53                 - REGCLS_S
 1dd8  49 4e 47 4c 45 55 53 45                 - INGLEUSE
 1de0  0e 12 01 81 27 74 61 67                 - ....'tag
 1de8  52 45 47 43 4c 53 0b 12                 - REGCLS..
 1df0  00 81 27 52 45 47 43 4c                 - ..'REGCL
 1df8  53 0e 12 00 81 27 74 61                 - S....'ta
 1e00  67 52 45 47 43 4c 53 05                 - gREGCLS.
 1e08  72 12 01 13 14 12 00 81                 - r.......
 1e10  2b 52 50 43 5f 43 4c 49                 - +RPC_CLI
 1e18  45 4e 54 5f 46 52 45 45                 - ENT_FREE
 1e20  0a 12 00 0d 73 69 7a 65                 - ....size
 1e28  5f 74 06 72 13 01 81 2d                 - _t.r...-
 1e30  15 12 00 81 2e 52 50 43                 - .....RPC
 1e38  5f 43 4c 49 45 4e 54 5f                 - _CLIENT_
 1e40  41 4c 4c 4f 43 18 12 00                 - ALLOC...
 1e48  13 52 50 43 5f 53 53 5f                 - .RPC_SS_
 1e50  54 48 52 45 41 44 5f 48                 - THREAD_H
 1e58  41 4e 44 4c 45 05 50 05                 - ANDLE.P.
 1e60  00 00 12 51 04 50 52 4f                 - ...Q.PRO
 1e68  58 59 5f 55 4e 4d 41 52                 - XY_UNMAR
 1e70  53 48 41 4c 14 51 03 50                 - SHAL.Q.P
 1e78  52 4f 58 59 5f 53 45 4e                 - ROXY_SEN
 1e80  44 52 45 43 45 49 56 45                 - DRECEIVE
 1e88  10 51 02 50 52 4f 58 59                 - .Q.PROXY
 1e90  5f 4d 41 52 53 48 41 4c                 - _MARSHAL
 1e98  12 51 01 50 52 4f 58 59                 - .Q.PROXY
 1ea0  5f 47 45 54 42 55 46 46                 - _GETBUFF
 1ea8  45 52 11 51 00 50 52 4f                 - ER.Q.PRO
 1eb0  58 59 5f 43 41 4c 43 53                 - XY_CALCS
 1eb8  49 5a 45 10 12 00 81 31                 - IZE....1
 1ec0  50 52 4f 58 59 5f 50 48                 - PROXY_PH
 1ec8  41 53 45 09 12 00 81 31                 - ASE....1
 1ed0  2e 23 31 72 05 50 04 00                 - .#1r.P..
 1ed8  00 1e 51 03 53 54 55 42                 - ..Q.STUB
 1ee0  5f 43 41 4c 4c 5f 53 45                 - _CALL_SE
 1ee8  52 56 45 52 5f 4e 4f 5f                 - RVER_NO_
 1ef0  48 52 45 53 55 4c 54 0f                 - HRESULT.
 1ef8  51 02 53 54 55 42 5f 4d                 - Q.STUB_M
 1f00  41 52 53 48 41 4c 13 51                 - ARSHAL.Q
 1f08  01 53 54 55 42 5f 43 41                 - .STUB_CA
 1f10  4c 4c 5f 53 45 52 56 45                 - LL_SERVE
 1f18  52 11 51 00 53 54 55 42                 - R.Q.STUB
 1f20  5f 55 4e 4d 41 52 53 48                 - _UNMARSH
 1f28  41 4c 0f 12 00 81 34 53                 - AL....4S
 1f30  54 55 42 5f 50 48 41 53                 - TUB_PHAS
 1f38  45 09 12 00 81 34 2e 23                 - E....4.#
 1f40  31 71 05 50 02 00 00 0e                 - 1q.P....
 1f48  51 02 58 4c 41 54 5f 43                 - Q.XLAT_C
 1f50  4c 49 45 4e 54 0e 51 01                 - LIENT.Q.
 1f58  58 4c 41 54 5f 53 45 52                 - XLAT_SER
 1f60  56 45 52 0e 12 00 81 37                 - VER....7
 1f68  58 4c 41 54 5f 53 49 44                 - XLAT_SID
 1f70  45 09 12 00 81 37 2e 23                 - E....7.#
 1f78  31 70 04 72 0e 00 04 46                 - 1p.r...F
 1f80  81 3a 13 12 00 81 3b 53                 - .:....;S
 1f88  45 52 56 45 52 5f 52 4f                 - ERVER_RO
 1f90  55 54 49 4e 45 13 12 00                 - UTINE...
 1f98  13 50 4d 49 44 4c 5f 58                 - .PMIDL_X
 1fa0  4d 49 54 5f 54 59 50 45                 - MIT_TYPE
 1fa8  03 46 08 07 72 12 02 13                 - .F..r...
 1fb0  81 3e 04 46 81 3f 1b 12                 - .>.F.?..
 1fb8  00 81 40 47 45 4e 45 52                 - ..@GENER
 1fc0  49 43 5f 55 4e 42 49 4e                 - IC_UNBIN
 1fc8  44 5f 52 4f 55 54 49 4e                 - D_ROUTIN
 1fd0  45 05 72 13 01 13 04 46                 - E.r....F
 1fd8  81 42 1c 12 00 81 43 47                 - .B....CG
 1fe0  45 4e 45 52 49 43 5f 42                 - ENERIC_B
 1fe8  49 4e 44 49 4e 47 5f 52                 - INDING_R
 1ff0  4f 55 54 49 4e 45 03 46                 - OUTINE.F
 1ff8  08 13 12 00 81 45 50 46                 - .....EPF
 2000  4f 52 4d 41 54 5f 53 54                 - ORMAT_ST
 2008  52 49 4e 47 0e 12 00 0f                 - RING....
 2010  52 50 43 5f 4c 45 4e 47                 - RPC_LENG
 2018  54 48 0f 12 00 81 3e 52                 - TH....>R
 2020  50 43 5f 42 55 46 50 54                 - PC_BUFPT
 2028  52 12 12 00 0f 65 72 72                 - R....err
 2030  6f 72 5f 73 74 61 74 75                 - or_statu
 2038  73 5f 74 04 46 81 2b 10                 - s_t.F.+.
 2040  12 00 81 4a 4e 44 52 5f                 - ...JNDR_
 2048  52 55 4e 44 4f 57 4e 10                 - RUNDOWN.
 2050  12 00 13 4e 44 52 5f 43                 - ...NDR_C
 2058  43 4f 4e 54 45 58 54 0f                 - CONTEXT.
 2060  12 00 11 4d 49 44 4c 5f                 - ...MIDL_
 2068  75 68 79 70 65 72 09 12                 - uhyper..
 2070  00 11 68 79 70 65 72 0b                 - ..hyper.
 2078  12 00 08 62 6f 6f 6c 65                 - ...boole
 2080  61 6e 08 12 00 13 48 57                 - an....HW
 2088  4e 44 08 12 00 0d 55 49                 - ND....UI
 2090  4e 54 0a 12 00 0e 4c 50                 - NT....LP
 2098  41 52 41 4d 0a 72 0c 03                 - ARAM.r..
 20a0  81 50 81 51 81 52 04 46                 - .P.Q.R.F
 20a8  81 53 19 12 00 81 54 50                 - .S....TP
 20b0  46 4e 50 52 4f 50 53 48                 - FNPROPSH
 20b8  45 45 54 43 41 4c 4c 42                 - EETCALLB
 20c0  41 43 4b 0a 12 00 0d 57                 - ACK....W
 20c8  50 41 52 41 4d 0d 72 81                 - PARAM.r.
 20d0  51 04 81 50 81 51 81 56                 - Q..P.Q.V
 20d8  81 52 04 46 81 57 14 12                 - .R.F.W..
 20e0  00 81 58 4c 50 50 41 47                 - ..XLPPAG
 20e8  45 53 45 54 55 50 48 4f                 - ESETUPHO
 20f0  4f 4b 14 12 00 81 58 4c                 - OK....XL
 20f8  50 50 41 47 45 50 41 49                 - PPAGEPAI
 2100  4e 54 48 4f 4f 4b 14 12                 - NTHOOK..
 2108  00 81 58 4c 50 53 45 54                 - ..XLPSET
 2110  55 50 48 4f 4f 4b 50 52                 - UPHOOKPR
 2118  4f 43 14 12 00 81 58 4c                 - OC....XL
 2120  50 50 52 49 4e 54 48 4f                 - PPRINTHO
 2128  4f 4b 50 52 4f 43 11 12                 - OKPROC..
 2130  00 81 58 4c 50 43 46 48                 - ..XLPCFH
 2138  4f 4f 4b 50 52 4f 43 11                 - OOKPROC.
 2140  12 00 81 58 4c 50 46 52                 - ...XLPFR
 2148  48 4f 4f 4b 50 52 4f 43                 - HOOKPROC
 2150  11 12 00 81 58 4c 50 43                 - ....XLPC
 2158  43 48 4f 4f 4b 50 52 4f                 - CHOOKPRO
 2160  43 12 12 00 81 58 4c 50                 - C....XLP
 2168  4f 46 4e 48 4f 4f 4b 50                 - OFNHOOKP
 2170  52 4f 43 04 72 28 00 12                 - ROC.r(..
 2178  12 00 81 61 50 4d 5f 43                 - ...aPM_C
 2180  4c 4f 53 45 5f 50 52 4f                 - LOSE_PRO
 2188  43 03 46 29 03 46 28 0c                 - C.F).F(.
 2190  12 00 81 64 4c 50 44 57                 - ...dLPDW
 2198  4f 52 44 0b 72 28 04 42                 - ORD.r(.B
 21a0  81 63 81 65 81 65 14 12                 - .c.e.e..
 21a8  00 81 66 50 4d 5f 43 4f                 - ..fPM_CO
 21b0  4c 4c 45 43 54 5f 50 52                 - LLECT_PR
 21b8  4f 43 05 72 28 01 42 11                 - OC.r(.B.
 21c0  12 00 81 68 50 4d 5f 4f                 - ...hPM_O
 21c8  50 45 4e 5f 50 52 4f 43                 - PEN_PROC
 21d0  13 12 00 0b 50 52 49 4e                 - ....PRIN
 21d8  54 45 52 4f 50 5f 46 4c                 - TEROP_FL
 21e0  41 47 53 10 12 00 0b 46                 - AGS....F
 21e8  49 4c 45 4f 50 5f 46 4c                 - ILEOP_FL
 21f0  41 47 53 09 12 00 13 48                 - AGS....H
 21f8  44 52 4f 50 05 50 04 00                 - DROP.P..
 2200  00 1a 51 03 45 78 63 65                 - ..Q.Exce
 2208  70 74 69 6f 6e 43 6f 6c                 - ptionCol
 2210  6c 69 64 65 64 55 6e 77                 - lidedUnw
 2218  69 6e 64 1b 51 02 45 78                 - ind.Q.Ex
 2220  63 65 70 74 69 6f 6e 4e                 - ceptionN
 2228  65 73 74 65 64 45 78 63                 - estedExc
 2230  65 70 74 69 6f 6e 1a 51                 - eption.Q
 2238  01 45 78 63 65 70 74 69                 - .Excepti
 2240  6f 6e 43 6f 6e 74 69 6e                 - onContin
 2248  75 65 53 65 61 72 63 68                 - ueSearch
 2250  1d 51 00 45 78 63 65 70                 - .Q.Excep
 2258  74 69 6f 6e 43 6f 6e 74                 - tionCont
 2260  69 6e 75 65 45 78 65 63                 - inueExec
 2268  75 74 69 6f 6e 1b 12 01                 - ution...
 2270  81 6d 5f 45 58 43 45 50                 - .m_EXCEP
 2278  54 49 4f 4e 5f 44 49 53                 - TION_DIS
 2280  50 4f 53 49 54 49 4f 4e                 - POSITION
 2288  1a 12 00 81 6d 45 58 43                 - ....mEXC
 2290  45 50 54 49 4f 4e 5f 44                 - EPTION_D
 2298  49 53 50 4f 53 49 54 49                 - ISPOSITI
 22a0  4f 4e 1b 12 00 81 6d 5f                 - ON....m_
 22a8  45 58 43 45 50 54 49 4f                 - EXCEPTIO
 22b0  4e 5f 44 49 53 50 4f 53                 - N_DISPOS
 22b8  49 54 49 4f 4e 11 12 00                 - ITION...
 22c0  13 52 50 43 5f 4e 53 5f                 - .RPC_NS_
 22c8  48 41 4e 44 4c 45 0e 12                 - HANDLE..
 22d0  00 0e 52 50 43 5f 53 54                 - ..RPC_ST
 22d8  41 54 55 53 07 72 81 72                 - ATUS.r.r
 22e0  02 13 13 04 46 81 73 1a                 - ....F.s.
 22e8  12 00 81 74 52 50 43 5f                 - ...tRPC_
 22f0  42 4c 4f 43 4b 49 4e 47                 - BLOCKING
 22f8  5f 46 55 4e 43 54 49 4f                 - _FUNCTIO
 2300  4e 11 12 00 81 4a 50 52                 - N....JPR
 2308  50 43 5f 52 55 4e 44 4f                 - PC_RUNDO
 2310  57 4e 0f 12 00 13 49 5f                 - WN....I_
 2318  52 50 43 5f 4d 55 54 45                 - RPC_MUTE
 2320  58 16 12 00 13 52 50 43                 - X....RPC
 2328  5f 42 49 4e 44 49 4e 47                 - _BINDING
 2330  5f 48 41 4e 44 4c 45 04                 - _HANDLE.
 2338  46 81 72 09 72 0c 03 81                 - F.r.r...
 2340  78 0f 81 79 04 46 81 7a                 - x..y.F.z
 2348  1e 12 00 81 7b 52 50 43                 - ....{RPC
 2350  5f 4d 47 4d 54 5f 41 55                 - _MGMT_AU
 2358  54 48 4f 52 49 5a 41 54                 - THORIZAT
 2360  49 4f 4e 5f 46 4e 10 12                 - ION_FN..
 2368  00 13 49 5f 52 50 43 5f                 - ..I_RPC_
 2370  48 41 4e 44 4c 45 04 46                 - HANDLE.F
 2378  81 7d 16 12 00 81 7e 52                 - .}....~R
 2380  50 43 5f 45 50 5f 49 4e                 - PC_EP_IN
 2388  51 5f 48 41 4e 44 4c 45                 - Q_HANDLE
 2390  03 46 0b 03 46 13 0c 72                 - .F..F..r
 2398  12 05 13 81 80 0f 81 81                 - ........
 23a0  81 79 04 46 81 82 1e 12                 - .y.F....
 23a8  00 81 83 52 50 43 5f 41                 - ...RPC_A
 23b0  55 54 48 5f 4b 45 59 5f                 - UTH_KEY_
 23b8  52 45 54 52 49 45 56 41                 - RETRIEVA
 23c0  4c 5f 46 4e 14 12 00 13                 - L_FN....
 23c8  52 50 43 5f 41 55 54 48                 - RPC_AUTH
 23d0  5a 5f 48 41 4e 44 4c 45                 - Z_HANDLE
 23d8  1c 12 00 13 52 50 43 5f                 - ....RPC_
 23e0  41 55 54 48 5f 49 44 45                 - AUTH_IDE
 23e8  4e 54 49 54 59 5f 48 41                 - NTITY_HA
 23f0  4e 44 4c 45 11 12 00 13                 - NDLE....
 23f8  52 50 43 5f 49 46 5f 48                 - RPC_IF_H
 2400  41 4e 44 4c 45 0c 12 00                 - ANDLE...
 2408  13 68 61 6e 64 6c 65 5f                 - .handle_
 2410  74 0f 12 00 0d 4d 43 49                 - t....MCI
 2418  44 45 56 49 43 45 49 44                 - DEVICEID
 2420  08 72 81 51 02 81 89 28                 - .r.Q...(
 2428  04 46 81 8a 0e 12 00 81                 - .F......
 2430  8b 59 49 45 4c 44 50 52                 - .YIELDPR
 2438  4f 43 0c 12 00 0f 4d 43                 - OC....MC
 2440  49 45 52 52 4f 52 0b 12                 - IERROR..
 2448  00 0e 4c 52 45 53 55 4c                 - ..LRESUL
 2450  54 0c 72 81 8e 04 3c 81                 - T.r...<.
 2458  51 81 52 81 52 04 46 81                 - Q.R.R.F.
 2460  8f 0f 12 00 81 90 4c 50                 - ......LP
 2468  4d 4d 49 4f 50 52 4f 43                 - MMIOPROC
 2470  0d 12 00 81 8f 4d 4d 49                 - .....MMI
 2478  4f 50 52 4f 43 09 12 00                 - OPROC...
 2480  13 48 4d 4d 49 4f 03 46                 - .HMMIO.F
 2488  06 0a 12 00 81 94 48 50                 - ......HP
 2490  53 54 52 0a 12 00 0f 46                 - STR....F
 2498  4f 55 52 43 43 0b 72 12                 - OURCC.r.
 24a0  05 81 51 81 51 28 28 28                 - ..Q.Q(((
 24a8  04 46 81 97 13 12 00 81                 - .F......
 24b0  98 4c 50 54 49 4d 45 43                 - .LPTIMEC
 24b8  41 4c 4c 42 41 43 4b 11                 - ALLBACK.
 24c0  12 00 81 97 54 49 4d 45                 - ....TIME
 24c8  43 41 4c 4c 42 41 43 4b                 - CALLBACK
 24d0  0a 12 00 13 48 4d 49 58                 - ....HMIX
 24d8  45 52 04 46 81 9b 0d 12                 - ER.F....
 24e0  00 81 9c 4c 50 48 4d 49                 - ...LPHMI
 24e8  58 45 52 0d 12 00 13 48                 - XER....H
 24f0  4d 49 58 45 52 4f 42 4a                 - MIXEROBJ
 24f8  04 46 81 9e 10 12 00 81                 - .F......
 2500  9f 4c 50 48 4d 49 58 45                 - .LPHMIXE
 2508  52 4f 42 4a 08 12 00 0b                 - ROBJ....
 2510  57 4f 52 44 04 46 81 a1                 - WORD.F..
 2518  0f 12 00 81 a2 4c 50 4b                 - .....LPK
 2520  45 59 41 52 52 41 59 05                 - EYARRAY.
 2528  20 7f 81 a1 0d 12 00 81                 -  .......
 2530  a4 4b 45 59 41 52 52 41                 - .KEYARRA
 2538  59 11 12 00 81 a2 4c 50                 - Y.....LP
 2540  50 41 54 43 48 41 52 52                 - PATCHARR
 2548  41 59 0f 12 00 81 a4 50                 - AY.....P
 2550  41 54 43 48 41 52 52 41                 - ATCHARRA
 2558  59 09 12 00 13 48 44 52                 - Y....HDR
 2560  56 52 0b 72 12 05 81 a8                 - VR.r....
 2568  81 51 28 28 28 04 46 81                 - .Q(((.F.
 2570  a9 13 12 00 81 aa 4c 50                 - ......LP
 2578  4d 49 44 49 43 41 4c 4c                 - MIDICALL
 2580  42 41 43 4b 11 12 00 81                 - BACK....
 2588  a9 4d 49 44 49 43 41 4c                 - .MIDICAL
 2590  4c 42 41 43 4b 0d 12 00                 - LBACK...
 2598  13 48 4d 49 44 49 53 54                 - .HMIDIST
 25a0  52 4d 04 46 81 ad 10 12                 - RM.F....
 25a8  00 81 ae 4c 50 48 4d 49                 - ...LPHMI
 25b0  44 49 53 54 52 4d 0c 12                 - DISTRM..
 25b8  00 13 48 4d 49 44 49 4f                 - ..HMIDIO
 25c0  55 54 04 46 81 b0 0f 12                 - UT.F....
 25c8  00 81 b1 4c 50 48 4d 49                 - ...LPHMI
 25d0  44 49 4f 55 54 0b 12 00                 - DIOUT...
 25d8  13 48 4d 49 44 49 49 4e                 - .HMIDIIN
 25e0  04 46 81 b3 0e 12 00 81                 - .F......
 25e8  b4 4c 50 48 4d 49 44 49                 - .LPHMIDI
 25f0  49 4e 09 12 00 13 48 4d                 - IN....HM
 25f8  49 44 49 04 46 81 b6 0c                 - IDI.F...
 2600  12 00 81 b7 4c 50 48 4d                 - ....LPHM
 2608  49 44 49 13 12 00 81 aa                 - IDI.....
 2610  4c 50 57 41 56 45 43 41                 - LPWAVECA
 2618  4c 4c 42 41 43 4b 11 12                 - LLBACK..
 2620  00 81 a9 57 41 56 45 43                 - ...WAVEC
 2628  41 4c 4c 42 41 43 4b 0c                 - ALLBACK.
 2630  12 00 13 48 57 41 56 45                 - ...HWAVE
 2638  4f 55 54 04 46 81 bb 0f                 - OUT.F...
 2640  12 00 81 bc 4c 50 48 57                 - ....LPHW
 2648  41 56 45 4f 55 54 0b 12                 - AVEOUT..
 2650  00 13 48 57 41 56 45 49                 - ..HWAVEI
 2658  4e 04 46 81 be 0e 12 00                 - N.F.....
 2660  81 bf 4c 50 48 57 41 56                 - ..LPHWAV
 2668  45 49 4e 09 12 00 13 48                 - EIN....H
 2670  57 41 56 45 11 12 00 81                 - WAVE....
 2678  aa 50 44 52 56 43 41 4c                 - .PDRVCAL
 2680  4c 42 41 43 4b 12 12 00                 - LBACK...
 2688  81 aa 4c 50 44 52 56 43                 - ..LPDRVC
 2690  41 4c 4c 42 41 43 4b 10                 - ALLBACK.
 2698  12 00 81 a9 44 52 56 43                 - ....DRVC
 26a0  41 4c 4c 42 41 43 4b 0e                 - ALLBACK.
 26a8  72 81 8e 05 28 81 a8 81                 - r...(...
 26b0  51 81 52 81 52 04 46 81                 - Q.R.R.F.
 26b8  c5 0f 12 00 81 c6 44 52                 - ......DR
 26c0  49 56 45 52 50 52 4f 43                 - IVERPROC
 26c8  04 46 81 51 0b 12 00 81                 - .F.Q....
 26d0  c8 4c 50 55 49 4e 54 0c                 - .LPUINT.
 26d8  12 00 0d 4d 4d 52 45 53                 - ...MMRES
 26e0  55 4c 54 0d 12 00 0d 4d                 - ULT....M
 26e8  4d 56 45 52 53 49 4f 4e                 - MVERSION
 26f0  0c 12 00 13 48 44 44 45                 - ....HDDE
 26f8  44 41 54 41 09 12 00 13                 - DATA....
 2700  48 43 4f 4e 56 07 12 00                 - HCONV...
 2708  13 48 53 5a 13 72 81 cc                 - .HSZ.r..
 2710  08 81 51 81 51 81 cd 81                 - ..Q.Q...
 2718  ce 81 ce 81 cc 28 28 04                 - .....((.
 2720  46 81 cf 10 12 00 81 d0                 - F.......
 2728  50 46 4e 43 41 4c 4c 42                 - PFNCALLB
 2730  41 43 4b 0f 12 00 81 cf                 - ACK.....
 2738  46 4e 43 41 4c 4c 42 41                 - FNCALLBA
 2740  43 4b 0d 12 00 13 48 43                 - CK....HC
 2748  4f 4e 56 4c 49 53 54 08                 - ONVLIST.
 2750  12 00 0c 42 4f 4f 4c 0b                 - ...BOOL.
 2758  72 81 d4 05 81 50 27 27                 - r....P''
 2760  27 28 04 46 81 d5 18 12                 - '(.F....
 2768  00 81 d6 50 46 4e 50 52                 - ...PFNPR
 2770  4f 43 45 53 53 50 4f 4c                 - OCESSPOL
 2778  49 43 49 45 53 57 0b 72                 - ICIESW.r
 2780  81 d4 05 81 50 2f 2f 2f                 - ....P///
 2788  28 04 46 81 d8 18 12 00                 - (.F.....
 2790  81 d9 50 46 4e 50 52 4f                 - ..PFNPRO
 2798  43 45 53 53 50 4f 4c 49                 - CESSPOLI
 27a0  43 49 45 53 41 08 72 81                 - CIESA.r.
 27a8  51 03 27 27 28 04 46 81                 - Q.''(.F.
 27b0  db 19 12 00 81 dc 50 46                 - ......PF
 27b8  4e 52 45 43 4f 4e 43 49                 - NRECONCI
 27c0  4c 45 50 52 4f 46 49 4c                 - LEPROFIL
 27c8  45 57 08 72 81 51 03 2f                 - EW.r.Q./
 27d0  2f 28 04 46 81 de 19 12                 - /(.F....
 27d8  00 81 df 50 46 4e 52 45                 - ...PFNRE
 27e0  43 4f 4e 43 49 4c 45 50                 - CONCILEP
 27e8  52 4f 46 49 4c 45 41 09                 - ROFILEA.
 27f0  72 81 51 03 27 42 81 51                 - r.Q.'B.Q
 27f8  04 46 81 e1 17 12 00 81                 - .F......
 2800  e2 50 46 4e 47 45 54 50                 - .PFNGETP
 2808  52 4f 46 49 4c 45 50 41                 - ROFILEPA
 2810  54 48 57 09 72 81 51 03                 - THW.r.Q.
 2818  2f 3c 81 51 04 46 81 e4                 - /<.Q.F..
 2820  17 12 00 81 e5 50 46 4e                 - .....PFN
 2828  47 45 54 50 52 4f 46 49                 - GETPROFI
 2830  4c 45 50 41 54 48 41 08                 - LEPATHA.
 2838  12 00 13 48 4b 45 59 04                 - ...HKEY.
 2840  46 81 e7 0a 12 00 81 e8                 - F.......
 2848  50 48 4b 45 59 0a 12 00                 - PHKEY...
 2850  0f 52 45 47 53 41 4d 06                 - .REGSAM.
 2858  72 81 d4 01 28 04 46 81                 - r...(.F.
 2860  eb 15 12 00 81 ec 50 48                 - ......PH
 2868  41 4e 44 4c 45 52 5f 52                 - ANDLER_R
 2870  4f 55 54 49 4e 45 04 72                 - OUTINE.r
 2878  0c 00 04 46 81 ee 16 12                 - ...F....
 2880  00 81 ef 43 41 4c 49 4e                 - ...CALIN
 2888  46 4f 5f 45 4e 55 4d 50                 - FO_ENUMP
 2890  52 4f 43 57 16 12 00 81                 - ROCW....
 2898  ef 54 49 4d 45 46 4d 54                 - .TIMEFMT
 28a0  5f 45 4e 55 4d 50 52 4f                 - _ENUMPRO
 28a8  43 57 16 12 00 81 ef 44                 - CW.....D
 28b0  41 54 45 46 4d 54 5f 45                 - ATEFMT_E
 28b8  4e 55 4d 50 52 4f 43 57                 - NUMPROCW
 28c0  17 12 00 81 ef 43 4f 44                 - .....COD
 28c8  45 50 41 47 45 5f 45 4e                 - EPAGE_EN
 28d0  55 4d 50 52 4f 43 57 15                 - UMPROCW.
 28d8  12 00 81 ef 4c 4f 43 41                 - ....LOCA
 28e0  4c 45 5f 45 4e 55 4d 50                 - LE_ENUMP
 28e8  52 4f 43 57 16 12 00 81                 - ROCW....
 28f0  ef 43 41 4c 49 4e 46 4f                 - .CALINFO
 28f8  5f 45 4e 55 4d 50 52 4f                 - _ENUMPRO
 2900  43 41 16 12 00 81 ef 54                 - CA.....T
 2908  49 4d 45 46 4d 54 5f 45                 - IMEFMT_E
 2910  4e 55 4d 50 52 4f 43 41                 - NUMPROCA
 2918  16 12 00 81 ef 44 41 54                 - .....DAT
 2920  45 46 4d 54 5f 45 4e 55                 - EFMT_ENU
 2928  4d 50 52 4f 43 41 17 12                 - MPROCA..
 2930  00 81 ef 43 4f 44 45 50                 - ...CODEP
 2938  41 47 45 5f 45 4e 55 4d                 - AGE_ENUM
 2940  50 52 4f 43 41 15 12 00                 - PROCA...
 2948  81 ef 4c 4f 43 41 4c 45                 - ..LOCALE
 2950  5f 45 4e 55 4d 50 52 4f                 - _ENUMPRO
 2958  43 41 09 12 00 0f 43 41                 - CA....CA
 2960  4c 49 44 0b 12 00 0f 43                 - LID....C
 2968  41 4c 54 59 50 45 0a 12                 - ALTYPE..
 2970  00 0f 4c 43 54 59 50 45                 - ..LCTYPE
 2978  0c 12 00 0f 48 45 4c 50                 - ....HELP
 2980  50 4f 4c 59 14 12 00 81                 - POLY....
 2988  ef 44 45 53 4b 54 4f 50                 - .DESKTOP
 2990  45 4e 55 4d 50 52 4f 43                 - ENUMPROC
 2998  13 12 00 81 ef 57 49 4e                 - .....WIN
 29a0  53 54 41 45 4e 55 4d 50                 - STAENUMP
 29a8  52 4f 43 15 12 00 81 ef                 - ROC.....
 29b0  44 45 53 4b 54 4f 50 45                 - DESKTOPE
 29b8  4e 55 4d 50 52 4f 43 57                 - NUMPROCW
 29c0  14 12 00 81 ef 57 49 4e                 - .....WIN
 29c8  53 54 41 45 4e 55 4d 50                 - STAENUMP
 29d0  52 4f 43 57 15 12 00 81                 - ROCW....
 29d8  ef 44 45 53 4b 54 4f 50                 - .DESKTOP
 29e0  45 4e 55 4d 50 52 4f 43                 - ENUMPROC
 29e8  41 14 12 00 81 ef 57 49                 - A.....WI
 29f0  4e 53 54 41 45 4e 55 4d                 - NSTAENUM
 29f8  50 52 4f 43 41 12 12 00                 - PROCA...
 2a00  81 ef 4e 41 4d 45 45 4e                 - ..NAMEEN
 2a08  55 4d 50 52 4f 43 57 12                 - UMPROCW.
 2a10  12 00 81 ef 4e 41 4d 45                 - ....NAME
 2a18  45 4e 55 4d 50 52 4f 43                 - ENUMPROC
 2a20  41 16 12 00 81 ef 45 44                 - A.....ED
 2a28  49 54 57 4f 52 44 42 52                 - ITWORDBR
 2a30  45 41 4b 50 52 4f 43 13                 - EAKPROC.
 2a38  12 00 81 ef 50 52 4f 50                 - ....PROP
 2a40  45 4e 55 4d 50 52 4f 43                 - ENUMPROC
 2a48  45 58 11 12 00 81 ef 50                 - EX.....P
 2a50  52 4f 50 45 4e 55 4d 50                 - ROPENUMP
 2a58  52 4f 43 12 12 00 81 ef                 - ROC.....
 2a60  44 52 41 57 53 54 41 54                 - DRAWSTAT
 2a68  45 50 52 4f 43 14 12 00                 - EPROC...
 2a70  81 ef 50 52 4f 50 45 4e                 - ..PROPEN
 2a78  55 4d 50 52 4f 43 45 58                 - UMPROCEX
 2a80  57 14 12 00 81 ef 50 52                 - W.....PR
 2a88  4f 50 45 4e 55 4d 50 52                 - OPENUMPR
 2a90  4f 43 45 58 41 12 12 00                 - OCEXA...
 2a98  81 ef 50 52 4f 50 45 4e                 - ..PROPEN
 2aa0  55 4d 50 52 4f 43 57 12                 - UMPROCW.
 2aa8  12 00 81 ef 50 52 4f 50                 - ....PROP
 2ab0  45 4e 55 4d 50 52 4f 43                 - ENUMPROC
 2ab8  41 17 12 00 81 ef 45 44                 - A.....ED
 2ac0  49 54 57 4f 52 44 42 52                 - ITWORDBR
 2ac8  45 41 4b 50 52 4f 43 57                 - EAKPROCW
 2ad0  17 12 00 81 ef 45 44 49                 - .....EDI
 2ad8  54 57 4f 52 44 42 52 45                 - TWORDBRE
 2ae0  41 4b 50 52 4f 43 41 12                 - AKPROCA.
 2ae8  12 00 81 ef 53 45 4e 44                 - ....SEND
 2af0  41 53 59 4e 43 50 52 4f                 - ASYNCPRO
 2af8  43 0d 12 00 81 ef 48 4f                 - C.....HO
 2b00  4f 4b 50 52 4f 43 10 12                 - OKPROC..
 2b08  00 81 ef 57 4e 44 45 4e                 - ...WNDEN
 2b10  55 4d 50 52 4f 43 13 12                 - UMPROC..
 2b18  00 81 ef 47 52 41 59 53                 - ...GRAYS
 2b20  54 52 49 4e 47 50 52 4f                 - TRINGPRO
 2b28  43 0e 12 00 81 ef 54 49                 - C.....TI
 2b30  4d 45 52 50 52 4f 43 0c                 - MERPROC.
 2b38  12 00 81 ef 44 4c 47 50                 - ....DLGP
 2b40  52 4f 43 0d 72 81 8e 04                 - ROC.r...
 2b48  81 50 81 51 81 56 81 52                 - .P.Q.V.R
 2b50  04 46 82 16 0c 12 00 82                 - .F......
 2b58  17 57 4e 44 50 52 4f 43                 - .WNDPROC
 2b60  12 12 00 13 4c 50 4d 45                 - ....LPME
 2b68  4e 55 54 45 4d 50 4c 41                 - NUTEMPLA
 2b70  54 45 13 12 00 13 4c 50                 - TE....LP
 2b78  4d 45 4e 55 54 45 4d 50                 - MENUTEMP
 2b80  4c 41 54 45 57 13 12 00                 - LATEW...
 2b88  13 4c 50 4d 45 4e 55 54                 - .LPMENUT
 2b90  45 4d 50 4c 41 54 45 41                 - EMPLATEA
 2b98  10 12 00 12 4d 45 4e 55                 - ....MENU
 2ba0  54 45 4d 50 4c 41 54 45                 - TEMPLATE
 2ba8  11 12 00 12 4d 45 4e 55                 - ....MENU
 2bb0  54 45 4d 50 4c 41 54 45                 - TEMPLATE
 2bb8  57 11 12 00 12 4d 45 4e                 - W....MEN
 2bc0  55 54 45 4d 50 4c 41 54                 - UTEMPLAT
 2bc8  45 41 08 12 00 13 48 44                 - EA....HD
 2bd0  57 50 07 72 0c 02 42 81                 - WP.r..B.
 2bd8  52 04 46 82 20 11 12 00                 - R.F. ...
 2be0  82 21 49 43 4d 45 4e 55                 - .!ICMENU
 2be8  4d 50 52 4f 43 57 07 72                 - MPROCW.r
 2bf0  0c 02 3c 81 52 04 46 82                 - ..<.R.F.
 2bf8  23 11 12 00 82 24 49 43                 - #....$IC
 2c00  4d 45 4e 55 4d 50 52 4f                 - MENUMPRO
 2c08  43 41 0e 12 00 81 ef 41                 - CA.....A
 2c10  42 4f 52 54 50 52 4f 43                 - BORTPROC
 2c18  10 12 00 81 ef 4c 49 4e                 - .....LIN
 2c20  45 44 44 41 50 52 4f 43                 - EDDAPROC
 2c28  11 12 00 81 ef 47 4f 42                 - .....GOB
 2c30  4a 45 4e 55 4d 50 52 4f                 - JENUMPRO
 2c38  43 11 12 00 81 ef 46 4f                 - C.....FO
 2c40  4e 54 45 4e 55 4d 50 52                 - NTENUMPR
 2c48  4f 43 12 12 00 81 ef 46                 - OC.....F
 2c50  4f 4e 54 45 4e 55 4d 50                 - ONTENUMP
 2c58  52 4f 43 57 12 12 00 81                 - ROCW....
 2c60  ef 46 4f 4e 54 45 4e 55                 - .FONTENU
 2c68  4d 50 52 4f 43 41 14 12                 - MPROCA..
 2c70  00 81 ef 4f 4c 44 46 4f                 - ...OLDFO
 2c78  4e 54 45 4e 55 4d 50 52                 - NTENUMPR
 2c80  4f 43 09 12 00 08 42 43                 - OC....BC
 2c88  48 41 52 03 46 0e 11 12                 - HAR.F...
 2c90  00 82 2e 4c 50 46 58 50                 - ...LPFXP
 2c98  54 32 44 4f 54 33 30 0e                 - T2DOT30.
 2ca0  12 00 0e 46 58 50 54 32                 - ...FXPT2
 2ca8  44 4f 54 33 30 12 12 00                 - DOT30...
 2cb0  82 2e 4c 50 46 58 50 54                 - ..LPFXPT
 2cb8  31 36 44 4f 54 31 36 0f                 - 16DOT16.
 2cc0  12 00 0e 46 58 50 54 31                 - ...FXPT1
 2cc8  36 44 4f 54 31 36 11 12                 - 6DOT16..
 2cd0  00 0e 4c 43 53 47 41 4d                 - ..LCSGAM
 2cd8  55 54 4d 41 54 43 48 0d                 - UTMATCH.
 2ce0  12 00 0e 4c 43 53 43 53                 - ...LCSCS
 2ce8  54 59 50 45 14 12 00 81                 - TYPE....
 2cf0  ef 45 4e 55 4d 52 45 53                 - .ENUMRES
 2cf8  4c 41 4e 47 50 52 4f 43                 - LANGPROC
 2d00  14 12 00 81 ef 45 4e 55                 - .....ENU
 2d08  4d 52 45 53 4e 41 4d 45                 - MRESNAME
 2d10  50 52 4f 43 14 12 00 81                 - PROC....
 2d18  ef 45 4e 55 4d 52 45 53                 - .ENUMRES
 2d20  54 59 50 45 50 52 4f 43                 - TYPEPROC
 2d28  05 72 28 01 29 04 46 82                 - .r(.).F.
 2d30  38 1b 12 00 82 39 4c 50                 - 8....9LP
 2d38  54 48 52 45 41 44 5f 53                 - THREAD_S
 2d40  54 41 52 54 5f 52 4f 55                 - TART_ROU
 2d48  54 49 4e 45 1a 12 00 82                 - TINE....
 2d50  39 50 54 48 52 45 41 44                 - 9PTHREAD
 2d58  5f 53 54 41 52 54 5f 52                 - _START_R
 2d60  4f 55 54 49 4e 45 0f 12                 - OUTINE..
 2d68  00 81 64 4c 50 43 4f 4c                 - ..dLPCOL
 2d70  4f 52 52 45 46 0c 12 00                 - ORREF...
 2d78  0f 43 4f 4c 4f 52 52 45                 - .COLORRE
 2d80  46 0b 12 00 13 48 43 55                 - F....HCU
 2d88  52 53 4f 52 09 12 00 0c                 - RSOR....
 2d90  48 46 49 4c 45 0b 12 00                 - HFILE...
 2d98  13 48 57 49 4e 53 54 41                 - .HWINSTA
 2da0  09 12 00 13 48 54 41 53                 - ....HTAS
 2da8  4b 08 12 00 13 48 53 54                 - K....HST
 2db0  52 09 12 00 13 48 52 53                 - R....HRS
 2db8  52 43 08 12 00 13 48 52                 - RC....HR
 2dc0  47 4e 08 12 00 13 48 50                 - GN....HP
 2dc8  45 4e 0c 12 00 13 48 50                 - EN....HP
 2dd0  41 4c 45 54 54 45 0b 12                 - ALETTE..
 2dd8  00 13 48 4d 4f 44 55 4c                 - ..HMODUL
 2de0  45 0d 12 00 13 48 49 4e                 - E....HIN
 2de8  53 54 41 4e 43 45 0d 12                 - STANCE..
 2df0  00 13 48 4d 45 54 41 46                 - ..HMETAF
 2df8  49 4c 45 09 12 00 13 48                 - ILE....H
 2e00  4d 45 4e 55 09 12 00 13                 - MENU....
 2e08  48 49 43 4f 4e 09 12 00                 - HICON...
 2e10  13 48 46 4f 4e 54 10 12                 - .HFONT..
 2e18  00 13 48 45 4e 48 4d 45                 - ..HENHME
 2e20  54 41 46 49 4c 45 09 12                 - TAFILE..
 2e28  00 13 48 44 45 53 4b 09                 - ..HDESK.
 2e30  12 00 13 48 47 4c 52 43                 - ...HGLRC
 2e38  07 12 00 13 48 44 43 0f                 - ....HDC.
 2e40  12 00 13 48 43 4f 4c 4f                 - ...HCOLO
 2e48  52 53 50 41 43 45 0a 12                 - RSPACE..
 2e50  00 13 48 42 52 55 53 48                 - ..HBRUSH
 2e58  0b 12 00 13 48 42 49 54                 - ....HBIT
 2e60  4d 41 50 0a 12 00 13 48                 - MAP....H
 2e68  41 43 43 45 4c 0b 12 00                 - ACCEL...
 2e70  13 48 47 44 49 4f 42 4a                 - .HGDIOBJ
 2e78  09 12 00 81 ef 50 52 4f                 - .....PRO
 2e80  43 0d 12 00 81 ef 4e 45                 - C.....NE
 2e88  41 52 50 52 4f 43 0c 12                 - ARPROC..
 2e90  00 81 ef 46 41 52 50 52                 - ...FARPR
 2e98  4f 43 0f 12 00 13 4c 4f                 - OC....LO
 2ea0  43 41 4c 48 41 4e 44 4c                 - CALHANDL
 2ea8  45 10 12 00 13 47 4c 4f                 - E....GLO
 2eb0  42 41 4c 48 41 4e 44 4c                 - BALHANDL
 2eb8  45 0a 12 00 13 48 4c 4f                 - E....HLO
 2ec0  43 41 4c 0b 12 00 13 48                 - CAL....H
 2ec8  47 4c 4f 42 41 4c 0a 12                 - GLOBAL..
 2ed0  00 13 48 41 4e 44 4c 45                 - ..HANDLE
 2ed8  04 46 82 5d 0d 12 00 82                 - .F.]....
 2ee0  5e 4c 50 48 41 4e 44 4c                 - ^LPHANDL
 2ee8  45 0d 12 00 82 5e 53 50                 - E....^SP
 2ef0  48 41 4e 44 4c 45 08 12                 - HANDLE..
 2ef8  00 0b 41 54 4f 4d 09 12                 - ..ATOM..
 2f00  00 13 48 48 4f 4f 4b 05                 - ..HHOOK.
 2f08  50 04 00 00 10 51 03 43                 - P....Q.C
 2f10  72 69 74 69 63 61 6c 45                 - riticalE
 2f18  72 72 6f 72 0e 51 02 53                 - rror.Q.S
 2f20  65 76 65 72 65 45 72 72                 - evereErr
 2f28  6f 72 0e 51 01 4e 6f 72                 - or.Q.Nor
 2f30  6d 61 6c 45 72 72 6f 72                 - malError
 2f38  0e 51 00 49 67 6e 6f 72                 - .Q.Ignor
 2f40  65 45 72 72 6f 72 1b 12                 - eError..
 2f48  01 82 63 5f 43 4d 5f 45                 - ..c_CM_E
 2f50  52 52 4f 52 5f 43 4f 4e                 - RROR_CON
 2f58  54 52 4f 4c 5f 54 59 50                 - TROL_TYP
 2f60  45 17 12 00 82 63 53 45                 - E....cSE
 2f68  52 56 49 43 45 5f 45 52                 - RVICE_ER
 2f70  52 4f 52 5f 54 59 50 45                 - ROR_TYPE
 2f78  1b 12 00 82 63 5f 43 4d                 - ....c_CM
 2f80  5f 45 52 52 4f 52 5f 43                 - _ERROR_C
 2f88  4f 4e 54 52 4f 4c 5f 54                 - ONTROL_T
 2f90  59 50 45 05 50 05 00 00                 - YPE.P...
 2f98  0e 51 04 44 69 73 61 62                 - .Q.Disab
 2fa0  6c 65 4c 6f 61 64 0d 51                 - leLoad.Q
 2fa8  03 44 65 6d 61 6e 64 4c                 - .DemandL
 2fb0  6f 61 64 0b 51 02 41 75                 - oad.Q.Au
 2fb8  74 6f 4c 6f 61 64 0d 51                 - toLoad.Q
 2fc0  01 53 79 73 74 65 6d 4c                 - .SystemL
 2fc8  6f 61 64 0b 51 00 42 6f                 - oad.Q.Bo
 2fd0  6f 74 4c 6f 61 64 1a 12                 - otLoad..
 2fd8  01 82 67 5f 43 4d 5f 53                 - ..g_CM_S
 2fe0  45 52 56 49 43 45 5f 4c                 - ERVICE_L
 2fe8  4f 41 44 5f 54 59 50 45                 - OAD_TYPE
 2ff0  16 12 00 82 67 53 45 52                 - ....gSER
 2ff8  56 49 43 45 5f 4c 4f 41                 - VICE_LOA
 3000  44 5f 54 59 50 45 1a 12                 - D_TYPE..
 3008  00 82 67 5f 43 4d 5f 53                 - ..g_CM_S
 3010  45 52 56 49 43 45 5f 4c                 - ERVICE_L
 3018  4f 41 44 5f 54 59 50 45                 - OAD_TYPE
 3020  05 50 06 00 00 11 51 08                 - .P....Q.
 3028  52 65 63 6f 67 6e 69 7a                 - Recogniz
 3030  65 72 54 79 70 65 0e 51                 - erType.Q
 3038  04 41 64 61 70 74 65 72                 - .Adapter
 3040  54 79 70 65 1b 51 20 57                 - Type.Q W
 3048  69 6e 33 32 53 65 72 76                 - in32Serv
 3050  69 63 65 53 68 61 72 65                 - iceShare
 3058  50 72 6f 63 65 73 73 19                 - Process.
 3060  51 10 57 69 6e 33 32 53                 - Q.Win32S
 3068  65 72 76 69 63 65 4f 77                 - erviceOw
 3070  6e 50 72 6f 63 65 73 73                 - nProcess
 3078  11 51 02 46 69 6c 65 53                 - .Q.FileS
 3080  79 73 74 65 6d 54 79 70                 - ystemTyp
 3088  65 0d 51 01 44 72 69 76                 - e.Q.Driv
 3090  65 72 54 79 70 65 1a 12                 - erType..
 3098  01 82 6b 5f 43 4d 5f 53                 - ..k_CM_S
 30a0  45 52 56 49 43 45 5f 4e                 - ERVICE_N
 30a8  4f 44 45 5f 54 59 50 45                 - ODE_TYPE
 30b0  16 12 00 82 6b 53 45 52                 - ....kSER
 30b8  56 49 43 45 5f 4e 4f 44                 - VICE_NOD
 30c0  45 5f 54 59 50 45 1a 12                 - E_TYPE..
 30c8  00 82 6b 5f 43 4d 5f 53                 - ..k_CM_S
 30d0  45 52 56 49 43 45 5f 4e                 - ERVICE_N
 30d8  4f 44 45 5f 54 59 50 45                 - ODE_TYPE
 30e0  09 12 00 13 50 56 4f 49                 - ....PVOI
 30e8  44 09 72 12 03 82 6f 28                 - D.r...o(
 30f0  82 6f 04 46 82 70 18 12                 - .o.F.p..
 30f8  00 82 71 50 49 4d 41 47                 - ..qPIMAG
 3100  45 5f 54 4c 53 5f 43 41                 - E_TLS_CA
 3108  4c 4c 42 41 43 4b 1a 12                 - LLBACK..
 3110  00 81 64 50 53 45 43 55                 - ..dPSECU
 3118  52 49 54 59 5f 49 4e 46                 - RITY_INF
 3120  4f 52 4d 41 54 49 4f 4e                 - ORMATION
 3128  18 12 00 0f 53 45 43 55                 - ....SECU
 3130  52 49 54 59 5f 49 4e 46                 - RITY_INF
 3138  4f 52 4d 41 54 49 4f 4e                 - ORMATION
 3140  05 50 0a 00 00 12 51 0a                 - .P....Q.
 3148  54 6f 6b 65 6e 53 74 61                 - TokenSta
 3150  74 69 73 74 69 63 73 1a                 - tistics.
 3158  51 09 54 6f 6b 65 6e 49                 - Q.TokenI
 3160  6d 70 65 72 73 6f 6e 61                 - mpersona
 3168  74 69 6f 6e 4c 65 76 65                 - tionLeve
 3170  6c 0c 51 08 54 6f 6b 65                 - l.Q.Toke
 3178  6e 54 79 70 65 0e 51 07                 - nType.Q.
 3180  54 6f 6b 65 6e 53 6f 75                 - TokenSou
 3188  72 63 65 13 51 06 54 6f                 - rce.Q.To
 3190  6b 65 6e 44 65 66 61 75                 - kenDefau
 3198  6c 74 44 61 63 6c 14 51                 - ltDacl.Q
 31a0  05 54 6f 6b 65 6e 50 72                 - .TokenPr
 31a8  69 6d 61 72 79 47 72 6f                 - imaryGro
 31b0  75 70 0d 51 04 54 6f 6b                 - up.Q.Tok
 31b8  65 6e 4f 77 6e 65 72 12                 - enOwner.
 31c0  51 03 54 6f 6b 65 6e 50                 - Q.TokenP
 31c8  72 69 76 69 6c 65 67 65                 - rivilege
 31d0  73 0e 51 02 54 6f 6b 65                 - s.Q.Toke
 31d8  6e 47 72 6f 75 70 73 0c                 - nGroups.
 31e0  51 01 54 6f 6b 65 6e 55                 - Q.TokenU
 31e8  73 65 72 1d 12 01 82 75                 - ser....u
 31f0  5f 54 4f 4b 45 4e 5f 49                 - _TOKEN_I
 31f8  4e 46 4f 52 4d 41 54 49                 - NFORMATI
 3200  4f 4e 5f 43 4c 41 53 53                 - ON_CLASS
 3208  04 46 82 75 1d 12 00 82                 - .F.u....
 3210  77 50 54 4f 4b 45 4e 5f                 - wPTOKEN_
 3218  49 4e 46 4f 52 4d 41 54                 - INFORMAT
 3220  49 4f 4e 5f 43 4c 41 53                 - ION_CLAS
 3228  53 1c 12 00 82 75 54 4f                 - S....uTO
 3230  4b 45 4e 5f 49 4e 46 4f                 - KEN_INFO
 3238  52 4d 41 54 49 4f 4e 5f                 - RMATION_
 3240  43 4c 41 53 53 1d 12 00                 - CLASS...
 3248  82 75 5f 54 4f 4b 45 4e                 - .u_TOKEN
 3250  5f 49 4e 46 4f 52 4d 41                 - _INFORMA
 3258  54 49 4f 4e 5f 43 4c 41                 - TION_CLA
 3260  53 53 05 50 02 00 00 15                 - SS.P....
 3268  51 02 54 6f 6b 65 6e 49                 - Q.TokenI
 3270  6d 70 65 72 73 6f 6e 61                 - mpersona
 3278  74 69 6f 6e 0f 51 01 54                 - tion.Q.T
 3280  6f 6b 65 6e 50 72 69 6d                 - okenPrim
 3288  61 72 79 10 12 01 82 7b                 - ary....{
 3290  5f 54 4f 4b 45 4e 5f 54                 - _TOKEN_T
 3298  59 50 45 0f 12 00 82 7b                 - YPE....{
 32a0  54 4f 4b 45 4e 5f 54 59                 - TOKEN_TY
 32a8  50 45 04 46 82 7d 10 12                 - PE.F.}..
 32b0  00 82 7e 50 54 4f 4b 45                 - ..~PTOKE
 32b8  4e 5f 54 59 50 45 10 12                 - N_TYPE..
 32c0  00 82 7b 5f 54 4f 4b 45                 - ..{_TOKE
 32c8  4e 5f 54 59 50 45 0b 12                 - N_TYPE..
 32d0  00 08 42 4f 4f 4c 45 41                 - ..BOOLEA
 32d8  4e 04 46 82 81 24 12 00                 - N.F..$..
 32e0  82 82 50 53 45 43 55 52                 - ..PSECUR
 32e8  49 54 59 5f 43 4f 4e 54                 - ITY_CONT
 32f0  45 58 54 5f 54 52 41 43                 - EXT_TRAC
 32f8  4b 49 4e 47 5f 4d 4f 44                 - KING_MOD
 3300  45 22 12 00 08 53 45 43                 - E"...SEC
 3308  55 52 49 54 59 5f 43 4f                 - URITY_CO
 3310  4e 54 45 58 54 5f 54 52                 - NTEXT_TR
 3318  41 43 4b 49 4e 47 5f 4d                 - ACKING_M
 3320  4f 44 45 05 50 04 00 00                 - ODE.P...
 3328  15 51 03 53 65 63 75 72                 - .Q.Secur
 3330  69 74 79 44 65 6c 65 67                 - ityDeleg
 3338  61 74 69 6f 6e 18 51 02                 - ation.Q.
 3340  53 65 63 75 72 69 74 79                 - Security
 3348  49 6d 70 65 72 73 6f 6e                 - Imperson
 3350  61 74 69 6f 6e 19 51 01                 - ation.Q.
 3358  53 65 63 75 72 69 74 79                 - Security
 3360  49 64 65 6e 74 69 66 69                 - Identifi
 3368  63 61 74 69 6f 6e 14 51                 - cation.Q
 3370  00 53 65 63 75 72 69 74                 - .Securit
 3378  79 41 6e 6f 6e 79 6d 6f                 - yAnonymo
 3380  75 73 22 12 01 82 85 5f                 - us"...._
 3388  53 45 43 55 52 49 54 59                 - SECURITY
 3390  5f 49 4d 50 45 52 53 4f                 - _IMPERSO
 3398  4e 41 54 49 4f 4e 5f 4c                 - NATION_L
 33a0  45 56 45 4c 04 46 82 85                 - EVEL.F..
 33a8  22 12 00 82 87 50 53 45                 - "....PSE
 33b0  43 55 52 49 54 59 5f 49                 - CURITY_I
 33b8  4d 50 45 52 53 4f 4e 41                 - MPERSONA
 33c0  54 49 4f 4e 5f 4c 45 56                 - TION_LEV
 33c8  45 4c 21 12 00 82 85 53                 - EL!....S
 33d0  45 43 55 52 49 54 59 5f                 - ECURITY_
 33d8  49 4d 50 45 52 53 4f 4e                 - IMPERSON
 33e0  41 54 49 4f 4e 5f 4c 45                 - ATION_LE
 33e8  56 45 4c 22 12 00 82 85                 - VEL"....
 33f0  5f 53 45 43 55 52 49 54                 - _SECURIT
 33f8  59 5f 49 4d 50 45 52 53                 - Y_IMPERS
 3400  4f 4e 41 54 49 4f 4e 5f                 - ONATION_
 3408  4c 45 56 45 4c 21 12 00                 - LEVEL!..
 3410  81 a2 50 53 45 43 55 52                 - ..PSECUR
 3418  49 54 59 5f 44 45 53 43                 - ITY_DESC
 3420  52 49 50 54 4f 52 5f 43                 - RIPTOR_C
 3428  4f 4e 54 52 4f 4c 1f 12                 - ONTROL..
 3430  00 0b 53 45 43 55 52 49                 - ..SECURI
 3438  54 59 5f 44 45 53 43 52                 - TY_DESCR
 3440  49 50 54 4f 52 5f 43 4f                 - IPTOR_CO
 3448  4e 54 52 4f 4c 05 50 02                 - NTROL.P.
 3450  00 00 15 51 02 41 63 6c                 - ...Q.Acl
 3458  53 69 7a 65 49 6e 66 6f                 - SizeInfo
 3460  72 6d 61 74 69 6f 6e 19                 - rmation.
 3468  51 01 41 63 6c 52 65 76                 - Q.AclRev
 3470  69 73 69 6f 6e 49 6e 66                 - isionInf
 3478  6f 72 6d 61 74 69 6f 6e                 - ormation
 3480  1b 12 01 82 8d 5f 41 43                 - ....._AC
 3488  4c 5f 49 4e 46 4f 52 4d                 - L_INFORM
 3490  41 54 49 4f 4e 5f 43 4c                 - ATION_CL
 3498  41 53 53 1a 12 00 82 8d                 - ASS.....
 34a0  41 43 4c 5f 49 4e 46 4f                 - ACL_INFO
 34a8  52 4d 41 54 49 4f 4e 5f                 - RMATION_
 34b0  43 4c 41 53 53 1b 12 00                 - CLASS...
 34b8  82 8d 5f 41 43 4c 5f 49                 - .._ACL_I
 34c0  4e 46 4f 52 4d 41 54 49                 - NFORMATI
 34c8  4f 4e 5f 43 4c 41 53 53                 - ON_CLASS
 34d0  05 50 08 00 00 11 51 08                 - .P....Q.
 34d8  53 69 64 54 79 70 65 55                 - SidTypeU
 34e0  6e 6b 6e 6f 77 6e 11 51                 - nknown.Q
 34e8  07 53 69 64 54 79 70 65                 - .SidType
 34f0  49 6e 76 61 6c 69 64 18                 - Invalid.
 34f8  51 06 53 69 64 54 79 70                 - Q.SidTyp
 3500  65 44 65 6c 65 74 65 64                 - eDeleted
 3508  41 63 63 6f 75 6e 74 18                 - Account.
 3510  51 05 53 69 64 54 79 70                 - Q.SidTyp
 3518  65 57 65 6c 6c 4b 6e 6f                 - eWellKno
 3520  77 6e 47 72 6f 75 70 0f                 - wnGroup.
 3528  51 04 53 69 64 54 79 70                 - Q.SidTyp
 3530  65 41 6c 69 61 73 10 51                 - eAlias.Q
 3538  03 53 69 64 54 79 70 65                 - .SidType
 3540  44 6f 6d 61 69 6e 0f 51                 - Domain.Q
 3548  02 53 69 64 54 79 70 65                 - .SidType
 3550  47 72 6f 75 70 0e 51 01                 - Group.Q.
 3558  53 69 64 54 79 70 65 55                 - SidTypeU
 3560  73 65 72 12 12 01 82 91                 - ser.....
 3568  5f 53 49 44 5f 4e 41 4d                 - _SID_NAM
 3570  45 5f 55 53 45 04 46 82                 - E_USE.F.
 3578  91 12 12 00 82 93 50 53                 - ......PS
 3580  49 44 5f 4e 41 4d 45 5f                 - ID_NAME_
 3588  55 53 45 11 12 00 82 91                 - USE.....
 3590  53 49 44 5f 4e 41 4d 45                 - SID_NAME
 3598  5f 55 53 45 12 12 00 82                 - _USE....
 35a0  91 5f 53 49 44 5f 4e 41                 - ._SID_NA
 35a8  4d 45 5f 55 53 45 0f 12                 - ME_USE..
 35b0  00 0f 41 43 43 45 53 53                 - ..ACCESS
 35b8  5f 4d 41 53 4b 04 46 82                 - _MASK.F.
 35c0  97 11 12 00 82 98 50 41                 - ......PA
 35c8  43 43 45 53 53 5f 4d 41                 - CCESS_MA
 35d0  53 4b 08 12 00 13 50 53                 - SK....PS
 35d8  49 44 18 12 00 13 50 53                 - ID....PS
 35e0  45 43 55 52 49 54 59 5f                 - ECURITY_
 35e8  44 45 53 43 52 49 50 54                 - DESCRIPT
 35f0  4f 52 11 12 00 13 50 41                 - OR....PA
 35f8  43 43 45 53 53 5f 54 4f                 - CCESS_TO
 3600  4b 45 4e 0e 12 00 0f 4b                 - KEN....K
 3608  53 50 49 4e 5f 4c 4f 43                 - SPIN_LOC
 3610  4b 0d 12 00 82 82 50 42                 - K.....PB
 3618  4f 4f 4c 45 41 4e 07 12                 - OOLEAN..
 3620  00 11 55 53 4e 0d 12 00                 - ..USN...
 3628  11 44 57 4f 52 44 4c 4f                 - .DWORDLO
 3630  4e 47 04 46 82 a0 0f 12                 - NG.F....
 3638  00 82 a1 50 44 57 4f 52                 - ...PDWOR
 3640  44 4c 4f 4e 47 0c 12 00                 - DLONG...
 3648  11 4c 4f 4e 47 4c 4f 4e                 - .LONGLON
 3650  47 04 46 82 a3 0e 12 00                 - G.F.....
 3658  82 a4 50 4c 4f 4e 47 4c                 - ..PLONGL
 3660  4f 4e 47 0a 12 00 0b 4c                 - ONG....L
 3668  41 4e 47 49 44 0a 12 00                 - ANGID...
 3670  81 64 50 4c 43 49 44 08                 - .dPLCID.
 3678  12 00 0f 4c 43 49 44 09                 - ...LCID.
 3680  12 00 06 43 43 48 41 52                 - ...CCHAR
 3688  0c 12 00 82 5e 50 48 41                 - ....^PHA
 3690  4e 44 4c 45 08 12 00 0e                 - NDLE....
 3698  4c 4f 4e 47 04 46 82 ab                 - LONG.F..
 36a0  0a 12 00 82 ac 50 4c 4f                 - .....PLO
 36a8  4e 47 09 12 00 0a 53 48                 - NG....SH
 36b0  4f 52 54 04 46 82 ae 0b                 - ORT.F...
 36b8  12 00 82 af 50 53 48 4f                 - ....PSHO
 36c0  52 54 0b 12 00 2e 4c 50                 - RT....LP
 36c8  43 54 53 54 52 0a 12 00                 - CTSTR...
 36d0  3b 4c 50 54 53 54 52 09                 - ;LPTSTR.
 36d8  12 00 3b 50 54 53 54 52                 - ..;PTSTR
 36e0  08 12 00 3b 50 54 43 48                 - ...;PTCH
 36e8  09 12 00 3b 4c 50 54 43                 - ...;LPTC
 36f0  48 0b 12 00 81 3e 50 54                 - H....>PT
 36f8  42 59 54 45 09 12 00 08                 - BYTE....
 3700  54 42 59 54 45 0b 12 00                 - TBYTE...
 3708  81 94 50 54 43 48 41 52                 - ..PTCHAR
 3710  09 12 00 06 54 43 48 41                 - ....TCHA
 3718  52 09 12 00 2e 50 43 53                 - R....PCS
 3720  54 52 08 12 00 3b 50 53                 - TR...;PS
 3728  54 52 09 12 00 3b 4e 50                 - TR...;NP
 3730  53 54 52 08 12 00 2e 50                 - STR....P
 3738  43 43 48 09 12 00 2e 4c                 - CCH....L
 3740  50 43 43 48 07 12 00 3b                 - PCCH...;
 3748  50 43 48 08 12 00 3b 4c                 - PCH...;L
 3750  50 43 48 09 12 00 3b 50                 - PCH...;P
 3758  43 48 41 52 0a 12 00 26                 - CHAR...&
 3760  50 43 57 53 54 52 09 12                 - PCWSTR..
 3768  00 41 50 57 53 54 52 0a                 - .APWSTR.
 3770  12 00 41 4e 57 50 53 54                 - ..ANWPST
 3778  52 09 12 00 26 50 43 57                 - R...&PCW
 3780  43 48 0a 12 00 26 4c 50                 - CH...&LP
 3788  43 57 43 48 08 12 00 41                 - CWCH...A
 3790  50 57 43 48 09 12 00 41                 - PWCH...A
 3798  4c 50 57 43 48 0a 12 00                 - LPWCH...
 37a0  41 50 57 43 48 41 52 03                 - APWCHAR.
 37a8  46 0d 0a 12 00 82 ca 50                 - F......P
 37b0  55 49 4e 54 07 12 00 0c                 - UINT....
 37b8  49 4e 54 03 46 12 0c 12                 - INT.F...
 37c0  00 82 cd 4c 50 43 56 4f                 - ...LPCVO
 37c8  49 44 0b 12 00 81 64 50                 - ID....dP
 37d0  44 57 4f 52 44 0b 12 00                 - DWORD...
 37d8  82 2e 4c 50 4c 4f 4e 47                 - ..LPLONG
 37e0  0b 12 00 81 a2 4c 50 57                 - .....LPW
 37e8  4f 52 44 0a 12 00 81 a2                 - ORD.....
 37f0  50 57 4f 52 44 03 46 0c                 - PWORD.F.
 37f8  0a 12 00 82 d3 4c 50 49                 - .....LPI
 3800  4e 54 09 12 00 82 d3 50                 - NT.....P
 3808  49 4e 54 08 12 00 08 42                 - INT....B
 3810  59 54 45 04 46 82 d6 0b                 - YTE.F...
 3818  12 00 82 d7 4c 50 42 59                 - ....LPBY
 3820  54 45 0a 12 00 82 d7 50                 - TE.....P
 3828  42 59 54 45 04 46 81 d4                 - BYTE.F..
 3830  0b 12 00 82 da 4c 50 42                 - .....LPB
 3838  4f 4f 4c 0a 12 00 82 da                 - OOL.....
 3840  50 42 4f 4f 4c 09 12 00                 - PBOOL...
 3848  10 46 4c 4f 41 54 04 46                 - .FLOAT.F
 3850  82 dd 0b 12 00 82 de 50                 - .......P
 3858  46 4c 4f 41 54 08 12 00                 - FLOAT...
 3860  81 94 50 53 5a 09 12 00                 - ..PSZ...
 3868  08 55 43 48 41 52 04 46                 - .UCHAR.F
 3870  82 e1 0b 12 00 82 e2 50                 - .......P
 3878  55 43 48 41 52 0a 12 00                 - UCHAR...
 3880  0b 55 53 48 4f 52 54 04                 - .USHORT.
 3888  46 82 e4 0c 12 00 82 e5                 - F.......
 3890  50 55 53 48 4f 52 54 09                 - PUSHORT.
 3898  12 00 0f 55 4c 4f 4e 47                 - ...ULONG
 38a0  04 46 82 e7 0b 12 00 82                 - .F......
 38a8  e8 50 55 4c 4f 4e 47 05                 - .PULONG.
 38b0  20 00 81 94 0c 12 00 82                 -  .......
 38b8  ea 76 61 5f 6c 69 73 74                 - .va_list
 38c0  0a 12 00 0b 75 73 68 6f                 - ....usho
 38c8  72 74 09 12 00 08 75 63                 - rt....uc
 38d0  68 61 72 08 12 00 08 62                 - har....b
 38d8  79 74 65 04 72 12 00 04                 - yte.r...
 38e0  46 82 ef 0d 12 00 82 f0                 - F.......
 38e8  6f 6e 65 78 69 74 5f 74                 - onexit_t
 38f0  0a 12 00 0e 66 70 6f 73                 - ....fpos
 38f8  5f 74 0e 12 00 82 ea 5f                 - _t....._
 3900  5f 76 61 5f 6c 69 73 74                 - _va_list
 3908  0b 12 00 09 77 63 68 61                 - ....wcha
 3910  72 5f 74 0e 12 04 83 2f                 - r_t..../
 3918  75 64 70 73 6f 63 6b 65                 - udpsocke
 3920  74 04 48 82 f5 06 72 82                 - t.H...r.
 3928  f6 01 0c 04 48 82 f5 04                 - ....H...
 3930  48 82 f5 07 72 82 f8 01                 - H...r...
 3938  82 f9 04 72 13 00 0b 12                 - ...r....
 3940  04 83 2e 53 6f 63 6b 65                 - ...Socke
 3948  74 04 48 82 fc 07 72 82                 - t.H...r.
 3950  fd 02 0c 0c 04 48 82 fc                 - .....H..
 3958  07 72 82 ff 02 0c 20 04                 - .r.... .
 3960  72 0c 00 04 72 1e 00 0c                 - r...r...
 3968  12 03 83 17 4e 45 54 41                 - ....NETA
 3970  44 44 52 04 48 83 03 05                 - DDR.H...
 3978  72 83 04 00 04 48 83 03                 - r....H..
 3980  06 72 83 06 01 0c 04 48                 - .r.....H
 3988  83 03 07 72 83 08 02 1f                 - ...r....
 3990  1e 04 72 0c 00 05 72 81                 - ..r...r.
 3998  94 00 05 72 12 01 1e 05                 - ...r....
 39a0  72 12 01 1f 04 48 83 03                 - r....H..
 39a8  04 48 83 03 07 72 83 0e                 - .H...r..
 39b0  01 83 0f 04 20 0d 06 0d                 - .... ...
 39b8  12 03 83 16 73 6f 63 6b                 - ....sock
 39c0  61 64 64 72 04 48 83 12                 - addr.H..
 39c8  04 48 83 12 07 72 83 13                 - .H...r..
 39d0  01 83 14 08 60 04 00 10                 - ....`...
 39d8  00 00 00 14 67 02 21                    - ....g.!
 39df  00 00 00 00 00 00                       DP      near sockaddr::sockaddr( sockaddr const near & )
 39e5  83 15 73 6f 63 6b 61 64                 - ..sockad
 39ed  64 72 15 67 02 21                       - dr.g.!
 39f3  00 00 00 00 00 00                       DP      sockaddr near & near sockaddr::operator =( sockaddr const near & )
 39f9  83 15 6f 70 65 72 61 74                 - ..operat
 3a01  6f 72 3d 0c 61 02 83 11                 - or=.a...
 3a09  73 61 5f 64 61 74 61 0d                 - sa_data.
 3a11  61 00 23 73 61 5f 66 61                 - a.#sa_fa
 3a19  6d 69 6c 79 08 60 0d 00                 - mily.`..
 3a21  10 00 00 00 06 69 22 00                 - .....i".
 3a29  83 12 15 67 02 21                       - ...g.!
 3a2f  00 00 00 00 00 00                       DP      NETADDR near & near NETADDR::operator =( NETADDR const near & )
 3a35  83 10 6f 70 65 72 61 74                 - ..operat
 3a3d  6f 72 3d 13 67 02 21                    - or=.g.!
 3a44  00 00 00 00 00 00                       DP      near NETADDR::NETADDR( NETADDR const near & )
 3a4a  83 10 4e 45 54 41 44 44                 - ..NETADD
 3a52  52 11 67 02 21                          - R.g.!
 3a57  00 00 00 00 00 00                       DP      void near NETADDR::setip( int unsigned )
 3a5d  83 0d 73 65 74 69 70 13                 - ..setip.
 3a65  67 02 21                                - g.!
 3a68  00 00 00 00 00 00                       DP      void near NETADDR::setport( short unsigned )
 3a6e  83 0c 73 65 74 70 6f 72                 - ..setpor
 3a76  74 13 67 02 21                          - t.g.!
 3a7b  00 00 00 00 00 00                       DP      short unsigned near NETADDR::getport()
 3a81  83 02 67 65 74 70 6f 72                 - ..getpor
 3a89  74 16 67 02 21                          - t.g.!
 3a8e  00 00 00 00 00 00                       DP      void near NETADDR::setaddrany( short unsigned )
 3a94  83 0c 73 65 74 61 64 64                 - ..setadd
 3a9c  72 61 6e 79 18 67 02 21                 - rany.g.!
 3aa4  00 00 00 00 00 00                       DP      void near NETADDR::setbroadcast( short unsigned )
 3aaa  83 0c 73 65 74 62 72 6f                 - ..setbro
 3ab2  61 64 63 61 73 74 12 67                 - adcast.g
 3aba  02 21                                   - .!
 3abc  00 00 00 00 00 00                       DP      char near * near NETADDR::getstr()
 3ac2  83 0b 67 65 74 73 74 72                 - ..getstr
 3aca  11 67 02 21                             - .g.!
 3ace  00 00 00 00 00 00                       DP      int near NETADDR::getaf()
 3ad4  83 0a 67 65 74 61 66 13                 - ..getaf.
 3adc  67 02 21                                - g.!
 3adf  00 00 00 00 00 00                       DP      near NETADDR::NETADDR( int unsigned, short unsigned )
 3ae5  83 09 4e 45 54 41 44 44                 - ..NETADD
 3aed  52 13 67 02 21                          - R.g.!
 3af2  00 00 00 00 00 00                       DP      near NETADDR::NETADDR( int )
 3af8  83 07 4e 45 54 41 44 44                 - ..NETADD
 3b00  52 13 67 02 21                          - R.g.!
 3b05  00 00 00 00 00 00                       DP      near NETADDR::NETADDR()
 3b0b  83 05 4e 45 54 41 44 44                 - ..NETADD
 3b13  52 0c 12 00 83 03 4e 45                 - R.....NE
 3b1b  54 41 44 44 52 04 46 83                 - TADDR.F.
 3b23  18 05 72 83 19 00 04 72                 - ..r....r
 3b2b  20 00 07 72 0c 02 81 51                 -  ..r...Q
 3b33  0c 06 72 0c 01 83 19 05                 - ..r.....
 3b3b  72 0c 01 1e 0e 12 04 83                 - r.......
 3b43  25 74 63 70 73 6f 63 6b                 - %tcpsock
 3b4b  65 74 04 48 83 1f 06 72                 - et.H...r
 3b53  83 20 01 0c 04 48 83 1f                 - . ...H..
 3b5b  04 48 83 1f 07 72 83 22                 - .H...r."
 3b63  01 83 23 08 60 04 00 14                 - ..#.`...
 3b6b  00 00 00 06 69 22 00 82                 - ....i"..
 3b73  fc 16 67 02 21                          - ..g.!
 3b78  00 00 00 00 00 00                       DP      near tcpsocket::~tcpsocket()
 3b7e  82 fb 7e 74 63 70 73 6f                 - ..~tcpso
 3b86  63 6b 65 74 15 67 02 21                 - cket.g.!
 3b8e  00 00 00 00 00 00                       DP      near tcpsocket::tcpsocket( tcpsocket const near & )
 3b94  83 24 74 63 70 73 6f 63                 - .$tcpsoc
 3b9c  6b 65 74 15 67 02 21                    - ket.g.!
 3ba3  00 00 00 00 00 00                       DP      near tcpsocket::tcpsocket( int )
 3ba9  83 21 74 63 70 73 6f 63                 - .!tcpsoc
 3bb1  6b 65 74 0e 12 00 83 1f                 - ket.....
 3bb9  74 63 70 73 6f 63 6b 65                 - tcpsocke
 3bc1  74 04 46 83 26 05 72 83                 - t.F.&.r.
 3bc9  27 00 06 72 0c 02 13 0c                 - '..r....
 3bd1  08 72 0c 03 83 19 13 0c                 - .r......
 3bd9  04 48 82 fc 04 48 82 fc                 - .H...H..
 3be1  07 72 83 2b 01 83 2c 08                 - .r.+..,.
 3be9  60 18 00 14 00 00 00 12                 - `.......
 3bf1  67 02 21                                - g.!
 3bf4  00 00 00 00 00 00                       DP      near Socket::Socket( Socket const near & )
 3bfa  83 2d 53 6f 63 6b 65 74                 - .-Socket
 3c02  14 67 02 21                             - .g.!
 3c06  00 00 00 00 00 00                       DP      int near Socket::recvfrom( NETADDR near *, void near *, int )
 3c0c  83 2a 72 65 63 76 66 72                 - .*recvfr
 3c14  6f 6d 12 67 02 21                       - om.g.!
 3c1a  00 00 00 00 00 00                       DP      int near Socket::sendto( NETADDR near *, void near *, int )
 3c20  83 2a 73 65 6e 64 74 6f                 - .*sendto
 3c28  10 67 02 21                             - .g.!
 3c2c  00 00 00 00 00 00                       DP      int near Socket::recv( void near *, int )
 3c32  83 29 72 65 63 76 10 67                 - .)recv.g
 3c3a  02 21                                   - .!
 3c3c  00 00 00 00 00 00                       DP      int near Socket::send( void near *, int )
 3c42  83 29 73 65 6e 64 12 67                 - .)send.g
 3c4a  02 21                                   - .!
 3c4c  00 00 00 00 00 00                       DP      tcpsocket near * near Socket::accept()
 3c52  83 28 61 63 63 65 70 74                 - .(accept
 3c5a  13 67 02 21                             - .g.!
 3c5e  00 00 00 00 00 00                       DP      int near Socket::connect( NETADDR near * )
 3c64  83 1d 63 6f 6e 6e 65 63                 - ..connec
 3c6c  74 12 67 02 21                          - t.g.!
 3c71  00 00 00 00 00 00                       DP      int near Socket::listen( short unsigned )
 3c77  83 1e 6c 69 73 74 65 6e                 - ..listen
 3c7f  10 67 02 21                             - .g.!
 3c83  00 00 00 00 00 00                       DP      int near Socket::bind( NETADDR near * )
 3c89  83 1d 62 69 6e 64 11 67                 - ..bind.g
 3c91  02 21                                   - .!
 3c93  00 00 00 00 00 00                       DP      int near Socket::async( int unsigned, int )
 3c99  83 1c 61 73 79 6e 63 15                 - ..async.
 3ca1  67 02 21                                - g.!
 3ca4  00 00 00 00 00 00                       DP      int unsigned near Socket::getsocket()
 3caa  83 1b 67 65 74 73 6f 63                 - ..getsoc
 3cb2  6b 65 74 18 67 02 21                    - ket.g.!
 3cb9  00 00 00 00 00 00                       DP      NETADDR near * near Socket::getlocaladdr()
 3cbf  83 1a 67 65 74 6c 6f 63                 - ..getloc
 3cc7  61 6c 61 64 64 72 19 67                 - aladdr.g
 3ccf  02 21                                   - .!
 3cd1  00 00 00 00 00 00                       DP      NETADDR near * near Socket::getremoteaddr()
 3cd7  83 1a 67 65 74 72 65 6d                 - ..getrem
 3cdf  6f 74 65 61 64 64 72 19                 - oteaddr.
 3ce7  67 02 21                                - g.!
 3cea  00 00 00 00 00 00                       DP      short unsigned near Socket::getremoteport()
 3cf0  83 02 67 65 74 72 65 6d                 - ..getrem
 3cf8  6f 74 65 70 6f 72 74 18                 - oteport.
 3d00  67 02 21                                - g.!
 3d03  00 00 00 00 00 00                       DP      short unsigned near Socket::getlocalport()
 3d09  83 02 67 65 74 6c 6f 63                 - ..getloc
 3d11  61 6c 70 6f 72 74 11 67                 - alport.g
 3d19  02 21                                   - .!
 3d1b  00 00 00 00 00 00                       DP      int near Socket::error()
 3d21  83 01 65 72 72 6f 72 12                 - ..error.
 3d29  67 02 21                                - g.!
 3d2c  00 00 00 00 00 00                       DP      near Socket::~Socket()
 3d32  14 7e 53 6f 63 6b 65 74                 - .~Socket
 3d3a  12 67 02 21                             - .g.!
 3d3e  00 00 00 00 00 00                       DP      near Socket::Socket( int, int unsigned )
 3d44  83 00 53 6f 63 6b 65 74                 - ..Socket
 3d4c  12 67 02 21                             - .g.!
 3d50  00 00 00 00 00 00                       DP      near Socket::Socket( int, int )
 3d56  82 fe 53 6f 63 6b 65 74                 - ..Socket
 3d5e  09 67 08 84 22 08 69 20                 - .g..".i 
 3d66  73 10 67 08 84 22 04 69                 - s.g..".i
 3d6e  0c 70 72 6f 74 6f 63 6f                 - .protoco
 3d76  6c 07 67 08 6b 0c 61 66                 - l.g.k.af
 3d7e  09 61 10 0c 72 65 63 76                 - .a..recv
 3d86  64 08 61 0c 0c 73 65 6e                 - d.a..sen
 3d8e  74 08 60 04 00 14 00 00                 - t.`.....
 3d96  00 06 69 22 00 82 fc 16                 - ..i"....
 3d9e  67 02 21                                - g.!
 3da1  00 00 00 00 00 00                       DP      near udpsocket::~udpsocket()
 3da7  82 fb 7e 75 64 70 73 6f                 - ..~udpso
 3daf  63 6b 65 74 15 67 02 21                 - cket.g.!
 3db7  00 00 00 00 00 00                       DP      near udpsocket::udpsocket( udpsocket const near & )
 3dbd  82 fa 75 64 70 73 6f 63                 - ..udpsoc
 3dc5  6b 65 74 15 67 02 21                    - ket.g.!
 3dcc  00 00 00 00 00 00                       DP      near udpsocket::udpsocket( int )
 3dd2  82 f7 75 64 70 73 6f 63                 - ..udpsoc
 3dda  6b 65 74 0e 12 00 82 f5                 - ket.....
 3de2  75 64 70 73 6f 63 6b 65                 - udpsocke
 3dea  74 0f 12 04 84 ab 6e 65                 - t.....ne
 3df2  74 63 6f 6e 6e 65 63 74                 - tconnect
 3dfa  0f 12 00 83 31 6e 65 74                 - ....1net
 3e02  63 6f 6e 6e 65 63 74 04                 - connect.
 3e0a  46 83 32 0c 12 00 84 96                 - F.2.....
 3e12  6e 65 74 6e 6f 64 65 04                 - netnode.
 3e1a  46 83 34 06 72 12 01 81                 - F.4.r...
 3e22  94 0d 12 03 83 3d 6e 6f                 - .....=no
 3e2a  64 65 69 6e 66 6f 04 48                 - deinfo.H
 3e32  83 37 05 72 83 38 00 04                 - .7.r.8..
 3e3a  48 83 37 04 48 83 37 07                 - H.7.H.7.
 3e42  72 83 3a 01 83 3b 08 60                 - r.:..;.`
 3e4a  07 00 21 00 00 00 15 67                 - ..!....g
 3e52  02 21                                   - .!
 3e54  00 00 00 00 00 00                       DP      nodeinfo near & near nodeinfo::operator =( nodeinfo const near & )
 3e5a  83 3c 6f 70 65 72 61 74                 - .<operat
 3e62  6f 72 3d 14 67 02 21                    - or=.g.!
 3e69  00 00 00 00 00 00                       DP      near nodeinfo::nodeinfo( nodeinfo const near & )
 3e6f  83 3c 6e 6f 64 65 69 6e                 - .<nodein
 3e77  66 6f 14 67 02 21                       - fo.g.!
 3e7d  00 00 00 00 00 00                       DP      near nodeinfo::nodeinfo()
 3e83  83 39 6e 6f 64 65 69 6e                 - .9nodein
 3e8b  66 6f 13 67 02 21                       - fo.g.!
 3e91  00 00 00 00 00 00                       DP      void near nodeinfo::setname( char near * )
 3e97  83 36 73 65 74 6e 61 6d                 - .6setnam
 3e9f  65 08 61 11 17 6e 61 6d                 - e.a..nam
 3ea7  65 06 61 01 83 18 61 07                 - e.a...a.
 3eaf  61 00 06 6e 75 6d 0d 12                 - a..num..
 3eb7  00 83 37 6e 6f 64 65 69                 - ..7nodei
 3ebf  6e 66 6f 04 72 12 00 05                 - nfo.r...
 3ec7  72 12 01 0d 0c 12 04 83                 - r.......
 3ecf  49 75 75 74 69 6d 65 72                 - Iuutimer
 3ed7  04 48 83 41 05 72 83 42                 - .H.A.r.B
 3edf  00 04 48 83 41 06 72 83                 - ..H.A.r.
 3ee7  44 01 0d 04 48 83 41 04                 - D...H.A.
 3eef  48 83 41 07 72 83 46 01                 - H.A.r.F.
 3ef7  83 47 08 60 09 00 08 00                 - .G.`....
 3eff  00 00 13 67 02 21                       - ...g.!
 3f05  00 00 00 00 00 00                       DP      near uutimer::uutimer( uutimer const near & )
 3f0b  83 48 75 75 74 69 6d 65                 - .Huutime
 3f13  72 13 67 02 21                          - r.g.!
 3f18  00 00 00 00 00 00                       DP      near uutimer::uutimer( int unsigned )
 3f1e  83 45 75 75 74 69 6d 65                 - .Euutime
 3f26  72 13 67 02 21                          - r.g.!
 3f2b  00 00 00 00 00 00                       DP      near uutimer::uutimer()
 3f31  83 43 75 75 74 69 6d 65                 - .Cuutime
 3f39  72 11 67 02 21                          - r.g.!
 3f3e  00 00 00 00 00 00                       DP      int near uutimer::check()
 3f44  83 0a 63 68 65 63 6b 11                 - ..check.
 3f4c  67 02 21                                - g.!
 3f4f  00 00 00 00 00 00                       DP      void near uutimer::reset()
 3f55  83 3f 72 65 73 65 74 0f                 - .?reset.
 3f5d  67 02 21                                - g.!
 3f60  00 00 00 00 00 00                       DP      void near uutimer::set( int unsigned )
 3f66  83 40 73 65 74 11 67 02                 - .@set.g.
 3f6e  21                                      - !
 3f6f  00 00 00 00 00 00                       DP      void near uutimer::clear()
 3f75  83 3f 63 6c 65 61 72 07                 - .?clear.
 3f7d  61 04 0d 64 75 72 05 61                 - a..dur.a
 3f85  00 0d 78 0c 12 00 83 41                 - ..x....A
 3f8d  75 75 74 69 6d 65 72 0e                 - uutimer.
 3f95  12 04 84 58 6e 65 74 6f                 - ...Xneto
 3f9d  62 6a 65 63 74 0e 12 00                 - bject...
 3fa5  83 4b 6e 65 74 6f 62 6a                 - .Knetobj
 3fad  65 63 74 04 46 83 4c 04                 - ect.F.L.
 3fb5  72 12 00 04 46 83 4e 04                 - r...F.N.
 3fbd  46 83 4f 08 60 07 00 09                 - F.O.`...
 3fc5  00 00 00 07 64 08 07 01                 - ....d...
 3fcd  08 64 07 64 08 00 07 07                 - .d.d....
 3fd5  7a 05 61 06 0a 79 05 61                 - z.a..y.a
 3fdd  04 0a 78 0a 61 03 82 ed                 - ..x.a...
 3fe5  63 73 6e 75 6d 07 61 02                 - csnum.a.
 3fed  82 ed 63 66 0a 61 00 82                 - ..cf.a..
 3ff5  ec 6f 62 6a 69 64 0b 12                 - .objid..
 3ffd  03 83 51 6f 62 6a 70 6f                 - ..Qobjpo
 4005  73                                      - s

No disassembly errors

------------------------------------------------------------

Segment: $$TYPES  BYTE USE16  00003260 bytes  
 0000  0b 12 00 83 52 6f 62 6a                 - ....Robj
 0008  70 6f 73 04 46 83 53 06                 - pos.F.S.
 0010  72 12 01 83 54 04 48 83                 - r...T.H.
 0018  4b 10 12 00 84 13 6f 62                 - K.....ob
 0020  6a 65 63 74 73 70 61 63                 - jectspac
 0028  65 04 46 83 57 0b 12 00                 - e.F.W...
 0030  83 fe 6f 62 6a 65 63 74                 - ..object
 0038  04 46 83 59 0e 12 00 83                 - .F.Y....
 0040  db 6f 62 6a 65 63 74 64                 - .objectd
 0048  65 66 04 46 83 5b 04 20                 - ef.F.[. 
 0050  01 06 08 60 06 00 06 00                 - ...`....
 0058  00 00 09 61 04 0a 64 69                 - ...a..di
 0060  73 70 79 09 61 02 0a 64                 - spy.a..d
 0068  69 73 70 78 0f 64 01 04                 - ispx.d..
 0070  01 08 65 78 63 6c 75 73                 - ..exclus
 0078  69 76 65 0b 64 01 02 02                 - ive.d...
 0080  08 6c 61 79 65 72 0c 64                 - .layer.d
 0088  01 00 02 08 6f 72 69 65                 - ....orie
 0090  6e 74 0a 61 00 82 ed 69                 - nt.a...i
 0098  6e 64 65 78 0a 12 03 83                 - ndex....
 00a0  5e 69 6d 61 67 65 0a 12                 - ^image..
 00a8  00 83 5f 69 6d 61 67 65                 - .._image
 00b0  04 46 83 60 05 72 83 61                 - .F.`.r.a
 00b8  00 0b 12 04 83 72 65 66                 - .....ref
 00c0  66 65 63 74 04 48 83 63                 - fect.H.c
 00c8  07 72 83 64 01 82 ed 0b                 - .r.d....
 00d0  12 00 83 63 65 66 66 65                 - ...ceffe
 00d8  63 74 04 46 83 66 05 72                 - ct.F.f.r
 00e0  83 67 00 06 72 12 01 83                 - .g..r...
 00e8  5a 08 60 02 00 08 00 00                 - Z.`.....
 00f0  00 05 61 04 0c 79 05 61                 - ..a..y.a
 00f8  00 0c 78 0b 12 03 83 6a                 - ..x....j
 0100  6c 70 6f 69 6e 74 0b 12                 - lpoint..
 0108  00 83 6b 6c 70 6f 69 6e                 - ..klpoin
 0110  74 04 46 83 6c 08 72 12                 - t.F.l.r.
 0118  02 83 5a 83 6d 04 48 83                 - ..Z.m.H.
 0120  63 04 48 83 63 07 72 83                 - c.H.c.r.
 0128  6f 01 83 70 08 60 0a 00                 - o..p.`..
 0130  01 00 00 00 12 67 02 21                 - .....g.!
 0138  00 00 00 00 00 00                       DP      near effect::effect( effect const near & )
 013e  83 71 65 66 66 65 63 74                 - .qeffect
 0146  13 67 02 21                             - .g.!
 014a  00 00 00 00 00 00                       DP      int near effect::gettype()
 0150  83 0a 67 65 74 74 79 70                 - ..gettyp
 0158  65 13 67 02 21                          - e.g.!
 015d  00 00 00 00 00 00                       DP      char near * near effect::getname()
 0163  83 0b 67 65 74 6e 61 6d                 - ..getnam
 016b  65 16 67 02 21                          - e.g.!
 0170  00 00 00 00 00 00                       DP      void near effect::hittrigger( object near *, lpoint near * )
 0176  83 6e 68 69 74 74 72 69                 - .nhittri
 017e  67 67 65 72 13 67 02 21                 - gger.g.!
 0186  00 00 00 00 00 00                       DP      void near effect::trigger( object near * )
 018c  83 69 74 72 69 67 67 65                 - .itrigge
 0194  72 10 67 02 21                          - r.g.!
 0199  00 00 00 00 00 00                       DP      effect near * near effect::next()
 019f  83 68 6e 65 78 74 10 67                 - .hnext.g
 01a7  02 21                                   - .!
 01a9  00 00 00 00 00 00                       DP      int near effect::size()
 01af  83 01 73 69 7a 65 12 67                 - ..size.g
 01b7  02 21                                   - .!
 01b9  00 00 00 00 00 00                       DP      near effect::effect( char unsigned )
 01bf  83 65 65 66 66 65 63 74                 - .eeffect
 01c7  0c 68 08 6b 07 01 08 6f                 - .h.k...o
 01cf  6e 68 69 74 0b 68 08 6b                 - nhit.h.k
 01d7  00 07 08 74 79 70 65 04                 - ...type.
 01df  46 83 66 05 72 83 73 00                 - F.f.r.s.
 01e7  0a 12 00 83 7a 66 72 61                 - ....zfra
 01ef  6d 65 04 46 83 75 05 72                 - me.F.u.r
 01f7  83 76 00 0a 72 12 04 81                 - .v..r...
 01ff  94 0c 0c 83 5c 08 60 0d                 - ....\.`.
 0207  00 0e 00 00 00 15 67 02                 - ......g.
 020f  21                                      - !
 0210  00 00 00 00 00 00                       DP      void near frame::drawflipx( char near *, int, int, objectdef near * )
 0216  83 78 64 72 61 77 66 6c                 - .xdrawfl
 021e  69 70 78 10 67 02 21                    - ipx.g.!
 0225  00 00 00 00 00 00                       DP      void near frame::draw( char near *, int, int, objectdef near * )
 022b  83 78 64 72 61 77 10 67                 - .xdraw.g
 0233  02 21                                   - .!
 0235  00 00 00 00 00 00                       DP      frame near * near frame::next()
 023b  83 77 6e 65 78 74 18 67                 - .wnext.g
 0243  02 21                                   - .!
 0245  00 00 00 00 00 00                       DP      effect near * near frame::geteffectptr()
 024b  83 74 67 65 74 65 66 66                 - .tgeteff
 0253  65 63 74 70 74 72 15 67                 - ectptr.g
 025b  02 21                                   - .!
 025d  00 00 00 00 00 00                       DP      image near * near frame::getimgptr()
 0263  83 62 67 65 74 69 6d 67                 - .bgetimg
 026b  70 74 72 0d 61 0d 06 6e                 - ptr.a..n
 0273  75 6d 69 6d 61 67 65 73                 - umimages
 027b  0d 61 0b 83 5d 72 65 73                 - .a..]res
 0283  65 72 76 65 64 0c 61 0a                 - erved.a.
 028b  06 6e 75 6d 65 78 74 72                 - .numextr
 0293  61 06 61 08 0a 64 79 06                 - a.a..dy.
 029b  61 06 0a 64 7a 06 61 04                 - a..dz.a.
 02a3  0a 64 78 07 61 02 0b 64                 - .dx.a..d
 02ab  75 72 08 61 00 0b 73 69                 - ur.a..si
 02b3  7a 65 0a 12 03 83 79 66                 - ze....yf
 02bb  72 61 6d 65 04 46 83 75                 - rame.F.u
 02c3  08 60 04 00 06 00 00 00                 - .`......
 02cb  11 67 02 21                             - .g.!
 02cf  00 00 00 00 00 00                       DP      void near zpoint::clear()
 02d5  83 3f 63 6c 65 61 72 05                 - .?clear.
 02dd  61 04 0a 79 05 61 02 0a                 - a..y.a..
 02e5  7a 05 61 00 0a 78 0b 12                 - z.a..x..
 02ed  03 83 7c 7a 70 6f 69 6e                 - ..|zpoin
 02f5  74 0b 12 00 83 7d 7a 70                 - t....}zp
 02fd  6f 69 6e 74 08 60 0b 00                 - oint.`..
 0305  29 00 00 00 08 61 19 17                 - )....a..
 030d  6e 61 6d 65 0a 61 17 0a                 - name.a..
 0315  65 6e 65 72 67 79 0d 61                 - energy.a
 031d  16 82 ed 66 61 6c 6c 64                 - ...falld
 0325  6f 77 6e 0a 61 15 82 ed                 - own.a...
 032d  63 66 75 6e 63 09 61 14                 - cfunc.a.
 0335  82 ed 6e 65 78 74 08 61                 - ..next.a
 033d  0e 83 7e 70 6f 73 08 61                 - ..~pos.a
 0345  0a 0c 70 61 72 6d 07 61                 - ..parm.a
 034d  09 82 ed 6e 66 07 61 08                 - ...nf.a.
 0355  82 ed 63 66 08 61 04 0c                 - ..cf.a..
 035d  73 69 7a 65 0a 61 00 83                 - size.a..
 0365  7b 66 69 72 73 74 0b 12                 - {first..
 036d  03 83 7f 73 65 72 69 65                 - ...serie
 0375  73 0b 12 00 83 80 73 65                 - s.....se
 037d  72 69 65 73 04 46 83 81                 - ries.F..
 0385  12 12 00 16 43 4f 4e 54                 - ....CONT
 038d  52 4f 4c 46 55 4e 43 50                 - ROLFUNCP
 0395  54 52 0a 12 00 12 72 65                 - TR....re
 039d  67 69 6f 6e 04 46 83 84                 - gion.F..
 03a5  05 20 02 83 85 0a 12 04                 - . ......
 03ad  83 a0 69 6e 70 75 74 04                 - ..input.
 03b5  48 83 87 06 72 83 88 01                 - H...r...
 03bd  0c 04 72 13 00 04 72 0d                 - ..r...r.
 03c5  00 04 72 12 00 05 72 0c                 - ..r...r.
 03cd  01 06 04 72 12 00 04 20                 - ...r... 
 03d5  05 06 03 48 0d 07 72 0c                 - ...H..r.
 03dd  02 06 83 90 08 60 0a 00                 - .....`..
 03e5  0e 00 00 00 10 67 02 21                 - .....g.!
 03ed  00 00 00 00 00 00                       DP      int near keymap::read( char, int unsigned near & )
 03f3  83 91 72 65 61 64 0b 61                 - ..read.a
 03fb  08 83 8f 62 75 74 74 6f                 - ...butto
 0403  6e 06 61 07 06 64 72 05                 - n.a..dr.
 040b  61 06 06 64 06 61 05 06                 - a..d.a..
 0413  64 6c 05 61 04 06 72 05                 - dl.a..r.
 041b  61 03 06 6c 06 61 02 06                 - a..l.a..
 0423  75 72 05 61 01 06 75 06                 - ur.a..u.
 042b  61 00 06 75 6c 0b 12 03                 - a..ul...
 0433  83 92 6b 65 79 6d 61 70                 - ..keymap
 043b  0b 12 00 83 93 6b 65 79                 - .....key
 0443  6d 61 70 04 46 83 94 05                 - map.F...
 044b  72 83 95 00 08 60 04 00                 - r....`..
 0453  10 00 00 00 05 61 0c 0c                 - .....a..
 045b  64 05 61 08 0c 75 05 61                 - d.a..u.a
 0463  04 0c 72 05 61 00 0c 6c                 - ..r.a..l
 046b  11 12 03 83 97 6a 6f 79                 - .....joy
 0473  74 68 72 65 73 68 6f 6c                 - threshol
 047b  64 11 12 00 83 98 6a 6f                 - d.....jo
 0483  79 74 68 72 65 73 68 6f                 - ythresho
 048b  6c 64 04 46 83 99 05 72                 - ld.F...r
 0493  83 9a 00 05 72 0c 01 06                 - ....r...
 049b  04 48 83 87 04 48 83 87                 - .H...H..
 04a3  07 72 83 9d 01 83 9e 08                 - .r......
 04ab  60 18 00 1c 00 00 00 11                 - `.......
 04b3  67 02 21                                - g.!
 04b6  00 00 00 00 00 00                       DP      near input::input( input const near & )
 04bc  83 9f 69 6e 70 75 74 18                 - ..input.
 04c4  67 02 21                                - g.!
 04c7  00 00 00 00 00 00                       DP      void near input::refreshtimer()
 04cd  83 4e 72 65 66 72 65 73                 - .Nrefres
 04d5  68 74 69 6d 65 72 17 67                 - htimer.g
 04dd  02 21                                   - .!
 04df  00 00 00 00 00 00                       DP      void near input::refreshmain()
 04e5  83 4e 72 65 66 72 65 73                 - .Nrefres
 04ed  68 6d 61 69 6e 1b 67 02                 - hmain.g.
 04f5  21                                      - !
 04f6  00 00 00 00 00 00                       DP      int near input::refreshkeyboard( char )
 04fc  83 9c 72 65 66 72 65 73                 - ..refres
 0504  68 6b 65 79 62 6f 61 72                 - hkeyboar
 050c  64 12 67 02 21                          - d.g.!
 0511  00 00 00 00 00 00                       DP      void near input::unbind()
 0517  83 4e 75 6e 62 69 6e 64                 - .Nunbind
 051f  10 67 02 21                             - .g.!
 0523  00 00 00 00 00 00                       DP      void near input::bind( object near * )
 0529  83 69 62 69 6e 64 24 67                 - .ibind$g
 0531  02 93 22 18 69 61 22 1c                 - ..".ia".
 0539  69 61 21                                - ia!
 053c  00 00 00 00 00 00                       DP      void near initwinsock()
 0542  68 01 66 83 8e 73 61 76                 - h.f..sav
 054a  65 73 65 74 74 69 6e 67                 - esetting
 0552  73 27 67 02 93 22 18 69                 - s'g..".i
 055a  61 22 18 69 61 21                       - a".ia!
 0560  00 00 00 00 00 00                       DP      void near initwinsock()
 0566  68 01 66 83 9b 67 65 74                 - h.f..get
 056e  6a 6f 79 74 68 72 65 73                 - joythres
 0576  68 6f 6c 64 21 67 02 93                 - hold!g..
 057e  22 18 69 61 22 14 69 61                 - ".ia".ia
 0586  21                                      - !
 0587  00 00 00 00 00 00                       DP      void near initwinsock()
 058d  68 01 66 83 96 67 65 74                 - h.f..get
 0595  6b 65 79 6d 61 70 1c 67                 - keymap.g
 059d  02 93 22 18 69 61 22 10                 - ..".ia".
 05a5  69 61 21                                - ia!
 05a8  00 00 00 00 00 00                       DP      void near initwinsock()
 05ae  68 01 66 83 8e 6d 61 69                 - h.f..mai
 05b6  6e 1d 67 02 93 22 18 69                 - n.g..".i
 05be  61 22 0c 69 61 21                       - a".ia!
 05c4  00 00 00 00 00 00                       DP      void near initwinsock()
 05ca  68 01 66 83 8e 74 69 6d                 - h.f..tim
 05d2  65 72 1b 67 02 93 22 18                 - er.g..".
 05da  69 61 22 08 69 61 21                    - ia".ia!
 05e1  00 00 00 00 00 00                       DP      void near initwinsock()
 05e7  68 01 66 83 8d 6b 65 79                 - h.f..key
 05ef  1c 67 02 93 22 18 69 61                 - .g..".ia
 05f7  22 04 69 61 21                          - ".ia!
 05fc  00 00 00 00 00 00                       DP      void near initwinsock()
 0602  68 01 66 83 8c 72 65 61                 - h.f..rea
 060a  64 13 67 02 21                          - d.g.!
 060f  00 00 00 00 00 00                       DP      int unsigned near input::getstat()
 0615  83 8b 67 65 74 73 74 61                 - ..getsta
 061d  74 11 67 02 21                          - t.g.!
 0622  00 00 00 00 00 00                       DP      void near input::reset()
 0628  83 3f 72 65 73 65 74 1e                 - .?reset.
 0630  67 02 93 22 18 69 61 22                 - g..".ia"
 0638  00 69 61 21                             - .ia!
 063c  00 00 00 00 00 00                       DP      void near initwinsock()
 0642  68 01 66 83 8a 7e 69 6e                 - h.f..~in
 064a  70 75 74 11 67 02 21                    - put.g.!
 0651  00 00 00 00 00 00                       DP      near input::input( int )
 0657  83 89 69 6e 70 75 74 10                 - ..input.
 065f  67 01 84 22 18 69 83 50                 - g..".i.P
 0667  5f 5f 76 66 70 74 72 06                 - __vfptr.
 066f  61 14 83 5a 6f 07 61 10                 - a..Zo.a.
 0677  0d 62 75 74 0a 61 0c 0d                 - .but.a..
 067f  6f 6c 64 62 75 74 08 61                 - oldbut.a
 0687  08 0d 73 74 61 74 0b 61                 - ..stat.a
 068f  04 0c 74 65 73 74 69 6e                 - ..testin
 0697  67 08 61 00 0c 74 79 70                 - g.a..typ
 069f  65 0a 12 00 83 87 69 6e                 - e.....in
 06a7  70 75 74 04 46 83 a1 0f                 - put.F...
 06af  12 04 83 aa 74 72 61 6a                 - ....traj
 06b7  65 63 74 6f 72 79 04 48                 - ectory.H
 06bf  83 a3 07 72 83 a4 01 83                 - ...r....
 06c7  5a 05 72 12 01 0c 04 48                 - Z.r....H
 06cf  83 a3 04 48 83 a3 07 72                 - ...H...r
 06d7  83 a7 01 83 a8 08 60 07                 - ......`.
 06df  00 08 00 00 00 16 67 02                 - ......g.
 06e7  21                                      - !
 06e8  00 00 00 00 00 00                       DP      near trajectory::trajectory( trajectory const near & )
 06ee  83 a9 74 72 61 6a 65 63                 - ..trajec
 06f6  74 6f 72 79 1c 67 02 93                 - tory.g..
 06fe  22 04 69 61 22 08 69 61                 - ".ia".ia
 0706  21                                      - !
 0707  00 00 00 00 00 00                       DP      void near initwinsock()
 070d  68 01 66 83 a6 6d 6f 76                 - h.f..mov
 0715  65 1c 67 02 93 22 04 69                 - e.g..".i
 071d  61 22 04 69 61 21                       - a".ia!
 0723  00 00 00 00 00 00                       DP      void near initwinsock()
 0729  68 01 66 83 8c 74 69 63                 - h.f..tic
 0731  6b 23 67 02 93 22 04 69                 - k#g..".i
 0739  61 22 00 69 61 21                       - a".ia!
 073f  00 00 00 00 00 00                       DP      void near initwinsock()
 0745  68 01 66 83 8a 7e 74 72                 - h.f..~tr
 074d  61 6a 65 63 74 6f 72 79                 - ajectory
 0755  16 67 02 21                             - .g.!
 0759  00 00 00 00 00 00                       DP      near trajectory::trajectory( object near * )
 075f  83 a5 74 72 61 6a 65 63                 - ..trajec
 0767  74 6f 72 79 10 67 01 84                 - tory.g..
 076f  22 04 69 83 50 5f 5f 76                 - ".i.P__v
 0777  66 70 74 72 07 67 04 6b                 - fptr.g.k
 077f  83 5a 6f 04 46 83 a3 06                 - .Zo.F...
 0787  72 0c 02 0c 0c 05 72 0c                 - r.....r.
 078f  01 0c 08 60 06 00 10 00                 - ...`....
 0797  00 00 12 67 02 21                       - ...g.!
 079d  00 00 00 00 00 00                       DP      int near lrect::height()
 07a3  83 0a 68 65 69 67 68 74                 - ..height
 07ab  11 67 02 21                             - .g.!
 07af  00 00 00 00 00 00                       DP      int near lrect::width()
 07b5  83 0a 77 69 64 74 68 06                 - ..width.
 07bd  61 0c 0c 79 32 06 61 08                 - a..y2.a.
 07c5  0c 78 32 06 61 04 0c 79                 - .x2.a..y
 07cd  31 06 61 00 0c 78 31 0a                 - 1.a..x1.
 07d5  12 03 83 ae 6c 72 65 63                 - ....lrec
 07dd  74 0a 12 00 83 af 6c 72                 - t.....lr
 07e5  65 63 74 04 48 83 b0 06                 - ect.H...
 07ed  72 0c 01 83 b1 04 48 83                 - r.....H.
 07f5  b0 0d 12 00 83 ea 62 67                 - ......bg
 07fd  6f 62 6a 65 63 74 04 46                 - object.F
 0805  83 b4 08 72 12 02 83 b3                 - ...r....
 080d  83 b5 07 12 00 12 49 4d                 - ......IM
 0815  47 04 46 83 b7 04 46 83                 - G.F...F.
 081d  b8 0a 72 12 04 83 b9 81                 - ..r.....
 0825  94 0c 0c 08 60 04 00 08                 - ....`...
 082d  00 00 00 06 69 22 00 83                 - ....i"..
 0835  5e 10 67 02 21                          - ^.g.!
 083a  00 00 00 00 00 00                       DP      void near bgimage::draw( IMG near * near *, char near *, int, int )
 0840  83 ba 64 72 61 77 16 67                 - ..draw.g
 0848  02 21                                   - .!
 084a  00 00 00 00 00 00                       DP      void near bgimage::calcextent( lrect near &, bgobject near * )
 0850  83 b6 63 61 6c 63 65 78                 - ..calcex
 0858  74 65 6e 74 09 61 06 0a                 - tent.a..
 0860  64 69 73 70 7a 0c 12 03                 - dispz...
 0868  83 bb 62 67 69 6d 61 67                 - ..bgimag
 0870  65 0c 12 00 83 bc 62 67                 - e.....bg
 0878  69 6d 61 67 65 04 46 83                 - image.F.
 0880  bd 03 46 12 04 46 83 bf                 - ..F..F..
 0888  03 46 1d 05 20 3f 82 ed                 - .F.. ?..
 0890  05 20 3f 83 c2 04 46 83                 - . ?...F.
 0898  c3 0b 12 00 83 c8 62 67                 - ......bg
 08a0  6c 69 6e 65 04 46 83 c5                 - line.F..
 08a8  08 72 12 02 83 b5 81 94                 - .r......
 08b0  0b 12 03 83 fa 62 67 6c                 - .....bgl
 08b8  69 6e 65 08 60 04 00 09                 - ine.`...
 08c0  00 00 00 06 69 22 00 83                 - ....i"..
 08c8  c8 10 67 02 21                          - ..g.!
 08cd  00 00 00 00 00 00                       DP      void near boundary::draw( bgobject near *, char near * )
 08d3  83 c7 64 72 61 77 12 67                 - ..draw.g
 08db  02 21                                   - .!
 08dd  00 00 00 00 00 00                       DP      int near boundary::extent( lrect near & )
 08e3  83 b2 65 78 74 65 6e 74                 - ..extent
 08eb  15 67 02 21                             - .g.!
 08ef  00 00 00 00 00 00                       DP      int near boundary::intersect( lrect near & )
 08f5  83 b2 69 6e 74 65 72 73                 - ..inters
 08fd  65 63 74 0d 12 03 83 c9                 - ect.....
 0905  62 6f 75 6e 64 61 72 79                 - boundary
 090d  0d 12 00 83 ca 62 6f 75                 - .....bou
 0915  6e 64 61 72 79 04 46 83                 - ndary.F.
 091d  cb 07 72 83 5a 01 83 58                 - ..r.Z..X
 0925  08 60 08 00 09 00 00 00                 - .`......
 092d  12 67 02 21                             - .g.!
 0931  00 00 00 00 00 00                       DP      object near * near bgobjpos::create( objectspace near * )
 0937  83 cd 63 72 65 61 74 65                 - ..create
 093f  0f 67 02 21                             - .g.!
 0943  00 00 00 00 00 00                       DP      void near bgobjpos::set( object near * )
 0949  83 69 73 65 74 06 61 08                 - .iset.a.
 0951  82 ed 64 06 61 07 82 ed                 - ..d.a...
 0959  73 09 61 06 82 ed 6f 6e                 - s.a...on
 0961  75 6d 05 61 04 0a 7a 05                 - um.a..z.
 0969  61 02 0a 79 05 61 00 0a                 - a..y.a..
 0971  78 0d 12 03 83 ce 62 67                 - x.....bg
 0979  6f 62 6a 70 6f 73 0d 12                 - objpos..
 0981  00 83 cf 62 67 6f 62 6a                 - ...bgobj
 0989  70 6f 73 04 46 83 d0 06                 - pos.F...
 0991  72 0c 01 81 94 0a 12 04                 - r.......
 0999  83 dc 62 67 64 65 66 04                 - ..bgdef.
 09a1  48 83 d3 0c 72 83 d4 04                 - H...r...
 09a9  83 58 0c 81 94 81 94 04                 - .X......
 09b1  72 0c 00 04 72 12 00 04                 - r...r...
 09b9  48 83 d3 04 48 83 d3 07                 - H...H...
 09c1  72 83 d8 01 83 d9 0e 12                 - r.......
 09c9  04 84 52 6f 62 6a 65 63                 - ..Robjec
 09d1  74 64 65 66 08 60 15 00                 - tdef.`..
 09d9  8f 00 00 00 06 69 22 00                 - .....i".
 09e1  83 db 12 67 02 21                       - ...g.!
 09e7  00 00 00 00 00 00                       DP      near bgdef::~bgdef()
 09ed  82 fb 7e 62 67 64 65 66                 - ..~bgdef
 09f5  11 67 02 21                             - .g.!
 09f9  00 00 00 00 00 00                       DP      near bgdef::bgdef( bgdef const near & )
 09ff  83 da 62 67 64 65 66 21                 - ..bgdef!
 0a07  67 02 21                                - g.!
 0a0a  00 00 00 00 00 00                       DP      void near bgdef::instantiateobjposlist()
 0a10  83 4e 69 6e 73 74 61 6e                 - .Ninstan
 0a18  74 69 61 74 65 6f 62 6a                 - tiateobj
 0a20  70 6f 73 6c 69 73 74 1f                 - poslist.
 0a28  67 02 93 22 5b 69 61 22                 - g.."[ia"
 0a30  04 69 61 21                             - .ia!
 0a34  00 00 00 00 00 00                       DP      void near initwinsock()
 0a3a  68 01 66 83 d7 66 72 65                 - h.f..fre
 0a42  65 6f 64 66 1c 67 02 93                 - eodf.g..
 0a4a  22 5b 69 61 22 00 69 61                 - "[ia".ia
 0a52  21                                      - !
 0a53  00 00 00 00 00 00                       DP      void near initwinsock()
 0a59  68 01 66 83 d6 72 65 61                 - h.f..rea
 0a61  64 11 67 02 21                          - d.g.!
 0a66  00 00 00 00 00 00                       DP      near bgdef::bgdef( objectspace near *, int, char near *, char near * )
 0a6c  83 d5 62 67 64 65 66 17                 - ..bgdef.
 0a74  67 02 21                                - g.!
 0a77  00 00 00 00 00 00                       DP      int near bgdef::readscreens( char near * )
 0a7d  83 d2 72 65 61 64 73 63                 - ..readsc
 0a85  72 65 65 6e 73 10 67 01                 - reens.g.
 0a8d  84 22 5b 69 83 50 5f 5f                 - ."[i.P__
 0a95  76 66 70 74 72 08 61 8b                 - vfptr.a.
 0a9d  83 d1 62 6f 70 0f 61 87                 - ..bop.a.
 0aa5  0c 6e 75 6d 62 67 6f 62                 - .numbgob
 0aad  6a 70 6f 73 08 61 83 83                 - jpos.a..
 0ab5  cc 62 6e 64 0f 61 7f 0c                 - .bnd.a..
 0abd  6e 75 6d 62 6f 75 6e 64                 - numbound
 0ac5  61 72 79 08 61 7b 83 c6                 - ary.a{..
 0acd  62 67 6c 0e 61 77 0c 6e                 - bgl.aw.n
 0ad5  75 6d 62 67 6c 69 6e 65                 - umbgline
 0add  73 0b 61 73 83 c4 73 63                 - s.as..sc
 0ae5  72 6d 61 70 10 61 6f 83                 - rmap.ao.
 0aed  c1 73 63 72 65 65 6e 6e                 - .screenn
 0af5  61 6d 65 73 08 61 6b 83                 - ames.ak.
 0afd  c0 73 63 72 0a 61 67 0c                 - .scr.ag.
 0b05  6e 75 6d 73 63 72 08 61                 - numscr.a
 0b0d  63 83 be 62 67 69 0f 61                 - c..bgi.a
 0b15  5f 0c 6e 75 6d 62 67 69                 - _.numbgi
 0b1d  6d 61 67 65 73 0a 12 00                 - mages...
 0b25  83 d3 62 67 64 65 66 04                 - ..bgdef.
 0b2d  46 83 dd 05 20 04 83 cc                 - F... ...
 0b35  04 46 83 b0 0a 72 12 05                 - .F...r..
 0b3d  83 b5 0c 0c 0c 0c 0a 72                 - .......r
 0b45  12 04 83 b5 81 94 0c 0c                 - ........
 0b4d  08 60 0b 00 1c 00 00 00                 - .`......
 0b55  12 67 02 21                             - .g.!
 0b59  00 00 00 00 00 00                       DP      void near bgchunk::drawfg( bgobject near *, char near *, int, int )
 0b5f  83 e2 64 72 61 77 66 67                 - ..drawfg
 0b67  12 67 02 21                             - .g.!
 0b6b  00 00 00 00 00 00                       DP      void near bgchunk::drawbg( bgobject near *, char near *, int, int )
 0b71  83 e2 64 72 61 77 62 67                 - ..drawbg
 0b79  13 67 02 21                             - .g.!
 0b7d  00 00 00 00 00 00                       DP      void near bgchunk::destroy()
 0b83  83 4e 64 65 73 74 72 6f                 - .Ndestro
 0b8b  79 12 67 02 21                          - y.g.!
 0b90  00 00 00 00 00 00                       DP      void near bgchunk::create( bgobject near *, int, int, int, int )
 0b96  83 e1 63 72 65 61 74 65                 - ..create
 0b9e  0c 67 08 84 22 18 69 82                 - .g..".i.
 0ba6  d3 62 67 77 12 67 08 84                 - .bgw.g..
 0bae  22 14 69 0c 6e 75 6d 62                 - ".i.numb
 0bb6  67 77 61 6c 6c 73 0c 67                 - gwalls.g
 0bbe  08 84 22 10 69 82 d3 62                 - ..".i..b
 0bc6  67 6c 12 67 08 84 22 0c                 - gl.g..".
 0bce  69 0c 6e 75 6d 62 67 6c                 - i.numbgl
 0bd6  69 6e 65 73 0f 67 08 84                 - ines.g..
 0bde  22 08 69 0c 66 69 72 73                 - ".i.firs
 0be6  74 66 67 0c 67 08 84 22                 - tfg.g.."
 0bee  04 69 82 d3 69 64 78 09                 - .i..idx.
 0bf6  67 08 6b 0c 6e 75 6d 69                 - g.k.numi
 0bfe  0c 12 04 83 e3 62 67 63                 - .....bgc
 0c06  68 75 6e 6b 0c 12 00 83                 - hunk....
 0c0e  e4 62 67 63 68 75 6e 6b                 - .bgchunk
 0c16  04 46 83 e5 03 46 12 04                 - .F...F..
 0c1e  20 02 0c 07 72 83 e6 02                 -  ...r...
 0c26  0c 0c 0d 12 04 83 f7 62                 - .......b
 0c2e  67 6f 62 6a 65 63 74 04                 - gobject.
 0c36  48 83 ea 09 72 83 eb 03                 - H...r...
 0c3e  83 de 0c 0c 04 72 13 00                 - .....r..
 0c46  0a 72 12 05 81 94 0c 0c                 - .r......
 0c4e  0c 0c 06 72 12 02 0c 0c                 - ...r....
 0c56  03 48 0c 09 72 83 c6 03                 - .H..r...
 0c5e  0c 0c 83 f0 04 48 83 b0                 - .....H..
 0c66  07 72 83 c6 01 83 f2 04                 - .r......
 0c6e  48 83 ea 04 48 83 ea 07                 - H...H...
 0c76  72 83 f4 01 83 f5 08 60                 - r......`
 0c7e  2d 00 76 00 00 00 14 67                 - -.v....g
 0c86  02 21                                   - .!
 0c88  00 00 00 00 00 00                       DP      near bgobject::bgobject( bgobject const near & )
 0c8e  83 f6 62 67 6f 62 6a 65                 - ..bgobje
 0c96  63 74 18 67 02 21                       - ct.g.!
 0c9c  00 00 00 00 00 00                       DP      void near bgobject::drawboundary( char near * )
 0ca2  83 36 64 72 61 77 62 6f                 - .6drawbo
 0caa  75 6e 64 61 72 79 17 67                 - undary.g
 0cb2  02 21                                   - .!
 0cb4  00 00 00 00 00 00                       DP      void near bgobject::drawbglines( char near * )
 0cba  83 36 64 72 61 77 62 67                 - .6drawbg
 0cc2  6c 69 6e 65 73 16 67 02                 - lines.g.
 0cca  21                                      - !
 0ccb  00 00 00 00 00 00                       DP      bgline near * near bgobject::hitceiling( lrect near & )
 0cd1  83 f3 68 69 74 63 65 69                 - ..hitcei
 0cd9  6c 69 6e 67 17 67 02 21                 - ling.g.!
 0ce1  00 00 00 00 00 00                       DP      bgline near * near bgobject::hitwallleft( lrect near & )
 0ce7  83 f3 68 69 74 77 61 6c                 - ..hitwal
 0cef  6c 6c 65 66 74 18 67 02                 - lleft.g.
 0cf7  21                                      - !
 0cf8  00 00 00 00 00 00                       DP      bgline near * near bgobject::hitwallright( lrect near & )
 0cfe  83 f3 68 69 74 77 61 6c                 - ..hitwal
 0d06  6c 72 69 67 68 74 14 67                 - lright.g
 0d0e  02 21                                   - .!
 0d10  00 00 00 00 00 00                       DP      bgline near * near bgobject::getbasey( int, int, int near & )
 0d16  83 f1 67 65 74 62 61 73                 - ..getbas
 0d1e  65 79 10 67 02 21                       - ey.g.!
 0d24  00 00 00 00 00 00                       DP      void near bgobject::tick()
 0d2a  83 4e 74 69 63 6b 12 67                 - .Ntick.g
 0d32  02 21                                   - .!
 0d34  00 00 00 00 00 00                       DP      int near bgobject::scroll()
 0d3a  83 01 73 63 72 6f 6c 6c                 - ..scroll
 0d42  10 67 02 21                             - .g.!
 0d46  00 00 00 00 00 00                       DP      void near bgobject::move( int, int )
 0d4c  83 ef 6d 6f 76 65 16 67                 - ..move.g
 0d54  02 21                                   - .!
 0d56  00 00 00 00 00 00                       DP      void near bgobject::boundcheck()
 0d5c  83 4e 62 6f 75 6e 64 63                 - .Nboundc
 0d64  68 65 63 6b 12 67 02 21                 - heck.g.!
 0d6c  00 00 00 00 00 00                       DP      void near bgobject::drawfg( char near * )
 0d72  83 36 64 72 61 77 66 67                 - .6drawfg
 0d7a  12 67 02 21                             - .g.!
 0d7e  00 00 00 00 00 00                       DP      void near bgobject::drawbg( char near * )
 0d84  83 36 64 72 61 77 62 67                 - .6drawbg
 0d8c  15 67 02 21                             - .g.!
 0d90  00 00 00 00 00 00                       DP      void near bgobject::refreshbg( char near * )
 0d96  83 36 72 65 66 72 65 73                 - .6refres
 0d9e  68 62 67 15 67 02 21                    - hbg.g.!
 0da5  00 00 00 00 00 00                       DP      void near bgobject::drawbgscr( char near * )
 0dab  83 36 64 72 61 77 62 67                 - .6drawbg
 0db3  73 63 72 13 67 02 21                    - scr.g.!
 0dba  00 00 00 00 00 00                       DP      void near bgobject::drawscr( char near *, int, int, int, int )
 0dc0  83 ee 64 72 61 77 73 63                 - ..drawsc
 0dc8  72 16 67 02 21                          - r.g.!
 0dcd  00 00 00 00 00 00                       DP      void near bgobject::deactivate()
 0dd3  83 4e 64 65 61 63 74 69                 - .Ndeacti
 0ddb  76 61 74 65 14 67 02 21                 - vate.g.!
 0de3  00 00 00 00 00 00                       DP      void near bgobject::activate()
 0de9  83 4e 61 63 74 69 76 61                 - .Nactiva
 0df1  74 65 21 67 02 93 22 72                 - te!g.."r
 0df9  69 61 22 00 69 61 21                    - ia".ia!
 0e00  00 00 00 00 00 00                       DP      void near initwinsock()
 0e06  68 01 66 83 ed 7e 62 67                 - h.f..~bg
 0e0e  6f 62 6a 65 63 74 14 67                 - object.g
 0e16  02 21                                   - .!
 0e18  00 00 00 00 00 00                       DP      near bgobject::bgobject( bgdef near *, int, int )
 0e1e  83 ec 62 67 6f 62 6a 65                 - ..bgobje
 0e26  63 74 17 67 02 21                       - ct.g.!
 0e2c  00 00 00 00 00 00                       DP      bgchunk near * near bgobject::getchunkptr( int, int )
 0e32  83 e9 67 65 74 63 68 75                 - ..getchu
 0e3a  6e 6b 70 74 72 18 67 02                 - nkptr.g.
 0e42  21                                      - !
 0e43  00 00 00 00 00 00                       DP      void near bgobject::createchunks()
 0e49  83 4e 63 72 65 61 74 65                 - .Ncreate
 0e51  63 68 75 6e 6b 73 16 67                 - chunks.g
 0e59  02 21                                   - .!
 0e5b  00 00 00 00 00 00                       DP      void near bgobject::calcextent()
 0e61  83 4e 63 61 6c 63 65 78                 - .Ncalcex
 0e69  74 65 6e 74 10 67 01 84                 - tent.g..
 0e71  22 72 69 83 50 5f 5f 76                 - "ri.P__v
 0e79  66 70 74 72 06 61 66 83                 - fptr.af.
 0e81  e8 72 0e 61 62 83 c6 73                 - .r.ab..s
 0e89  65 6c 62 67 6c 69 6e 65                 - elbgline
 0e91  0a 61 5e 83 5a 74 72 61                 - .a^.Ztra
 0e99  63 6b 07 61 5a 83 e7 62                 - ck.aZ..b
 0ea1  67 06 61 56 83 e6 63 09                 - g.aV..c.
 0ea9  61 52 0c 63 79 6c 65 6e                 - aR.cylen
 0eb1  09 61 4e 0c 63 78 6c 65                 - .aN.cxle
 0eb9  6e 0b 61 4a 83 e0 62 67                 - n.aJ..bg
 0ec1  69 65 78 74 08 61 3a 83                 - iext.a:.
 0ec9  b0 65 78 74 0c 64 39 00                 - .ext.d9.
 0ed1  01 08 61 63 74 69 76 65                 - ..active
 0ed9  06 61 25 83 df 62 0b 61                 - .a%..b.a
 0ee1  21 0c 75 70 64 61 74 65                 - !.update
 0ee9  64 06 61 1d 0c 79 77 06                 - d.a..yw.
 0ef1  61 19 0c 78 77 06 61 15                 - a..xw.a.
 0ef9  0c 64 79 06 61 11 0c 64                 - .dy.a..d
 0f01  78 05 61 0d 0c 79 05 61                 - x.a..y.a
 0f09  09 0c 78 07 61 05 83 de                 - ..x.a...
 0f11  62 64 0a 61 04 82 ed 62                 - bd.a...b
 0f19  67 6e 75 6d 08 61 00 83                 - gnum.a..
 0f21  58 6f 73 70 04 46 83 b4                 - Xosp.F..
 0f29  09 72 12 03 83 f8 81 94                 - .r......
 0f31  0c 08 60 0d 00 09 00 00                 - ..`.....
 0f39  00 10 67 02 21                          - ..g.!
 0f3e  00 00 00 00 00 00                       DP      void near bgline::draw( bgobject near *, char near *, int )
 0f44  83 f9 64 72 61 77 14 67                 - ..draw.g
 0f4c  02 21                                   - .!
 0f4e  00 00 00 00 00 00                       DP      int near bgline::getslope()
 0f54  83 0a 67 65 74 73 6c 6f                 - ..getslo
 0f5c  70 65 1c 67 02 21                       - pe.g.!
 0f62  00 00 00 00 00 00                       DP      int near bgline::ceilingintersect( lrect near & )
 0f68  83 b2 63 65 69 6c 69 6e                 - ..ceilin
 0f70  67 69 6e 74 65 72 73 65                 - ginterse
 0f78  63 74 1e 67 02 21                       - ct.g.!
 0f7e  00 00 00 00 00 00                       DP      int near bgline::wallrightintersect( lrect near & )
 0f84  83 b2 77 61 6c 6c 72 69                 - ..wallri
 0f8c  67 68 74 69 6e 74 65 72                 - ghtinter
 0f94  73 65 63 74 1d 67 02 21                 - sect.g.!
 0f9c  00 00 00 00 00 00                       DP      int near bgline::wallleftintersect( lrect near & )
 0fa2  83 b2 77 61 6c 6c 6c 65                 - ..wallle
 0faa  66 74 69 6e 74 65 72 73                 - ftinters
 0fb2  65 63 74 11 67 02 21                    - ect.g.!
 0fb9  00 00 00 00 00 00                       DP      int near bgline::calcy( int )
 0fbf  83 ad 63 61 6c 63 79 11                 - ..calcy.
 0fc7  67 02 21                                - g.!
 0fca  00 00 00 00 00 00                       DP      int near bgline::calcx( int )
 0fd0  83 ad 63 61 6c 63 78 14                 - ..calcx.
 0fd8  67 02 21                                - g.!
 0fdb  00 00 00 00 00 00                       DP      int near bgline::getbasey( int, int )
 0fe1  83 ac 67 65 74 62 61 73                 - ..getbas
 0fe9  65 79 06 61 07 0a 79 32                 - ey.a..y2
 0ff1  06 61 05 0a 79 31 06 61                 - .a..y1.a
 0ff9  03 0a 78 32 06 61 01 0a                 - ..x2.a..
 1001  78 31 09 61 00 82 ed 74                 - x1.a...t
 1009  79 70 65 04 46 83 c5 05                 - ype.F...
 1011  20 ff 83 83 05 72 12 01                 -  ....r..
 1019  0c 0b 12 04 84 0a 6f 62                 - ......ob
 1021  6a 65 63 74 04 48 83 fe                 - ject.H..
 1029  0e 72 83 ff 07 83 5c 0c                 - .r....\.
 1031  0c 0c 0c 0c 83 5a 0b 72                 - .....Z.r
 1039  83 5a 06 0c 0c 0c 0c 0c                 - .Z......
 1041  0c 05 72 0c 01 0c 05 72                 - ..r....r
 1049  12 01 0c 05 72 83 7b 00                 - ....r.{.
 1051  07 72 12 03 0c 0c 0c 07                 - .r......
 1059  72 83 61 02 0c 0c 04 48                 - r.a....H
 1061  83 fe 04 48 83 fe 07 72                 - ...H...r
 1069  84 07 01 84 08 08 60 5e                 - ......`^
 1071  00 6b 00 00 00 12 67 02                 - .k....g.
 1079  21                                      - !
 107a  00 00 00 00 00 00                       DP      near object::object( object const near & )
 1080  84 09 6f 62 6a 65 63 74                 - ..object
 1088  13 67 02 21                             - .g.!
 108c  00 00 00 00 00 00                       DP      image near * near object::hittest( int, int )
 1092  84 06 68 69 74 74 65 73                 - ..hittes
 109a  74 17 67 02 21                          - t.g.!
 109f  00 00 00 00 00 00                       DP      int near object::enemy_tawch( int )
 10a5  83 ad 65 6e 65 6d 79 5f                 - ..enemy_
 10ad  74 61 77 63 68 15 67 02                 - tawch.g.
 10b5  21                                      - !
 10b6  00 00 00 00 00 00                       DP      int near object::enemy_jet( int )
 10bc  83 ad 65 6e 65 6d 79 5f                 - ..enemy_
 10c4  6a 65 74 18 67 02 21                    - jet.g.!
 10cb  00 00 00 00 00 00                       DP      int near object::enemy_boomer( int )
 10d1  83 ad 65 6e 65 6d 79 5f                 - ..enemy_
 10d9  62 6f 6f 6d 65 72 18 67                 - boomer.g
 10e1  02 21                                   - .!
 10e3  00 00 00 00 00 00                       DP      int near object::enemy_sniper( int )
 10e9  83 ad 65 6e 65 6d 79 5f                 - ..enemy_
 10f1  73 6e 69 70 65 72 15 67                 - sniper.g
 10f9  02 21                                   - .!
 10fb  00 00 00 00 00 00                       DP      int near object::enemy_pig( int )
 1101  83 ad 65 6e 65 6d 79 5f                 - ..enemy_
 1109  70 69 67 16 67 02 21                    - pig.g.!
 1110  00 00 00 00 00 00                       DP      int near object::main_climb( int )
 1116  83 ad 6d 61 69 6e 5f 63                 - ..main_c
 111e  6c 69 6d 62 15 67 02 21                 - limb.g.!
 1126  00 00 00 00 00 00                       DP      int near object::randomdur( int )
 112c  83 ad 72 61 6e 64 6f 6d                 - ..random
 1134  64 75 72 15 67 02 21                    - dur.g.!
 113b  00 00 00 00 00 00                       DP      int near object::main_hang( int )
 1141  83 ad 6d 61 69 6e 5f 68                 - ..main_h
 1149  61 6e 67 12 67 02 21                    - ang.g.!
 1150  00 00 00 00 00 00                       DP      int near object::bullet( int )
 1156  83 ad 62 75 6c 6c 65 74                 - ..bullet
 115e  19 67 02 21                             - .g.!
 1162  00 00 00 00 00 00                       DP      int near object::main_walkfire( int )
 1168  83 ad 6d 61 69 6e 5f 77                 - ..main_w
 1170  61 6c 6b 66 69 72 65 15                 - alkfire.
 1178  67 02 21                                - g.!
 117b  00 00 00 00 00 00                       DP      int near object::main_duck( int )
 1181  83 ad 6d 61 69 6e 5f 64                 - ..main_d
 1189  75 63 6b 15 67 02 21                    - uck.g.!
 1190  00 00 00 00 00 00                       DP      int near object::main_jump( int )
 1196  83 ad 6d 61 69 6e 5f 6a                 - ..main_j
 119e  75 6d 70 15 67 02 21                    - ump.g.!
 11a5  00 00 00 00 00 00                       DP      int near object::main_walk( int )
 11ab  83 ad 6d 61 69 6e 5f 77                 - ..main_w
 11b3  61 6c 6b 17 67 02 21                    - alk.g.!
 11ba  00 00 00 00 00 00                       DP      int near object::main_stance( int )
 11c0  83 ad 6d 61 69 6e 5f 73                 - ..main_s
 11c8  74 61 6e 63 65 10 67 02                 - tance.g.
 11d0  21                                      - !
 11d1  00 00 00 00 00 00                       DP      int near object::none( int )
 11d7  83 ad 6e 6f 6e 65 16 67                 - ..none.g
 11df  02 21                                   - .!
 11e1  00 00 00 00 00 00                       DP      int near object::loseenergy( int )
 11e7  83 ad 6c 6f 73 65 65 6e                 - ..loseen
 11ef  65 72 67 79 12 67 02 21                 - ergy.g.!
 11f7  00 00 00 00 00 00                       DP      void near object::resort()
 11fd  83 4e 72 65 73 6f 72 74                 - .Nresort
 1205  16 67 02 21                             - .g.!
 1209  00 00 00 00 00 00                       DP      int near object::hitceiling()
 120f  83 01 68 69 74 63 65 69                 - ..hitcei
 1217  6c 69 6e 67 18 67 02 21                 - ling.g.!
 121f  00 00 00 00 00 00                       DP      int near object::hitwallright()
 1225  83 01 68 69 74 77 61 6c                 - ..hitwal
 122d  6c 72 69 67 68 74 17 67                 - lright.g
 1235  02 21                                   - .!
 1237  00 00 00 00 00 00                       DP      int near object::hitwallleft()
 123d  83 01 68 69 74 77 61 6c                 - ..hitwal
 1245  6c 6c 65 66 74 14 67 02                 - lleft.g.
 124d  21                                      - !
 124e  00 00 00 00 00 00                       DP      int near object::getbasey()
 1254  83 01 67 65 74 62 61 73                 - ..getbas
 125c  65 79 15 67 02 21                       - ey.g.!
 1262  00 00 00 00 00 00                       DP      int near object::hitground( int )
 1268  83 ad 68 69 74 67 72 6f                 - ..hitgro
 1270  75 6e 64 14 67 02 21                    - und.g.!
 1277  00 00 00 00 00 00                       DP      void near object::falldown()
 127d  83 4e 66 61 6c 6c 64 6f                 - .Nfalldo
 1285  77 6e 16 67 02 21                       - wn.g.!
 128b  00 00 00 00 00 00                       DP      void near object::boundcheck()
 1291  83 4e 62 6f 75 6e 64 63                 - .Nboundc
 1299  68 65 63 6b 13 67 02 21                 - heck.g.!
 12a1  00 00 00 00 00 00                       DP      void near object::moveabs( int, int, int )
 12a7  84 05 6d 6f 76 65 61 62                 - ..moveab
 12af  73 10 67 02 21                          - s.g.!
 12b4  00 00 00 00 00 00                       DP      void near object::move( int, int, int )
 12ba  84 05 6d 6f 76 65 10 67                 - ..move.g
 12c2  02 21                                   - .!
 12c4  00 00 00 00 00 00                       DP      void near object::flip()
 12ca  83 4e 66 6c 69 70 11 67                 - .Nflip.g
 12d2  02 21                                   - .!
 12d4  00 00 00 00 00 00                       DP      void near object::sound( int )
 12da  84 03 73 6f 75 6e 64 15                 - ..sound.
 12e2  67 02 21                                - g.!
 12e5  00 00 00 00 00 00                       DP      frame near * near object::resetfptr()
 12eb  84 04 72 65 73 65 74 66                 - ..resetf
 12f3  70 74 72 1e 67 02 93 22                 - ptr.g.."
 12fb  67 69 61 22 14 69 61 21                 - gia".ia!
 1303  00 00 00 00 00 00                       DP      void near initwinsock()
 1309  68 01 66 83 d7 65 66 66                 - h.f..eff
 1311  65 63 74 24 67 02 93 22                 - ect$g.."
 1319  67 69 61 22 10 69 61 21                 - gia".ia!
 1321  00 00 00 00 00 00                       DP      void near initwinsock()
 1327  68 01 66 83 d6 61 64 76                 - h.f..adv
 132f  61 6e 63 65 66 72 61 6d                 - ancefram
 1337  65 1c 67 02 93 22 67 69                 - e.g.."gi
 133f  61 22 0c 69 61 21                       - a".ia!
 1345  00 00 00 00 00 00                       DP      void near initwinsock()
 134b  68 01 66 83 d7 74 69 63                 - h.f..tic
 1353  6b 10 67 02 21                          - k.g.!
 1358  00 00 00 00 00 00                       DP      void near object::kill()
 135e  83 4e 6b 69 6c 6c 10 67                 - .Nkill.g
 1366  02 21                                   - .!
 1368  00 00 00 00 00 00                       DP      void near object::stop()
 136e  83 4e 73 74 6f 70 14 67                 - .Nstop.g
 1376  02 21                                   - .!
 1378  00 00 00 00 00 00                       DP      void near object::activate( int )
 137e  84 03 61 63 74 69 76 61                 - ..activa
 1386  74 65 16 67 02 21                       - te.g.!
 138c  00 00 00 00 00 00                       DP      void near object::playlooped( int )
 1392  84 03 70 6c 61 79 6c 6f                 - ..playlo
 139a  6f 70 65 64 10 67 02 21                 - oped.g.!
 13a2  00 00 00 00 00 00                       DP      void near object::play( int )
 13a8  84 03 70 6c 61 79 16 67                 - ..play.g
 13b0  02 21                                   - .!
 13b2  00 00 00 00 00 00                       DP      void near object::drawshadow( char near * )
 13b8  83 36 64 72 61 77 73 68                 - .6drawsh
 13c0  61 64 6f 77 10 67 02 21                 - adow.g.!
 13c8  00 00 00 00 00 00                       DP      void near object::draw( char near * )
 13ce  83 36 64 72 61 77 16 67                 - .6draw.g
 13d6  02 21                                   - .!
 13d8  00 00 00 00 00 00                       DP      int near object::findseries( char near * )
 13de  83 d2 66 69 6e 64 73 65                 - ..findse
 13e6  72 69 65 73 17 67 02 21                 - ries.g.!
 13ee  00 00 00 00 00 00                       DP      int near object::startseries( char near * )
 13f4  83 d2 73 74 61 72 74 73                 - ..starts
 13fc  65 72 69 65 73 23 67 02                 - eries#g.
 1404  93 22 67 69 61 22 08 69                 - ."gia".i
 140c  61 21                                   - a!
 140e  00 00 00 00 00 00                       DP      void near initwinsock()
 1414  68 01 66 84 02 73 74 61                 - h.f..sta
 141c  72 74 73 65 72 69 65 73                 - rtseries
 1424  1d 67 02 93 22 67 69 61                 - .g.."gia
 142c  22 04 69 61 21                          - ".ia!
 1431  00 00 00 00 00 00                       DP      void near initwinsock()
 1437  68 01 66 84 01 73 70 61                 - h.f..spa
 143f  77 6e 1f 67 02 93 22 67                 - wn.g.."g
 1447  69 61 22 00 69 61 21                    - ia".ia!
 144e  00 00 00 00 00 00                       DP      void near initwinsock()
 1454  68 01 66 83 ed 7e 6f 62                 - h.f..~ob
 145c  6a 65 63 74 12 67 02 21                 - ject.g.!
 1464  00 00 00 00 00 00                       DP      near object::object( objectdef near *, int, int, int, int, int, object near * )
 146a  84 00 6f 62 6a 65 63 74                 - ..object
 1472  16 67 02 21                             - .g.!
 1476  00 00 00 00 00 00                       DP      void near object::forcefloor()
 147c  83 4e 66 6f 72 63 65 66                 - .Nforcef
 1484  6c 6f 6f 72 19 67 02 21                 - loor.g.!
 148c  00 00 00 00 00 00                       DP      int near object::dohangceiling( int )
 1492  83 ad 64 6f 68 61 6e 67                 - ..dohang
 149a  63 65 69 6c 69 6e 67 17                 - ceiling.
 14a2  67 02 21                                - g.!
 14a5  00 00 00 00 00 00                       DP      int near object::doclimbwall( int )
 14ab  83 ad 64 6f 63 6c 69 6d                 - ..doclim
 14b3  62 77 61 6c 6c 13 67 02                 - bwall.g.
 14bb  21                                      - !
 14bc  00 00 00 00 00 00                       DP      void near object::setrelz( int )
 14c2  83 fd 73 65 74 72 65 6c                 - ..setrel
 14ca  7a 13 67 02 21                          - z.g.!
 14cf  00 00 00 00 00 00                       DP      void near object::setrely( int )
 14d5  83 fd 73 65 74 72 65 6c                 - ..setrel
 14dd  79 13 67 02 21                          - y.g.!
 14e2  00 00 00 00 00 00                       DP      void near object::setrelx( int )
 14e8  83 fd 73 65 74 72 65 6c                 - ..setrel
 14f0  78 14 67 02 21                          - x.g.!
 14f5  00 00 00 00 00 00                       DP      int near object::relbasey()
 14fb  83 0a 72 65 6c 62 61 73                 - ..relbas
 1503  65 79 10 67 02 21                       - ey.g.!
 1509  00 00 00 00 00 00                       DP      int near object::relz()
 150f  83 0a 72 65 6c 7a 10 67                 - ..relz.g
 1517  02 21                                   - .!
 1519  00 00 00 00 00 00                       DP      int near object::rely()
 151f  83 0a 72 65 6c 79 10 67                 - ..rely.g
 1527  02 21                                   - .!
 1529  00 00 00 00 00 00                       DP      int near object::relx()
 152f  83 0a 72 65 6c 78 10 67                 - ..relx.g
 1537  01 84 22 67 69 83 50 5f                 - .."gi.P_
 153f  5f 76 66 70 74 72 15 67                 - _vfptr.g
 1547  02 21                                   - .!
 1549  00 00 00 00 00 00                       DP      int (near object::* near object::cfunclist[])( int )
 154f  83 fc 63 66 75 6e 63 6c                 - ..cfuncl
 1557  69 73 74 0c 61 63 83 fb                 - ist.ac..
 155f  63 65 69 6c 69 6e 67 09                 - ceiling.
 1567  61 5f 83 fb 77 61 6c 6c                 - a_..wall
 156f  0a 61 5b 83 fb 66 6c 6f                 - .a[..flo
 1577  6f 72 09 61 57 83 ab 74                 - or.aW..t
 157f  72 61 6a 07 61 53 83 a2                 - raj.aS..
 1587  69 6e 0a 61 51 0a 65 6e                 - in.aQ.en
 158f  65 72 67 79 06 61 45 83                 - ergy.aE.
 1597  86 72 0e 61 44 82 ed 69                 - .r.aD..i
 159f  6e 74 65 72 73 65 63 74                 - ntersect
 15a7  0a 61 43 82 ed 6c 61 79                 - .aC..lay
 15af  65 72 09 64 42 03 01 08                 - er.dB...
 15b7  6e 65 74 10 64 42 02 01                 - net.dB..
 15bf  08 69 6e 76 69 6e 63 69                 - .invinci
 15c7  62 6c 65 11 64 42 01 01                 - ble.dB..
 15cf  08 6c 61 73 74 66 6f 72                 - .lastfor
 15d7  65 76 65 72 0c 64 42 00                 - ever.dB.
 15df  01 08 6b 69 6c 6c 6d 65                 - ..killme
 15e7  10 64 41 07 01 08 70 6c                 - .dA...pl
 15ef  61 79 72 65 70 65 61 74                 - ayrepeat
 15f7  0d 64 41 06 01 08 70 6c                 - .dA...pl
 15ff  61 79 69 6e 67 0c 64 41                 - aying.dA
 1607  05 01 08 61 63 74 69 76                 - ...activ
 160f  65 0d 64 41 00 05 08 75                 - e.dA...u
 1617  70 64 61 74 65 64 05 61                 - pdated.a
 161f  40 06 64 09 61 3c 0c 62                 - @.d.a<.b
 1627  61 73 65 79 05 61 38 0c                 - asey.a8.
 162f  7a 05 61 34 0c 79 05 61                 - z.a4.y.a
 1637  30 0c 78 07 61 2f 82 ed                 - 0.x.a/..
 163f  6e 66 07 61 2e 82 ed 63                 - nf.a...c
 1647  66 07 61 2a 0c 64 75 72                 - f.a*.dur
 164f  09 61 26 83 7b 66 70 74                 - .a&.{fpt
 1657  72 10 61 1a 83 83 63 6f                 - r.a...co
 165f  6e 74 72 6f 6c 66 75 6e                 - ntrolfun
 1667  63 07 61 16 83 82 63 73                 - c.a...cs
 166f  0a 61 15 82 ed 63 73 6e                 - .a...csn
 1677  75 6d 07 61 11 83 5c 6f                 - um.a..\o
 167f  64 09 61 10 82 ed 6f 6e                 - d.a...on
 1687  75 6d 0c 61 0c 83 5a 63                 - um.a..Zc
 168f  72 65 61 74 6f 72 09 61                 - reator.a
 1697  08 83 5a 6e 65 78 74 09                 - ..Znext.
 169f  61 04 83 5a 70 72 65 76                 - a..Zprev
 16a7  08 61 00 83 58 6f 73 70                 - .a..Xosp
 16af  04 46 83 59 04 46 83 db                 - .F.Y.F..
 16b7  04 46 84 0c 04 46 83 d3                 - .F...F..
 16bf  04 46 84 0e 04 46 83 ea                 - .F...F..
 16c7  03 46 12 05 20 02 84 11                 - .F.. ...
 16cf  10 12 04 84 44 6f 62 6a                 - ....Dobj
 16d7  65 63 74 73 70 61 63 65                 - ectspace
 16df  04 48 84 13 0b 72 84 14                 - .H...r..
 16e7  04 81 94 81 94 0c 0c 06                 - ........
 16ef  72 12 01 81 94 0a 72 84                 - r.....r.
 16f7  0b 05 0c 0c 0c 0c 0c 0b                 - ........
 16ff  72 84 0b 05 81 94 0c 0c                 - r.......
 1707  0c 0c 06 72 83 f8 01 0c                 - ...r....
 170f  07 72 83 f8 01 81 94 07                 - .r......
 1717  72 84 0b 01 84 0b 08 72                 - r......r
 171f  12 02 84 0b 84 0b 06 72                 - .......r
 1727  12 02 0c 0c 0c 12 04 84                 - ........
 172f  34 47 55 49 72 65 63 74                 - 4GUIrect
 1737  0c 12 00 84 1e 47 55 49                 - .....GUI
 173f  72 65 63 74 04 46 84 1f                 - rect.F..
 1747  04 48 84 1e 0b 72 84 21                 - .H...r.!
 174f  05 84 20 0c 0c 0c 0c 06                 - .. .....
 1757  72 12 01 84 20 07 72 84                 - r... .r.
 175f  20 02 0c 0c 05 72 12 01                 -  ....r..
 1767  06 06 72 12 02 0c 13 06                 - ..r.....
 176f  72 0c 01 84 20 04 72 0c                 - r... .r.
 1777  00 03 48 12 07 72 84 20                 - ..H..r. 
 177f  01 84 29 09 12 00 12 6d                 - ..)....m
 1787  6f 75 73 65 04 48 84 2b                 - ouse.H.+
 178f  06 72 0c 01 84 2c 06 72                 - .r...,.r
 1797  0c 02 06 06 05 72 81 94                 - .....r..
 179f  00 07 72 0c 02 84 20 0c                 - ..r... .
 17a7  04 48 84 1e 04 48 84 1e                 - .H...H..
 17af  07 72 84 31 01 84 32 08                 - .r.1..2.
 17b7  60 2c 00 2d 00 00 00 13                 - `,.-....
 17bf  67 02 21                                - g.!
 17c2  00 00 00 00 00 00                       DP      near GUIrect::GUIrect( GUIrect const near & )
 17c8  84 33 47 55 49 72 65 63                 - .3GUIrec
 17d0  74 14 67 02 21                          - t.g.!
 17d5  00 00 00 00 00 00                       DP      void near GUIrect::setmodal( GUIrect near * )
 17db  84 23 73 65 74 6d 6f 64                 - .#setmod
 17e3  61 6c 23 67 02 93 22 29                 - al#g..")
 17eb  69 61 22 3c 69 61 21                    - ia"<ia!
 17f2  00 00 00 00 00 00                       DP      void near initwinsock()
 17f8  68 01 66 84 30 73 65 6e                 - h.f.0sen
 1800  64 6d 65 73 73 61 67 65                 - dmessage
 1808  1f 67 02 93 22 29 69 61                 - .g..")ia
 1810  22 38 69 61 21                          - "8ia!
 1815  00 00 00 00 00 00                       DP      void near initwinsock()
 181b  68 01 66 84 2f 67 65 74                 - h.f./get
 1823  6e 61 6d 65 1e 67 02 93                 - name.g..
 182b  22 29 69 61 22 34 69 61                 - ")ia"4ia
 1833  21                                      - !
 1834  00 00 00 00 00 00                       DP      void near initwinsock()
 183a  68 01 66 84 2e 6b 65 79                 - h.f..key
 1842  68 69 74 1c 67 02 93 22                 - hit.g.."
 184a  29 69 61 22 30 69 61 21                 - )ia"0ia!
 1852  00 00 00 00 00 00                       DP      void near initwinsock()
 1858  68 01 66 84 16 64 72 61                 - h.f..dra
 1860  77 1c 67 02 93 22 29 69                 - w.g..")i
 1868  61 22 2c 69 61 21                       - a",ia!
 186e  00 00 00 00 00 00                       DP      void near initwinsock()
 1874  68 01 66 84 2d 64 72 61                 - h.f.-dra
 187c  67 1f 67 02 93 22 29 69                 - g.g..")i
 1884  61 22 28 69 61 21                       - a"(ia!
 188a  00 00 00 00 00 00                       DP      void near initwinsock()
 1890  68 01 66 84 2d 72 65 6c                 - h.f.-rel
 1898  65 61 73 65 1d 67 02 93                 - ease.g..
 18a0  22 29 69 61 22 24 69 61                 - ")ia"$ia
 18a8  21                                      - !
 18a9  00 00 00 00 00 00                       DP      void near initwinsock()
 18af  68 01 66 84 2a 63 6c 69                 - h.f.*cli
 18b7  63 6b 16 67 02 21                       - ck.g.!
 18bd  00 00 00 00 00 00                       DP      void near GUIrect::cyclefocus( int )
 18c3  84 03 63 79 63 6c 65 66                 - ..cyclef
 18cb  6f 63 75 73 26 67 02 93                 - ocus&g..
 18d3  22 29 69 61 22 20 69 61                 - ")ia" ia
 18db  21                                      - !
 18dc  00 00 00 00 00 00                       DP      void near initwinsock()
 18e2  68 01 66 83 d7 6c 6f 73                 - h.f..los
 18ea  65 63 68 69 6c 64 66 6f                 - echildfo
 18f2  63 75 73 21 67 02 93 22                 - cus!g.."
 18fa  29 69 61 22 1c 69 61 21                 - )ia".ia!
 1902  00 00 00 00 00 00                       DP      void near initwinsock()
 1908  68 01 66 83 d7 6c 6f 73                 - h.f..los
 1910  65 66 6f 63 75 73 24 67                 - efocus$g
 1918  02 93 22 29 69 61 22 18                 - ..")ia".
 1920  69 61 21                                - ia!
 1923  00 00 00 00 00 00                       DP      void near initwinsock()
 1929  68 01 66 83 d7 72 65 63                 - h.f..rec
 1931  65 69 76 65 66 6f 63 75                 - eivefocu
 1939  73 23 67 02 93 22 29 69                 - s#g..")i
 1941  61 22 14 69 61 21                       - a".ia!
 1947  00 00 00 00 00 00                       DP      void near initwinsock()
 194d  68 01 66 84 28 61 63 63                 - h.f.(acc
 1955  65 70 74 66 6f 63 75 73                 - eptfocus
 195d  14 67 02 21                             - .g.!
 1961  00 00 00 00 00 00                       DP      int near GUIrect::setfocus( GUIrect near * )
 1967  84 27 73 65 74 66 6f 63                 - .'setfoc
 196f  75 73 1f 67 02 93 22 29                 - us.g..")
 1977  69 61 22 10 69 61 21                    - ia".ia!
 197e  00 00 00 00 00 00                       DP      void near initwinsock()
 1984  68 01 66 84 26 72 65 66                 - h.f.&ref
 198c  72 65 73 68 13 67 02 21                 - resh.g.!
 1994  00 00 00 00 00 00                       DP      void near GUIrect::outline( char )
 199a  84 25 6f 75 74 6c 69 6e                 - .%outlin
 19a2  65 10 67 02 21                          - e.g.!
 19a7  00 00 00 00 00 00                       DP      void near GUIrect::fill( char )
 19ad  84 25 66 69 6c 6c 12 67                 - .%fill.g
 19b5  02 21                                   - .!
 19b7  00 00 00 00 00 00                       DP      int near GUIrect::height()
 19bd  83 0a 68 65 69 67 68 74                 - ..height
 19c5  11 67 02 21                             - .g.!
 19c9  00 00 00 00 00 00                       DP      int near GUIrect::width()
 19cf  83 0a 77 69 64 74 68 12                 - ..width.
 19d7  67 02 21                                - g.!
 19da  00 00 00 00 00 00                       DP      void near GUIrect::resize( int, int )
 19e0  83 ef 72 65 73 69 7a 65                 - ..resize
 19e8  12 67 02 21                             - .g.!
 19ec  00 00 00 00 00 00                       DP      void near GUIrect::moveto( int, int )
 19f2  84 1d 6d 6f 76 65 74 6f                 - ..moveto
 19fa  13 67 02 21                             - .g.!
 19fe  00 00 00 00 00 00                       DP      void near GUIrect::moverel( int, int )
 1a04  84 1d 6d 6f 76 65 72 65                 - ..movere
 1a0c  6c 22 67 02 93 22 29 69                 - l"g..")i
 1a14  61 22 0c 69 61 21                       - a".ia!
 1a1a  00 00 00 00 00 00                       DP      void near initwinsock()
 1a20  68 01 66 83 d7 73 65 6e                 - h.f..sen
 1a28  64 74 6f 62 61 63 6b 24                 - dtoback$
 1a30  67 02 93 22 29 69 61 22                 - g..")ia"
 1a38  08 69 61 21                             - .ia!
 1a3c  00 00 00 00 00 00                       DP      void near initwinsock()
 1a42  68 01 66 83 d7 62 72 69                 - h.f..bri
 1a4a  6e 67 74 6f 66 72 6f 6e                 - ngtofron
 1a52  74 14 67 02 21                          - t.g.!
 1a57  00 00 00 00 00 00                       DP      void near GUIrect::reparent( GUIrect near * )
 1a5d  84 23 72 65 70 61 72 65                 - .#repare
 1a65  6e 74 1f 67 02 93 22 29                 - nt.g..")
 1a6d  69 61 22 04 69 61 21                    - ia".ia!
 1a74  00 00 00 00 00 00                       DP      void near initwinsock()
 1a7a  68 01 66 84 24 68 69 74                 - h.f.$hit
 1a82  74 65 73 74 20 67 02 93                 - test g..
 1a8a  22 29 69 61 22 00 69 61                 - ")ia".ia
 1a92  21                                      - !
 1a93  00 00 00 00 00 00                       DP      void near initwinsock()
 1a99  68 01 66 83 ed 7e 47 55                 - h.f..~GU
 1aa1  49 72 65 63 74 10 67 02                 - Irect.g.
 1aa9  21                                      - !
 1aaa  00 00 00 00 00 00                       DP      void near GUIrect::link( GUIrect near * )
 1ab0  84 23 6c 69 6e 6b 12 67                 - .#link.g
 1ab8  02 21                                   - .!
 1aba  00 00 00 00 00 00                       DP      void near GUIrect::unlink()
 1ac0  83 4e 75 6e 6c 69 6e 6b                 - .Nunlink
 1ac8  13 67 02 21                             - .g.!
 1acc  00 00 00 00 00 00                       DP      near GUIrect::GUIrect( GUIrect near *, int, int, int, int )
 1ad2  84 22 47 55 49 72 65 63                 - ."GUIrec
 1ada  74 10 67 01 84 22 29 69                 - t.g..")i
 1ae2  83 50 5f 5f 76 66 70 74                 - .P__vfpt
 1aea  72 11 67 02 21                          - r.g.!
 1aef  00 00 00 00 00 00                       DP      GUIrect near * near GUIrect::modal
 1af5  84 20 6d 6f 64 61 6c 06                 - . modal.
 1afd  61 25 0c 79 32 06 61 21                 - a%.y2.a!
 1b05  0c 78 32 06 61 1d 0c 79                 - .x2.a..y
 1b0d  31 06 61 19 0c 78 31 0e                 - 1.a..x1.
 1b15  61 15 84 20 6c 61 73 74                 - a.. last
 1b1d  66 6f 63 75 73 09 61 14                 - focus.a.
 1b25  06 66 6f 63 75 73 09 61                 - .focus.a
 1b2d  10 84 20 6e 65 78 74 09                 - .. next.
 1b35  61 0c 84 20 70 72 65 76                 - a.. prev
 1b3d  0e 61 08 84 20 6c 61 73                 - .a.. las
 1b45  74 63 68 69 6c 64 0a 61                 - tchild.a
 1b4d  04 84 20 63 68 69 6c 64                 - .. child
 1b55  0b 61 00 84 20 70 61 72                 - .a.. par
 1b5d  65 6e 74 0c 12 00 84 1e                 - ent.....
 1b65  47 55 49 72 65 63 74 04                 - GUIrect.
 1b6d  46 84 35 04 48 84 2b 07                 - F.5.H.+.
 1b75  72 84 36 01 84 37 0a 72                 - r.6..7.r
 1b7d  12 04 81 94 81 94 0c 0c                 - ........
 1b85  04 48 84 13 04 48 84 13                 - .H...H..
 1b8d  07 72 84 3a 01 84 3b 10                 - .r.:..;.
 1b95  12 04 84 43 47 55 49 63                 - ...CGUIc
 1b9d  6f 6e 74 65 6e 74 73 04                 - ontents.
 1ba5  48 84 3d 07 72 84 3e 02                 - H.=.r.>.
 1bad  0c 0c 04 48 84 3d 04 48                 - ...H.=.H
 1bb5  84 3d 07 72 84 40 01 84                 - .=.r.@..
 1bbd  41 08 60 09 00 2d 00 00                 - A.`..-..
 1bc5  00 06 69 22 00 84 1e 24                 - ..i"...$
 1bcd  67 02 93 22 29 69 61 22                 - g..")ia"
 1bd5  00 69 61 21                             - .ia!
 1bd9  00 00 00 00 00 00                       DP      void near initwinsock()
 1bdf  68 01 66 83 8a 7e 47 55                 - h.f..~GU
 1be7  49 63 6f 6e 74 65 6e 74                 - Icontent
 1bef  73 17 67 02 21                          - s.g.!
 1bf4  00 00 00 00 00 00                       DP      near GUIcontents::GUIcontents( GUIcontents const near & )
 1bfa  84 42 47 55 49 63 6f 6e                 - .BGUIcon
 1c02  74 65 6e 74 73 1e 67 02                 - tents.g.
 1c0a  93 22 29 69 61 22 34 69                 - .")ia"4i
 1c12  61 21                                   - a!
 1c14  00 00 00 00 00 00                       DP      void near initwinsock()
 1c1a  68 01 66 84 2e 6b 65 79                 - h.f..key
 1c22  68 69 74 1f 67 02 93 22                 - hit.g.."
 1c2a  29 69 61 22 44 69 61 21                 - )ia"Dia!
 1c32  00 00 00 00 00 00                       DP      void near initwinsock()
 1c38  68 01 66 83 8e 72 65 73                 - h.f..res
 1c40  74 6f 72 65 20 67 02 93                 - tore g..
 1c48  22 29 69 61 22 40 69 61                 - ")ia"@ia
 1c50  21                                      - !
 1c51  00 00 00 00 00 00                       DP      void near initwinsock()
 1c57  68 01 66 83 8e 6d 61 78                 - h.f..max
 1c5f  69 6d 69 7a 65 12 67 02                 - imize.g.
 1c67  21                                      - !
 1c68  00 00 00 00 00 00                       DP      void near GUIcontents::resize( int, int )
 1c6e  84 1d 72 65 73 69 7a 65                 - ..resize
 1c76  17 67 02 21                             - .g.!
 1c7a  00 00 00 00 00 00                       DP      near GUIcontents::GUIcontents( int, int )
 1c80  84 3f 47 55 49 63 6f 6e                 - .?GUIcon
 1c88  74 65 6e 74 73 10 67 01                 - tents.g.
 1c90  84 22 29 69 83 50 5f 5f                 - .")i.P__
 1c98  76 66 70 74 72 08 60 29                 - vfptr.`)
 1ca0  00 6d 00 00 00 06 69 22                 - .m....i"
 1ca8  00 84 3d 17 67 02 21                    - ..=.g.!
 1caf  00 00 00 00 00 00                       DP      near objectspace::objectspace( objectspace const near & )
 1cb5  84 3c 6f 62 6a 65 63 74                 - .<object
 1cbd  73 70 61 63 65 13 67 02                 - space.g.
 1cc5  21                                      - !
 1cc6  00 00 00 00 00 00                       DP      void near objectspace::cleanup()
 1ccc  83 4e 63 6c 65 61 6e 75                 - .Ncleanu
 1cd4  70 10 67 02 21                          - p.g.!
 1cd9  00 00 00 00 00 00                       DP      void near objectspace::open( char near *, char near *, int, int )
 1cdf  84 39 6f 70 65 6e 1d 67                 - .9open.g
 1ce7  02 93 22 29 69 61 22 24                 - ..")ia"$
 1cef  69 61 21                                - ia!
 1cf2  00 00 00 00 00 00                       DP      void near initwinsock()
 1cf8  68 01 66 84 38 63 6c 69                 - h.f.8cli
 1d00  63 6b 1a 67 02 21                       - ck.g.!
 1d06  00 00 00 00 00 00                       DP      void near objectspace::moveobjectsrel( int, int )
 1d0c  84 1d 6d 6f 76 65 6f 62                 - ..moveob
 1d14  6a 65 63 74 73 72 65 6c                 - jectsrel
 1d1c  12 67 02 21                             - .g.!
 1d20  00 00 00 00 00 00                       DP      void near objectspace::resize( int, int )
 1d26  84 1d 72 65 73 69 7a 65                 - ..resize
 1d2e  20 67 02 93 22 29 69 61                 -  g..")ia
 1d36  22 40 69 61 21                          - "@ia!
 1d3b  00 00 00 00 00 00                       DP      void near initwinsock()
 1d41  68 01 66 83 d7 6d 61 78                 - h.f..max
 1d49  69 6d 69 7a 65 1f 67 02                 - imize.g.
 1d51  93 22 29 69 61 22 44 69                 - .")ia"Di
 1d59  61 21                                   - a!
 1d5b  00 00 00 00 00 00                       DP      void near initwinsock()
 1d61  68 01 66 83 d7 72 65 73                 - h.f..res
 1d69  74 6f 72 65 10 67 02 21                 - tore.g.!
 1d71  00 00 00 00 00 00                       DP      void near objectspace::swap( object near *, object near * )
 1d77  84 1c 73 77 61 70 18 67                 - ..swap.g
 1d7f  02 21                                   - .!
 1d81  00 00 00 00 00 00                       DP      void near objectspace::removeobject( object near * )
 1d87  83 69 72 65 6d 6f 76 65                 - .iremove
 1d8f  6f 62 6a 65 63 74 15 67                 - object.g
 1d97  02 21                                   - .!
 1d99  00 00 00 00 00 00                       DP      object near * near objectspace::addobject( object near * )
 1d9f  84 1b 61 64 64 6f 62 6a                 - ..addobj
 1da7  65 63 74 17 67 02 21                    - ect.g.!
 1dae  00 00 00 00 00 00                       DP      bgobject near * near objectspace::newbgobject( char near * )
 1db4  84 1a 6e 65 77 62 67 6f                 - ..newbgo
 1dbc  62 6a 65 63 74 17 67 02                 - bject.g.
 1dc4  21                                      - !
 1dc5  00 00 00 00 00 00                       DP      bgobject near * near objectspace::newbgobject( int )
 1dcb  84 19 6e 65 77 62 67 6f                 - ..newbgo
 1dd3  62 6a 65 63 74 15 67 02                 - bject.g.
 1ddb  21                                      - !
 1ddc  00 00 00 00 00 00                       DP      object near * near objectspace::newobject( char near *, int, int, int, int )
 1de2  84 18 6e 65 77 6f 62 6a                 - ..newobj
 1dea  65 63 74 15 67 02 21                    - ect.g.!
 1df1  00 00 00 00 00 00                       DP      object near * near objectspace::newobject( int, int, int, int, int )
 1df7  84 17 6e 65 77 6f 62 6a                 - ..newobj
 1dff  65 63 74 1c 67 02 93 22                 - ect.g.."
 1e07  29 69 61 22 30 69 61 21                 - )ia"0ia!
 1e0f  00 00 00 00 00 00                       DP      void near initwinsock()
 1e15  68 01 66 84 16 64 72 61                 - h.f..dra
 1e1d  77 10 67 02 21                          - w.g.!
 1e22  00 00 00 00 00 00                       DP      void near objectspace::tick()
 1e28  83 4e 74 69 63 6b 15 67                 - .Ntick.g
 1e30  02 21                                   - .!
 1e32  00 00 00 00 00 00                       DP      void near objectspace::readbgbin( char near * )
 1e38  83 36 72 65 61 64 62 67                 - .6readbg
 1e40  62 69 6e 16 67 02 21                    - bin.g.!
 1e47  00 00 00 00 00 00                       DP      void near objectspace::readobjbin( char near * )
 1e4d  83 36 72 65 61 64 6f 62                 - .6readob
 1e55  6a 62 69 6e 1d 67 02 21                 - jbin.g.!
 1e5d  00 00 00 00 00 00                       DP      void near objectspace::refreshneeddelete()
 1e63  83 4e 72 65 66 72 65 73                 - .Nrefres
 1e6b  68 6e 65 65 64 64 65 6c                 - hneeddel
 1e73  65 74 65 1b 67 02 21                    - ete.g.!
 1e7a  00 00 00 00 00 00                       DP      void near objectspace::refreshneedload()
 1e80  83 4e 72 65 66 72 65 73                 - .Nrefres
 1e88  68 6e 65 65 64 6c 6f 61                 - hneedloa
 1e90  64 16 67 02 21                          - d.g.!
 1e95  00 00 00 00 00 00                       DP      void near objectspace::refreshobj()
 1e9b  83 4e 72 65 66 72 65 73                 - .Nrefres
 1ea3  68 6f 62 6a 24 67 02 93                 - hobj$g..
 1eab  22 29 69 61 22 00 69 61                 - ")ia".ia
 1eb3  21                                      - !
 1eb4  00 00 00 00 00 00                       DP      void near initwinsock()
 1eba  68 01 66 83 ed 7e 6f 62                 - h.f..~ob
 1ec2  6a 65 63 74 73 70 61 63                 - jectspac
 1eca  65 17 67 02 21                          - e.g.!
 1ecf  00 00 00 00 00 00                       DP      near objectspace::objectspace( char near *, char near *, int, int )
 1ed5  84 15 6f 62 6a 65 63 74                 - ..object
 1edd  73 70 61 63 65 10 67 02                 - space.g.
 1ee5  21                                      - !
 1ee6  00 00 00 00 00 00                       DP      void near objectspace::setp( object near * )
 1eec  83 69 73 65 74 70 10 67                 - .isetp.g
 1ef4  01 84 22 29 69 83 50 5f                 - ..")i.P_
 1efc  5f 76 66 70 74 72 10 67                 - _vfptr.g
 1f04  08 84 22 39 69 0c 6e 65                 - .."9i.ne
 1f0c  65 64 6c 6f 61 64 12 67                 - edload.g
 1f14  08 84 22 35 69 0c 6e 65                 - .."5i.ne
 1f1c  65 64 64 65 6c 65 74 65                 - eddelete
 1f24  0f 67 08 84 22 31 69 0c                 - .g.."1i.
 1f2c  75 70 64 61 74 65 64 0a                 - updated.
 1f34  67 08 84 22 2d 69 84 0b                 - g.."-i..
 1f3c  6f 0a 61 61 84 12 72 6c                 - o.aa..rl
 1f44  69 73 74 07 61 5d 84 10                 - ist.a]..
 1f4c  62 67 06 61 59 84 0b 70                 - bg.aY..p
 1f54  09 61 55 84 0f 62 67 64                 - .aU..bgd
 1f5c  66 0b 61 51 0c 6e 75 6d                 - f.aQ.num
 1f64  62 67 64 66 08 61 4d 84                 - bgdf.aM.
 1f6c  0d 6f 64 66 0a 61 49 0c                 - .odf.aI.
 1f74  6e 75 6d 6f 64 66 06 61                 - numodf.a
 1f7c  45 0c 79 77 06 61 41 0c                 - E.yw.aA.
 1f84  78 77 0d 61 3d 0c 6d 61                 - xw.a=.ma
 1f8c  78 69 6d 69 7a 65 64 04                 - ximized.
 1f94  46 83 57 03 46 12 04 46                 - F.W.F..F
 1f9c  84 46 03 46 12 04 46 84                 - .F.F..F.
 1fa4  48 03 46 12 04 46 84 4a                 - H.F..F.J
 1fac  04 20 1f 06 04 48 83 db                 - . ...H..
 1fb4  0c 72 84 4d 04 84 45 0c                 - .r.M..E.
 1fbc  81 94 81 94 04 48 83 db                 - .....H..
 1fc4  04 48 83 db 07 72 84 4f                 - .H...r.O
 1fcc  01 84 50 08 60 21 00 5f                 - ..P.`!._
 1fd4  00 00 00 15 67 02 21                    - ....g.!
 1fdb  00 00 00 00 00 00                       DP      near objectdef::objectdef( objectdef const near & )
 1fe1  84 51 6f 62 6a 65 63 74                 - .Qobject
 1fe9  64 65 66 1f 67 02 93 22                 - def.g.."
 1ff1  5b 69 61 22 04 69 61 21                 - [ia".ia!
 1ff9  00 00 00 00 00 00                       DP      void near initwinsock()
 1fff  68 01 66 83 d7 66 72 65                 - h.f..fre
 2007  65 6f 64 66 1c 67 02 93                 - eodf.g..
 200f  22 5b 69 61 22 00 69 61                 - "[ia".ia
 2017  21                                      - !
 2018  00 00 00 00 00 00                       DP      void near initwinsock()
 201e  68 01 66 83 d6 72 65 61                 - h.f..rea
 2026  64 17 67 02 21                          - d.g.!
 202b  00 00 00 00 00 00                       DP      void near objectdef::refreshload()
 2031  83 4e 72 65 66 72 65 73                 - .Nrefres
 2039  68 6c 6f 61 64 10 67 02                 - hload.g.
 2041  21                                      - !
 2042  00 00 00 00 00 00                       DP      void near objectdef::kill()
 2048  83 4e 6b 69 6c 6c 10 67                 - .Nkill.g
 2050  02 21                                   - .!
 2052  00 00 00 00 00 00                       DP      int near objectdef::load()
 2058  83 01 6c 6f 61 64 15 67                 - ..load.g
 2060  02 21                                   - .!
 2062  00 00 00 00 00 00                       DP      near objectdef::~objectdef()
 2068  14 7e 6f 62 6a 65 63 74                 - .~object
 2070  64 65 66 15 67 02 21                    - def.g.!
 2077  00 00 00 00 00 00                       DP      near objectdef::objectdef( objectspace near *, int, char near *, char near * )
 207d  84 4e 6f 62 6a 65 63 74                 - .Nobject
 2085  64 65 66 16 67 02 21                    - def.g.!
 208c  00 00 00 00 00 00                       DP      void near objectdef::freesounds()
 2092  83 4e 66 72 65 65 73 6f                 - .Nfreeso
 209a  75 6e 64 73 1a 67 02 21                 - unds.g.!
 20a2  00 00 00 00 00 00                       DP      void near objectdef::convertdsounds()
 20a8  83 4e 63 6f 6e 76 65 72                 - .Nconver
 20b0  74 64 73 6f 75 6e 64 73                 - tdsounds
 20b8  16 67 02 21                             - .g.!
 20bc  00 00 00 00 00 00                       DP      void near objectdef::freeseries()
 20c2  83 4e 66 72 65 65 73 65                 - .Nfreese
 20ca  72 69 65 73 16 67 02 21                 - ries.g.!
 20d2  00 00 00 00 00 00                       DP      void near objectdef::freeimages()
 20d8  83 4e 66 72 65 65 69 6d                 - .Nfreeim
 20e0  61 67 65 73 10 67 01 84                 - ages.g..
 20e8  22 5b 69 83 50 5f 5f 76                 - "[i.P__v
 20f0  66 70 74 72 0c 61 3b 84                 - fptr.a;.
 20f8  4c 76 6f 6c 66 69 6c 65                 - Lvolfile
 2100  07 61 37 0d 6d 65 6d 0c                 - .a7.mem.
 2108  61 33 84 4b 64 73 6f 75                 - a3.Kdsou
 2110  6e 64 73 0b 61 2f 84 49                 - nds.a/.I
 2118  73 6f 75 6e 64 73 0d 61                 - sounds.a
 2120  2b 0c 6e 75 6d 73 6f 75                 - +.numsou
 2128  6e 64 73 06 61 27 83 7b                 - nds.a'.{
 2130  66 07 61 23 83 82 73 64                 - f.a#..sd
 2138  08 61 1f 0c 6e 75 6d 73                 - .a..nums
 2140  07 61 1b 84 47 69 64 08                 - .a..Gid.
 2148  61 17 0c 6e 75 6d 69 08                 - a..numi.
 2150  61 07 17 6e 61 6d 65 09                 - a..name.
 2158  61 06 82 ed 6f 6e 75 6d                 - a...onum
 2160  0c 61 05 06 72 65 66 63                 - .a..refc
 2168  6f 75 6e 74 0e 64 04 06                 - ount.d..
 2170  01 08 76 6f 6c 65 78 69                 - ..volexi
 2178  73 74 0b 64 04 05 01 08                 - st.d....
 2180  69 73 76 6f 6c 0a 64 04                 - isvol.d.
 2188  03 02 08 74 79 70 65 0b                 - ...type.
 2190  64 04 02 01 08 64 69 72                 - d....dir
 2198  74 79 0e 64 04 01 01 08                 - ty.d....
 21a0  72 65 61 64 6f 6e 6c 79                 - readonly
 21a8  0c 64 04 00 01 08 6c 6f                 - .d....lo
 21b0  61 64 65 64 08 61 00 84                 - aded.a..
 21b8  45 6f 73 70 04 46 83 5b                 - Eosp.F.[
 21c0  0e 72 83 56 07 84 53 0c                 - .r.V..S.
 21c8  0c 0c 0c 0c 83 35 04 48                 - .....5.H
 21d0  83 4b 04 48 83 4b 07 72                 - .K.H.K.r
 21d8  84 55 01 84 56 08 60 0c                 - .U..V.`.
 21e0  00 7a 00 00 00 06 69 22                 - .z....i"
 21e8  00 83 fe 15 67 02 21                    - ....g.!
 21ef  00 00 00 00 00 00                       DP      near netobject::netobject( netobject const near & )
 21f5  84 57 6e 65 74 6f 62 6a                 - .Wnetobj
 21fd  65 63 74 22 67 02 93 22                 - ect"g.."
 2205  67 69 61 22 00 69 61 21                 - gia".ia!
 220d  00 00 00 00 00 00                       DP      void near initwinsock()
 2213  68 01 66 83 ed 7e 6e 65                 - h.f..~ne
 221b  74 6f 62 6a 65 63 74 15                 - tobject.
 2223  67 02 21                                - g.!
 2226  00 00 00 00 00 00                       DP      near netobject::netobject( objectdef near *, int, int, int, int, int, netnode near * )
 222c  84 54 6e 65 74 6f 62 6a                 - .Tnetobj
 2234  65 63 74 16 67 02 21                    - ect.g.!
 223b  00 00 00 00 00 00                       DP      void near netobject::sendobjpos( objpos near * )
 2241  83 55 73 65 6e 64 6f 62                 - .Usendob
 2249  6a 70 6f 73 16 67 02 21                 - jpos.g.!
 2251  00 00 00 00 00 00                       DP      void near netobject::recvobjpos( objpos near * )
 2257  83 55 72 65 63 76 6f 62                 - .Urecvob
 225f  6a 70 6f 73 10 67 01 84                 - jpos.g..
 2267  22 67 69 83 50 5f 5f 76                 - "gi.P__v
 226f  66 70 74 72 10 64 79 00                 - fptr.dy.
 2277  01 08 6e 65 74 75 70 64                 - ..netupd
 227f  61 74 65 64 0a 61 77 82                 - ated.aw.
 2287  ec 6f 62 6a 69 64 0a 61                 - .objid.a
 228f  73 83 4d 6e 6e 65 78 74                 - s.Mnnext
 2297  0a 61 6f 83 4d 6e 70 72                 - .ao.Mnpr
 229f  65 76 06 61 6b 83 35 6e                 - ev.ak.5n
 22a7  04 46 83 4b 15 12 03 84                 - .F.K....
 22af  84 73 65 63 75 72 65 70                 - .securep
 22b7  61 63 6b 65 74 5f 6f 75                 - acket_ou
 22bf  74 04 48 84 5a 0b 12 03                 - t.H.Z...
 22c7  84 65 70 61 63 6b 65 74                 - .epacket
 22cf  04 48 84 5c 06 72 84 5d                 - .H.\.r.]
 22d7  01 06 04 48 83 18 0a 72                 - ...H...r
 22df  12 03 83 33 84 5f 83 35                 - ...3._.5
 22e7  05 72 81 94 00 04 48 84                 - .r....H.
 22ef  5c 04 48 84 5c 07 72 84                 - \.H.\.r.
 22f7  62 01 84 63 08 60 05 00                 - b..c.`..
 22ff  01 00 00 00 12 67 02 21                 - .....g.!
 2307  00 00 00 00 00 00                       DP      near packet::packet( packet const near & )
 230d  84 64 70 61 63 6b 65 74                 - .dpacket
 2315  13 67 02 21                             - .g.!
 2319  00 00 00 00 00 00                       DP      char near * near packet::getname()
 231f  84 61 67 65 74 6e 61 6d                 - .agetnam
 2327  65 13 67 02 21                          - e.g.!
 232c  00 00 00 00 00 00                       DP      void near packet::process( netconnect near *, NETADDR near &, netnode near * )
 2332  84 60 70 72 6f 63 65 73                 - .`proces
 233a  73 12 67 02 21                          - s.g.!
 233f  00 00 00 00 00 00                       DP      near packet::packet( char )
 2345  84 5e 70 61 63 6b 65 74                 - .^packet
 234d  08 61 00 06 74 79 70 65                 - .a..type
 2355  0b 12 00 84 5c 70 61 63                 - ....\pac
 235d  6b 65 74 04 46 84 66 05                 - ket.F.f.
 2365  72 84 67 00 0d 12 04 84                 - r.g.....
 236d  72 70 5f 73 65 63 75 72                 - rp_secur
 2375  65 04 48 84 69 09 72 84                 - e.H.i.r.
 237d  6a 03 83 35 13 0c 04 48                 - j..5...H
 2385  83 18 0a 72 12 03 83 33                 - ...r...3
 238d  84 6c 83 35 07 72 13 02                 - .l.5.r..
 2395  81 2d 13 04 48 84 69 04                 - .-..H.i.
 239d  48 84 69 07 72 84 6f 01                 - H.i.r.o.
 23a5  84 70 08 60 08 00 03 00                 - .p.`....
 23ad  00 00 06 69 22 00 84 5c                 - ...i"..\
 23b5  14 67 02 21                             - .g.!
 23b9  00 00 00 00 00 00                       DP      near p_secure::p_secure( p_secure const near & )
 23bf  84 71 70 5f 73 65 63 75                 - .qp_secu
 23c7  72 65 17 67 02 21                       - re.g.!
 23cd  00 00 00 00 00 00                       DP      void near * near p_secure::operator new( int unsigned, void near * )
 23d3  84 6e 6f 70 65 72 61 74                 - .noperat
 23db  6f 72 6e 65 77 17 67 02                 - ornew.g.
 23e3  21                                      - !
 23e4  00 00 00 00 00 00                       DP      void near p_secure::processdata( netconnect near *, NETADDR near &, netnode near * )
 23ea  84 6d 70 72 6f 63 65 73                 - .mproces
 23f2  73 64 61 74 61 13 67 02                 - sdata.g.
 23fa  21                                      - !
 23fb  00 00 00 00 00 00                       DP      void near p_secure::process( netconnect near *, NETADDR near &, netnode near * )
 2401  84 6d 70 72 6f 63 65 73                 - .mproces
 2409  73 14 67 02 21                          - s.g.!
 240e  00 00 00 00 00 00                       DP      near p_secure::p_secure( netnode near *, void near *, int )
 2414  84 6b 70 5f 73 65 63 75                 - .kp_secu
 241c  72 65 18 67 02 21                       - re.g.!
 2422  00 00 00 00 00 00                       DP      packet near * near p_secure::getpacketptr()
 2428  84 68 67 65 74 70 61 63                 - .hgetpac
 2430  6b 65 74 70 74 72 08 61                 - ketptr.a
 2438  01 82 ec 70 69 64 0d 12                 - ...pid..
 2440  00 84 69 70 5f 73 65 63                 - ..ip_sec
 2448  75 72 65 04 46 84 73 0a                 - ure.F.s.
 2450  72 84 5b 03 83 35 84 74                 - r.[..5.t
 2458  0c 04 48 84 5a 04 48 84                 - ..H.Z.H.
 2460  5a 07 72 84 76 01 84 77                 - Z.r.v..w
 2468  11 12 03 84 83 73 65 63                 - .....sec
 2470  75 72 65 70 61 63 6b 65                 - urepacke
 2478  74 11 12 00 84 79 73 65                 - t....yse
 2480  63 75 72 65 70 61 63 6b                 - curepack
 2488  65 74 04 46 84 7a 04 46                 - et.F.z.F
 2490  84 69 04 46 84 7b 04 48                 - .i.F.{.H
 2498  84 79 0c 72 84 7e 04 83                 - .y.r.~..
 24a0  35 84 74 0c 84 7d 04 48                 - 5.t..}.H
 24a8  84 79 04 48 84 79 07 72                 - .y.H.y.r
 24b0  84 80 01 84 81 08 60 0b                 - ......`.
 24b8  00 1e 00 00 00 18 67 02                 - ......g.
 24c0  21                                      - !
 24c1  00 00 00 00 00 00                       DP      near securepacket::securepacket( securepacket const near & )
 24c7  84 82 73 65 63 75 72 65                 - ..secure
 24cf  70 61 63 6b 65 74 25 67                 - packet%g
 24d7  02 93 22 1a 69 61 22 00                 - ..".ia".
 24df  69 61 21                                - ia!
 24e2  00 00 00 00 00 00                       DP      void near initwinsock()
 24e8  68 01 66 83 ed 7e 73 65                 - h.f..~se
 24f0  63 75 72 65 70 61 63 6b                 - curepack
 24f8  65 74 18 67 02 21                       - et.g.!
 24fe  00 00 00 00 00 00                       DP      near securepacket::securepacket( netnode near *, p_secure near *, int, securepacket near * near * )
 2504  84 7f 73 65 63 75 72 65                 - ..secure
 250c  70 61 63 6b 65 74 10 67                 - packet.g
 2514  01 84 22 1a 69 83 50 5f                 - ..".i.P_
 251c  5f 76 66 70 74 72 09 61                 - _vfptr.a
 2524  16 84 7d 6c 69 73 74 08                 - ..}list.
 252c  61 12 0c 73 69 7a 65 07                 - a..size.
 2534  61 0e 84 7c 70 73 08 61                 - a..|ps.a
 253c  0c 82 ec 70 69 64 06 61                 - ...pid.a
 2544  08 83 35 6e 09 61 04 84                 - ..5n.a..
 254c  7b 6e 65 78 74 09 61 00                 - {next.a.
 2554  84 7b 70 72 65 76 08 60                 - .{prev.`
 255c  07 00 26 00 00 00 06 69                 - ..&....i
 2564  22 00 84 79 1c 67 02 21                 - "..y.g.!
 256c  00 00 00 00 00 00                       DP      near securepacket_out::securepacket_out( securepacket_out const near & )
 2572  84 78 73 65 63 75 72 65                 - .xsecure
 257a  70 61 63 6b 65 74 5f 6f                 - packet_o
 2582  75 74 29 67 02 93 22 1a                 - ut)g..".
 258a  69 61 22 00 69 61 21                    - ia".ia!
 2591  00 00 00 00 00 00                       DP      void near initwinsock()
 2597  68 01 66 83 ed 7e 73 65                 - h.f..~se
 259f  63 75 72 65 70 61 63 6b                 - curepack
 25a7  65 74 5f 6f 75 74 1c 67                 - et_out.g
 25af  02 21                                   - .!
 25b1  00 00 00 00 00 00                       DP      near securepacket_out::securepacket_out( netnode near *, p_secure near *, int )
 25b7  84 75 73 65 63 75 72 65                 - .usecure
 25bf  70 61 63 6b 65 74 5f 6f                 - packet_o
 25c7  75 74 10 67 02 21                       - ut.g.!
 25cd  00 00 00 00 00 00                       DP      void near securepacket_out::send()
 25d3  83 4e 73 65 6e 64 10 67                 - .Nsend.g
 25db  01 84 22 1a 69 83 50 5f                 - ..".i.P_
 25e3  5f 76 66 70 74 72 0f 61                 - _vfptr.a
 25eb  1e 83 4a 72 65 73 65 6e                 - ..Jresen
 25f3  64 74 69 6d 65 04 46 84                 - dtime.F.
 25fb  5a 14 12 03 84 8d 73 65                 - Z.....se
 2603  63 75 72 65 70 61 63 6b                 - curepack
 260b  65 74 5f 69 6e 04 48 84                 - et_in.H.
 2613  86 0a 72 84 87 03 83 35                 - ..r....5
 261b  84 74 0c 08 72 12 02 83                 - .t..r...
 2623  33 83 35 04 48 84 86 04                 - 3.5.H...
 262b  48 84 86 07 72 84 8a 01                 - H...r...
 2633  84 8b 08 60 06 00 1e 00                 - ...`....
 263b  00 00 06 69 22 00 84 79                 - ...i"..y
 2643  1b 67 02 21                             - .g.!
 2647  00 00 00 00 00 00                       DP      near securepacket_in::securepacket_in( securepacket_in const near & )
 264d  84 8c 73 65 63 75 72 65                 - ..secure
 2655  70 61 63 6b 65 74 5f 69                 - packet_i
 265d  6e 13 67 02 21                          - n.g.!
 2662  00 00 00 00 00 00                       DP      void near securepacket_in::process( netconnect near *, netnode near * )
 2668  84 89 70 72 6f 63 65 73                 - ..proces
 2670  73 28 67 02 93 22 1a 69                 - s(g..".i
 2678  61 22 00 69 61 21                       - a".ia!
 267e  00 00 00 00 00 00                       DP      void near initwinsock()
 2684  68 01 66 83 ed 7e 73 65                 - h.f..~se
 268c  63 75 72 65 70 61 63 6b                 - curepack
 2694  65 74 5f 69 6e 1b 67 02                 - et_in.g.
 269c  21                                      - !
 269d  00 00 00 00 00 00                       DP      near securepacket_in::securepacket_in( netnode near *, p_secure near *, int )
 26a3  84 88 73 65 63 75 72 65                 - ..secure
 26ab  70 61 63 6b 65 74 5f 69                 - packet_i
 26b3  6e 10 67 01 84 22 1a 69                 - n.g..".i
 26bb  83 50 5f 5f 76 66 70 74                 - .P__vfpt
 26c3  72 04 46 84 86 07 72 83                 - r.F...r.
 26cb  4d 01 82 ec 05 72 83 19                 - M....r..
 26d3  00 04 72 06 00 0b 12 00                 - ..r.....
 26db  84 5c 70 61 63 6b 65 74                 - .\packet
 26e3  04 46 84 92 07 72 0c 02                 - .F...r..
 26eb  84 93 0c 07 72 12 02 84                 - ....r...
 26f3  93 0c 0c 12 04 84 9d 6e                 - .......n
 26fb  65 74 6e 6f 64 65 04 48                 - etnode.H
 2703  84 96 04 46 83 3e 09 72                 - ...F.>.r
 270b  84 97 02 83 33 84 98 04                 - ....3...
 2713  48 84 96 04 48 84 96 07                 - H...H...
 271b  72 84 9a 01 84 9b 08 60                 - r......`
 2723  1c 00 5b 00 00 00 13 67                 - ..[....g
 272b  02 21                                   - .!
 272d  00 00 00 00 00 00                       DP      near netnode::netnode( netnode const near & )
 2733  84 9c 6e 65 74 6e 6f 64                 - ..netnod
 273b  65 13 67 02 21                          - e.g.!
 2740  00 00 00 00 00 00                       DP      near netnode::~netnode()
 2746  14 7e 6e 65 74 6e 6f 64                 - .~netnod
 274e  65 13 67 02 21                          - e.g.!
 2753  00 00 00 00 00 00                       DP      near netnode::netnode( netconnect near *, nodeinfo near * )
 2759  84 99 6e 65 74 6e 6f 64                 - ..netnod
 2761  65 16 67 02 21                          - e.g.!
 2766  00 00 00 00 00 00                       DP      void near netnode::sendsecure( packet near *, int )
 276c  84 95 73 65 6e 64 73 65                 - ..sendse
 2774  63 75 72 65 10 67 02 21                 - cure.g.!
 277c  00 00 00 00 00 00                       DP      int near netnode::send( packet near *, int )
 2782  84 94 73 65 6e 64 12 67                 - ..send.g
 278a  02 21                                   - .!
 278c  00 00 00 00 00 00                       DP      char near netnode::getnum()
 2792  84 91 67 65 74 6e 75 6d                 - ..getnum
 279a  13 67 02 21                             - .g.!
 279e  00 00 00 00 00 00                       DP      NETADDR near * near netnode::getaddr()
 27a4  84 90 67 65 74 61 64 64                 - ..getadd
 27ac  72 13 67 02 21                          - r.g.!
 27b1  00 00 00 00 00 00                       DP      char near * near netnode::getname()
 27b7  84 61 67 65 74 6e 61 6d                 - .agetnam
 27bf  65 1c 67 02 21                          - e.g.!
 27c4  00 00 00 00 00 00                       DP      void near netnode::processsecure_in()
 27ca  83 4e 70 72 6f 63 65 73                 - .Nproces
 27d2  73 73 65 63 75 72 65 5f                 - ssecure_
 27da  69 6e 1d 67 02 21                       - in.g.!
 27e0  00 00 00 00 00 00                       DP      void near netnode::processsecure_out()
 27e6  83 4e 70 72 6f 63 65 73                 - .Nproces
 27ee  73 73 65 63 75 72 65 5f                 - ssecure_
 27f6  6f 75 74 16 67 02 21                    - out.g.!
 27fd  00 00 00 00 00 00                       DP      void near netnode::sendobjpos()
 2803  83 4e 73 65 6e 64 6f 62                 - .Nsendob
 280b  6a 70 6f 73 16 67 02 21                 - jpos.g.!
 2813  00 00 00 00 00 00                       DP      netobject near * near netnode::findobject( short unsigned )
 2819  84 8f 66 69 6e 64 6f 62                 - ..findob
 2821  6a 65 63 74 09 61 57 84                 - ject.aW.
 2829  8e 70 5f 69 6e 0a 61 53                 - .p_in.aS
 2831  0c 6e 75 6d 5f 69 6e 0b                 - .num_in.
 2839  61 51 82 ec 70 69 64 5f                 - aQ..pid_
 2841  69 6e 0a 61 4d 84 85 70                 - in.aM..p
 2849  5f 6f 75 74 0b 61 49 0c                 - _out.aI.
 2851  6e 75 6d 5f 6f 75 74 0c                 - num_out.
 2859  61 47 82 ec 70 69 64 5f                 - aG..pid_
 2861  6f 75 74 0a 61 43 0c 6e                 - out.aC.n
 2869  75 6d 6f 62 6a 06 61 3f                 - umobj.a?
 2871  84 59 6f 0f 61 3d 82 ec                 - .Yo.a=..
 2879  6f 62 6a 69 64 63 6f 75                 - objidcou
 2881  6e 74 0b 61 39 0c 72 65                 - nt.a9.re
 2889  73 65 6e 64 73 10 61 31                 - sends.a1
 2891  83 4a 70 69 6e 67 74 69                 - .Jpingti
 2899  6d 65 6f 75 74 0c 61 2d                 - meout.a-
 28a1  0d 70 69 6e 67 74 69 6d                 - .pingtim
 28a9  65 09 61 0c 83 3e 69 6e                 - e.a..>in
 28b1  66 6f 09 61 08 83 35 6e                 - fo.a..5n
 28b9  65 78 74 09 61 04 83 35                 - ext.a..5
 28c1  70 72 65 76 07 61 00 83                 - prev.a..
 28c9  33 6e 63 04 46 83 34 04                 - 3nc.F.4.
 28d1  72 0c 00 07 72 84 9e 01                 - r...r...
 28d9  83 19 06 72 84 9e 01 06                 - ...r....
 28e1  04 46 84 5c 07 72 12 02                 - .F.\.r..
 28e9  84 a2 0c 09 72 0c 03 83                 - ....r...
 28f1  19 84 93 0c 05 72 12 01                 - .....r..
 28f9  20 04 48 83 31 07 72 84                 -  .H.1.r.
 2901  a6 02 0c 1e 04 48 83 31                 - .....H.1
 2909  04 48 83 31 07 72 84 a8                 - .H.1.r..
 2911  01 84 a9 08 60 1e 00 6d                 - ....`..m
 2919  00 00 00 16 67 02 21                    - ....g.!
 2920  00 00 00 00 00 00                       DP      near netconnect::netconnect( netconnect const near & )
 2926  84 aa 6e 65 74 63 6f 6e                 - ..netcon
 292e  6e 65 63 74 23 67 02 93                 - nect#g..
 2936  22 69 69 61 22 18 69 61                 - "iia".ia
 293e  21                                      - !
 293f  00 00 00 00 00 00                       DP      void near initwinsock()
 2945  68 01 66 83 ed 7e 6e 65                 - h.f..~ne
 294d  74 63 6f 6e 6e 65 63 74                 - tconnect
 2955  16 67 02 21                             - .g.!
 2959  00 00 00 00 00 00                       DP      near netconnect::netconnect( int, short unsigned )
 295f  84 a7 6e 65 74 63 6f 6e                 - ..netcon
 2967  6e 65 63 74 24 67 02 93                 - nect$g..
 296f  22 69 69 61 22 14 69 61                 - "iia".ia
 2977  21                                      - !
 2978  00 00 00 00 00 00                       DP      void near initwinsock()
 297e  68 01 66 83 8c 63 68 65                 - h.f..che
 2986  63 6b 74 69 6d 65 6f 75                 - cktimeou
 298e  74 21 67 02 93 22 69 69                 - t!g.."ii
 2996  61 22 10 69 61 21                       - a".ia!
 299c  00 00 00 00 00 00                       DP      void near initwinsock()
 29a2  68 01 66 83 8c 73 65 6e                 - h.f..sen
 29aa  64 70 69 6e 67 73 17 67                 - dpings.g
 29b2  02 21                                   - .!
 29b4  00 00 00 00 00 00                       DP      void near netconnect::socketerror( int unsigned )
 29ba  84 a5 73 6f 63 6b 65 74                 - ..socket
 29c2  65 72 72 6f 72 16 67 02                 - error.g.
 29ca  21                                      - !
 29cb  00 00 00 00 00 00                       DP      void near netconnect::socketrecv( int unsigned )
 29d1  84 a5 73 6f 63 6b 65 74                 - ..socket
 29d9  72 65 63 76 12 67 02 21                 - recv.g.!
 29e1  00 00 00 00 00 00                       DP      int near netconnect::sendto( NETADDR near *, packet near *, int )
 29e7  84 a4 73 65 6e 64 74 6f                 - ..sendto
 29ef  1b 67 02 21                             - .g.!
 29f3  00 00 00 00 00 00                       DP      void near netconnect::sendtoallsecure( packet near *, int )
 29f9  84 95 73 65 6e 64 74 6f                 - ..sendto
 2a01  61 6c 6c 73 65 63 75 72                 - allsecur
 2a09  65 15 67 02 21                          - e.g.!
 2a0e  00 00 00 00 00 00                       DP      void near netconnect::sendtoall( packet near *, int )
 2a14  84 a3 73 65 6e 64 74 6f                 - ..sendto
 2a1c  61 6c 6c 14 67 02 21                    - all.g.!
 2a23  00 00 00 00 00 00                       DP      netnode near * near netconnect::findnode( char )
 2a29  84 a1 66 69 6e 64 6e 6f                 - ..findno
 2a31  64 65 14 67 02 21                       - de.g.!
 2a37  00 00 00 00 00 00                       DP      netnode near * near netconnect::findnode( NETADDR near * )
 2a3d  84 a0 66 69 6e 64 6e 6f                 - ..findno
 2a45  64 65 20 67 02 93 22 69                 - de g.."i
 2a4d  69 61 22 0c 69 61 21                    - ia".ia!
 2a54  00 00 00 00 00 00                       DP      void near initwinsock()
 2a5a  68 01 66 84 9f 69 73 73                 - h.f..iss
 2a62  65 72 76 65 72 20 67 02                 - erver g.
 2a6a  93 22 69 69 61 22 08 69                 - ."iia".i
 2a72  61 21                                   - a!
 2a74  00 00 00 00 00 00                       DP      void near initwinsock()
 2a7a  68 01 66 84 9f 69 73 63                 - h.f..isc
 2a82  6c 69 65 6e 74 22 67 02                 - lient"g.
 2a8a  93 22 69 69 61 22 04 69                 - ."iia".i
 2a92  61 21                                   - a!
 2a94  00 00 00 00 00 00                       DP      void near initwinsock()
 2a9a  68 01 66 83 8c 64 69 73                 - h.f..dis
 2aa2  63 6f 6e 6e 65 63 74 1c                 - connect.
 2aaa  67 02 93 22 69 69 61 22                 - g.."iia"
 2ab2  00 69 61 21                             - .ia!
 2ab6  00 00 00 00 00 00                       DP      void near initwinsock()
 2abc  68 01 66 83 d7 74 69 63                 - h.f..tic
 2ac4  6b 10 67 01 84 22 69 69                 - k.g.."ii
 2acc  83 50 5f 5f 76 66 70 74                 - .P__vfpt
 2ad4  72 11 61 65 0c 64 69 73                 - r.ae.dis
 2adc  63 6f 6e 6e 65 63 74 69                 - connecti
 2ae4  6e 67 13 61 5d 83 4a 6f                 - ng.a].Jo
 2aec  62 6a 75 70 64 61 74 65                 - bjupdate
 2af4  74 69 6d 65 72 0c 61 59                 - timer.aY
 2afc  0c 6e 75 6d 6e 6f 64 65                 - .numnode
 2b04  73 06 61 55 84 9e 6e 0a                 - s.aU..n.
 2b0c  61 51 0c 61 63 74 69 76                 - aQ.activ
 2b14  65 0d 61 4d 0c 63 6f 6e                 - e.aM.con
 2b1c  6e 65 63 74 65 64 0e 61                 - nected.a
 2b24  45 83 4a 70 69 6e 67 74                 - E.Jpingt
 2b2c  69 6d 65 72 0e 61 24 83                 - imer.a$.
 2b34  3e 6c 6f 63 61 6c 69 6e                 - >localin
 2b3c  66 6f 0a 61 20 84 9e 6c                 - fo.a ..l
 2b44  6f 63 61 6c 0b 61 1c 84                 - ocal.a..
 2b4c  9e 73 65 72 76 65 72 08                 - .server.
 2b54  61 18 0c 73 69 7a 65 08                 - a..size.
 2b5c  61 14 81 94 62 75 66 06                 - a...buf.
 2b64  61 00 83 30 73 04 46 83                 - a..0s.F.
 2b6c  31 04 46 83 41 04 46 83                 - 1.F.A.F.
 2b74  03 04 46 82 f5 04 46 83                 - ..F...F.
 2b7c  37 0e 12 04 84 b7 6e 65                 - 7.....ne
 2b84  74 73 65 72 76 65 72 04                 - tserver.
 2b8c  48 84 b1 07 72 84 b2 02                 - H...r...
 2b94  0c 1e 04 48 84 b1 04 48                 - ...H...H
 2b9c  84 b1 07 72 84 b4 01 84                 - ...r....
 2ba4  b5 08 60 0b 00 6d 00 00                 - ..`..m..
 2bac  00 06 69 22 00 83 31 15                 - ..i"..1.
 2bb4  67 02 21                                - g.!
 2bb7  00 00 00 00 00 00                       DP      near netserver::netserver( netserver const near & )
 2bbd  84 b6 6e 65 74 73 65 72                 - ..netser
 2bc5  76 65 72 22 67 02 93 22                 - ver"g.."
 2bcd  69 69 61 22 04 69 61 21                 - iia".ia!
 2bd5  00 00 00 00 00 00                       DP      int near netserver::isclient()
 2bdb  68 01 66 83 d7 64 69 73                 - h.f..dis
 2be3  63 6f 6e 6e 65 63 74 24                 - connect$
 2beb  67 02 93 22 69 69 61 22                 - g.."iia"
 2bf3  14 69 61 21                             - .ia!
 2bf7  00 00 00 00 00 00                       DP      int near netserver::isclient()
 2bfd  68 01 66 83 d7 63 68 65                 - h.f..che
 2c05  63 6b 74 69 6d 65 6f 75                 - cktimeou
 2c0d  74 21 67 02 93 22 69 69                 - t!g.."ii
 2c15  61 22 10 69 61 21                       - a".ia!
 2c1b  00 00 00 00 00 00                       DP      int near netserver::isclient()
 2c21  68 01 66 83 d7 73 65 6e                 - h.f..sen
 2c29  64 70 69 6e 67 73 20 67                 - dpings g
 2c31  02 93 22 69 69 61 22 0c                 - .."iia".
 2c39  69 61 21                                - ia!
 2c3c  00 00 00 00 00 00                       DP      int near netserver::isclient()
 2c42  68 01 66 84 28 69 73 73                 - h.f.(iss
 2c4a  65 72 76 65 72 20 67 02                 - erver g.
 2c52  93 22 69 69 61 22 08 69                 - ."iia".i
 2c5a  61 21                                   - a!
 2c5c  00 00 00 00 00 00                       DP      int near netserver::isclient()
 2c62  68 01 66 84 28 69 73 63                 - h.f.(isc
 2c6a  6c 69 65 6e 74 1c 67 02                 - lient.g.
 2c72  93 22 69 69 61 22 00 69                 - ."iia".i
 2c7a  61 21                                   - a!
 2c7c  00 00 00 00 00 00                       DP      int near netserver::isclient()
 2c82  68 01 66 83 d7 74 69 63                 - h.f..tic
 2c8a  6b 22 67 02 93 22 69 69                 - k"g.."ii
 2c92  61 22 18 69 61 21                       - a".ia!
 2c98  00 00 00 00 00 00                       DP      int near netserver::isclient()
 2c9e  68 01 66 83 ed 7e 6e 65                 - h.f..~ne
 2ca6  74 73 65 72 76 65 72 15                 - tserver.
 2cae  67 02 21                                - g.!
 2cb1  00 00 00 00 00 00                       DP      near netserver::netserver( int, short unsigned )
 2cb7  84 b3 6e 65 74 73 65 72                 - ..netser
 2cbf  76 65 72 10 67 01 84 22                 - ver.g.."
 2cc7  69 69 83 50 5f 5f 76 66                 - ii.P__vf
 2ccf  70 74 72 04 46 84 b1 04                 - ptr.F...
 2cd7  46 84 b1 0e 12 04 84 c0                 - F.......
 2cdf  6e 65 74 63 6c 69 65 6e                 - netclien
 2ce7  74 04 48 84 ba 07 72 84                 - t.H...r.
 2cef  bb 01 83 19 04 48 84 ba                 - .....H..
 2cf7  04 48 84 ba 07 72 84 bd                 - .H...r..
 2cff  01 84 be 08 60 0d 00 7d                 - ....`..}
 2d07  00 00 00 06 69 22 00 83                 - ....i"..
 2d0f  31 15 67 02 21                          - 1.g.!
 2d14  00 00 00 00 00 00                       DP      near netclient::netclient( netclient const near & )
 2d1a  84 bf 6e 65 74 63 6c 69                 - ..netcli
 2d22  65 6e 74 22 67 02 93 22                 - ent"g.."
 2d2a  69 69 61 22 04 69 61 21                 - iia".ia!
 2d32  00 00 00 00 00 00                       DP      int near netclient::isclient()
 2d38  68 01 66 83 d7 64 69 73                 - h.f..dis
 2d40  63 6f 6e 6e 65 63 74 22                 - connect"
 2d48  67 02 93 22 69 69 61 22                 - g.."iia"
 2d50  18 69 61 21                             - .ia!
 2d54  00 00 00 00 00 00                       DP      int near netclient::isclient()
 2d5a  68 01 66 83 ed 7e 6e 65                 - h.f..~ne
 2d62  74 63 6c 69 65 6e 74 15                 - tclient.
 2d6a  67 02 21                                - g.!
 2d6d  00 00 00 00 00 00                       DP      near netclient::netclient( NETADDR near * )
 2d73  84 bc 6e 65 74 63 6c 69                 - ..netcli
 2d7b  65 6e 74 24 67 02 93 22                 - ent$g.."
 2d83  69 69 61 22 14 69 61 21                 - iia".ia!
 2d8b  00 00 00 00 00 00                       DP      int near netclient::isclient()
 2d91  68 01 66 83 d7 63 68 65                 - h.f..che
 2d99  63 6b 74 69 6d 65 6f 75                 - cktimeou
 2da1  74 21 67 02 93 22 69 69                 - t!g.."ii
 2da9  61 22 10 69 61 21                       - a".ia!
 2daf  00 00 00 00 00 00                       DP      int near netclient::isclient()
 2db5  68 01 66 83 d7 73 65 6e                 - h.f..sen
 2dbd  64 70 69 6e 67 73 20 67                 - dpings g
 2dc5  02 93 22 69 69 61 22 0c                 - .."iia".
 2dcd  69 61 21                                - ia!
 2dd0  00 00 00 00 00 00                       DP      int near netclient::isclient()
 2dd6  68 01 66 84 28 69 73 73                 - h.f.(iss
 2dde  65 72 76 65 72 20 67 02                 - erver g.
 2de6  93 22 69 69 61 22 08 69                 - ."iia".i
 2dee  61 21                                   - a!
 2df0  00 00 00 00 00 00                       DP      int near netclient::isclient()
 2df6  68 01 66 84 28 69 73 63                 - h.f.(isc
 2dfe  6c 69 65 6e 74 1c 67 02                 - lient.g.
 2e06  93 22 69 69 61 22 00 69                 - ."iia".i
 2e0e  61 21                                   - a!
 2e10  00 00 00 00 00 00                       DP      int near netclient::isclient()
 2e16  68 01 66 83 d7 74 69 63                 - h.f..tic
 2e1e  6b 10 67 01 84 22 69 69                 - k.g.."ii
 2e26  83 50 5f 5f 76 66 70 74                 - .P__vfpt
 2e2e  72 13 61 75 83 4a 63 6f                 - r.au.Jco
 2e36  6e 6e 65 63 74 74 69 6d                 - nnecttim
 2e3e  65 6f 75 74 11 61 6d 83                 - eout.am.
 2e46  4a 63 6f 6e 6e 65 63 74                 - Jconnect
 2e4e  74 69 6d 65 72 04 46 84                 - timer.F.
 2e56  ba 04 46 84 ba 04 46 84                 - ..F...F.
 2e5e  96 04 46 84 5c 0e 12 03                 - ..F.\...
 2e66  84 cb 70 5f 63 6f 6e 6e                 - ..p_conn
 2e6e  65 63 74 04 48 84 c5 07                 - ect.H...
 2e76  72 84 c6 01 84 98 04 48                 - r......H
 2e7e  84 c5 04 48 84 c5 07 72                 - ...H...r
 2e86  84 c8 01 84 c9 08 60 05                 - ......`.
 2e8e  00 22 00 00 00 06 69 22                 - ."....i"
 2e96  00 84 5c 15 67 02 21                    - ..\.g.!
 2e9d  00 00 00 00 00 00                       DP      near p_connect::p_connect( p_connect const near & )
 2ea3  84 ca 70 5f 63 6f 6e 6e                 - ..p_conn
 2eab  65 63 74 13 67 02 21                    - ect.g.!
 2eb2  00 00 00 00 00 00                       DP      void near p_connect::process( netconnect near *, NETADDR near &, netnode near * )
 2eb8  84 6d 70 72 6f 63 65 73                 - .mproces
 2ec0  73 15 67 02 21                          - s.g.!
 2ec5  00 00 00 00 00 00                       DP      near p_connect::p_connect( nodeinfo near * )
 2ecb  84 c7 70 5f 63 6f 6e 6e                 - ..p_conn
 2ed3  65 63 74 09 61 01 83 3e                 - ect.a..>
 2edb  69 6e 66 6f 04 46 84 c5                 - info.F..
 2ee3  0b 12 03 84 d3 70 5f 71                 - .....p_q
 2eeb  75 69 74 04 48 84 cd 07                 - uit.H...
 2ef3  72 84 ce 02 06 06 04 48                 - r......H
 2efb  84 cd 04 48 84 cd 07 72                 - ...H...r
 2f03  84 d0 01 84 d1 08 60 06                 - ......`.
 2f0b  00 03 00 00 00 06 69 22                 - ......i"
 2f13  00 84 5c 12 67 02 21                    - ..\.g.!
 2f1a  00 00 00 00 00 00                       DP      near p_quit::p_quit( p_quit const near & )
 2f20  84 d2 70 5f 71 75 69 74                 - ..p_quit
 2f28  13 67 02 21                             - .g.!
 2f2c  00 00 00 00 00 00                       DP      void near p_quit::process( netconnect near *, NETADDR near &, netnode near * )
 2f32  84 6d 70 72 6f 63 65 73                 - .mproces
 2f3a  73 12 67 02 21                          - s.g.!
 2f3f  00 00 00 00 00 00                       DP      near p_quit::p_quit( char, char )
 2f45  84 cf 70 5f 71 75 69 74                 - ..p_quit
 2f4d  07 61 02 06 6e 75 6d 0a                 - .a..num.
 2f55  61 01 06 72 65 61 73 6f                 - a..reaso
 2f5d  6e 04 46 84 cd 05 72 83                 - n.F...r.
 2f65  54 00 0d 12 03 84 dc 70                 - T......p
 2f6d  5f 6f 62 6a 70 6f 73 04                 - _objpos.
 2f75  48 84 d6 07 72 84 d7 01                 - H...r...
 2f7d  82 ed 04 48 84 d6 04 48                 - ...H...H
 2f85  84 d6 07 72 84 d9 01 84                 - ...r....
 2f8d  da 08 60 0a 00 03 00 00                 - ..`.....
 2f95  00 06 69 22 00 84 5c 14                 - ..i"..\.
 2f9d  67 02 21                                - g.!
 2fa0  00 00 00 00 00 00                       DP      near p_objpos::p_objpos( p_objpos const near & )
 2fa6  84 db 70 5f 6f 62 6a 70                 - ..p_objp
 2fae  6f 73 17 67 02 21                       - os.g.!
 2fb4  00 00 00 00 00 00                       DP      void near * near p_objpos::operator new( int unsigned, void near * )
 2fba  84 6e 6f 70 65 72 61 74                 - .noperat
 2fc2  6f 72 6e 65 77 13 67 02                 - ornew.g.
 2fca  21                                      - !
 2fcb  00 00 00 00 00 00                       DP      int near p_objpos::getsize()
 2fd1  83 0a 67 65 74 73 69 7a                 - ..getsiz
 2fd9  65 14 67 02 21                          - e.g.!
 2fde  00 00 00 00 00 00                       DP      objpos near * near p_objpos::allocate()
 2fe4  84 d5 61 6c 6c 6f 63 61                 - ..alloca
 2fec  74 65 13 67 02 21                       - te.g.!
 2ff2  00 00 00 00 00 00                       DP      void near p_objpos::process( netconnect near *, NETADDR near &, netnode near * )
 2ff8  84 6d 70 72 6f 63 65 73                 - .mproces
 3000  73 14 67 02 21                          - s.g.!
 3005  00 00 00 00 00 00                       DP      near p_objpos::p_objpos( char unsigned )
 300b  84 d8 70 5f 6f 62 6a 70                 - ..p_objp
 3013  6f 73 11 67 02 21                       - os.g.!
 3019  00 00 00 00 00 00                       DP      objpos near * near p_objpos::getop()
 301f  84 d5 67 65 74 6f 70 08                 - ..getop.
 3027  61 02 82 ed 6e 75 6d 09                 - a...num.
 302f  61 01 82 ed 6e 6f 64 65                 - a...node
 3037  04 46 84 d6 04 46 84 d6                 - .F...F..
 303f  0b 12 03 84 e5 70 5f 70                 - .....p_p
 3047  69 6e 67 04 48 84 df 06                 - ing.H...
 304f  72 84 e0 01 0d 04 48 84                 - r.....H.
 3057  df 04 48 84 df 07 72 84                 - ..H...r.
 305f  e2 01 84 e3 08 60 05 00                 - .....`..
 3067  05 00 00 00 06 69 22 00                 - .....i".
 306f  84 5c 12 67 02 21                       - .\.g.!
 3075  00 00 00 00 00 00                       DP      near p_ping::p_ping( p_ping const near & )
 307b  84 e4 70 5f 70 69 6e 67                 - ..p_ping
 3083  13 67 02 21                             - .g.!
 3087  00 00 00 00 00 00                       DP      void near p_ping::process( netconnect near *, NETADDR near &, netnode near * )
 308d  84 6d 70 72 6f 63 65 73                 - .mproces
 3095  73 12 67 02 21                          - s.g.!
 309a  00 00 00 00 00 00                       DP      near p_ping::p_ping( int unsigned )
 30a0  84 e1 70 5f 70 69 6e 67                 - ..p_ping
 30a8  08 61 01 0d 74 69 6d 65                 - .a..time
 30b0  04 46 84 df 05 21 00 01                 - .F...!..
 30b8  06 05 21 80 00 06 08 60                 - ..!....`
 30c0  07 00 8e 01 00 00 12 62                 - .......b
 30c8  8a 01 81 94 6c 70 56 65                 - ....lpVe
 30d0  6e 64 6f 72 49 6e 66 6f                 - ndorInfo
 30d8  0e 62 88 01 0b 69 4d 61                 - .b...iMa
 30e0  78 55 64 70 44 67 10 62                 - xUdpDg.b
 30e8  86 01 0b 69 4d 61 78 53                 - ...iMaxS
 30f0  6f 63 6b 65 74 73 14 62                 - ockets.b
 30f8  05 01 84 e8 73 7a 53 79                 - ....szSy
 3100  73 74 65 6d 53 74 61 74                 - stemStat
 3108  75 73 12 61 04 84 e7 73                 - us.a...s
 3110  7a 44 65 73 63 72 69 70                 - zDescrip
 3118  74 69 6f 6e 11 61 02 81                 - tion.a..
 3120  a1 77 48 69 67 68 56 65                 - .wHighVe
 3128  72 73 69 6f 6e 0d 61 00                 - rsion.a.
 3130  81 a1 77 56 65 72 73 69                 - ..wVersi
 3138  6f 6e 0c 12 03 84 e9 57                 - on.....W
 3140  53 41 44 61 74 61 0c 12                 - SAData..
 3148  00 84 ea 57 53 41 44 41                 - ...WSADA
 3150  54 41 0c 12 00 84 96 6e                 - TA.....n
 3158  65 74 6e 6f 64 65 04 46                 - etnode.F
 3160  84 ec 05 21 ff 01 06 0d                 - ...!....
 3168  12 00 84 d6 70 5f 6f 62                 - ....p_ob
 3170  6a 70 6f 73 04 46 84 ef                 - jpos.F..
 3178  04 20 31 06 04 46 81 94                 - . 1..F..
 3180  08 60 05 00 10 00 00 00                 - .`......
 3188  10 61 0c 84 f2 68 5f 61                 - .a...h_a
 3190  64 64 72 5f 6c 69 73 74                 - ddr_list
 3198  0c 61 0a 0a 68 5f 6c 65                 - .a..h_le
 31a0  6e 67 74 68 0e 61 08 0a                 - ngth.a..
 31a8  68 5f 61 64 64 72 74 79                 - h_addrty
 31b0  70 65 0e 61 04 84 f2 68                 - pe.a...h
 31b8  5f 61 6c 69 61 73 65 73                 - _aliases
 31c0  0b 61 00 81 94 68 5f 6e                 - .a...h_n
 31c8  61 6d 65 0c 12 03 84 f3                 - ame.....
 31d0  68 6f 73 74 65 6e 74 0c                 - hostent.
 31d8  12 00 84 f4 68 6f 73 74                 - ....host
 31e0  65 6e 74 04 46 84 f5 04                 - ent.F...
 31e8  46 83 31 0b 12 00 84 cd                 - F.1.....
 31f0  70 5f 71 75 69 74 15 12                 - p_quit..
 31f8  00 84 5a 73 65 63 75 72                 - ..Zsecur
 3200  65 70 61 63 6b 65 74 5f                 - epacket_
 3208  6f 75 74 04 46 84 f9 0b                 - out.F...
 3210  12 00 84 df 70 5f 70 69                 - ....p_pi
 3218  6e 67 0e 12 00 84 c5 70                 - ng.....p
 3220  5f 63 6f 6e 6e 65 63 74                 - _connect
 3228  06 72 12 02 20 0c 07 72                 - .r.. ..r
 3230  12 03 20 0c 0c 11 12 00                 - .. .....
 3238  84 79 73 65 63 75 72 65                 - .ysecure
 3240  70 61 63 6b 65 74 04 46                 - packet.F
 3248  84 ff 04 46 84 79 04 46                 - ...F.y.F
 3250  85 00 04 46 84 86 04 46                 - ...F...F
 3258  84 5a 04 46 83 12 02 14                 - .Z.F....

No disassembly errors

------------------------------------------------------------

Comdat: void near uutimer::set( int unsigned )  SEGMENT ANY '_TEXT'  0000002c bytes  
 0000  55                                push    ebp
 0001  89 e5                             mov     ebp,esp
 0003  83 ec 08                          sub     esp,00000008H
 0006  89 45 f8                          mov     -8H[ebp],eax
 0009  89 55 fc                          mov     -4H[ebp],edx
 000c  8b 45 fc                          mov     eax,-4H[ebp]
 000f  8b 55 f8                          mov     edx,-8H[ebp]
 0012  89 42 04                          mov     +4H[edx],eax
 0015  a1 00 00 00 00                    mov     eax,int unsigned volatile near uu
 001a  8b 55 f8                          mov     edx,-8H[ebp]
 001d  03 42 04                          add     eax,+4H[edx]
 0020  8b 55 f8                          mov     edx,-8H[ebp]
 0023  89 02                             mov     [edx],eax
 0025  89 ec                             mov     esp,ebp
 0027  5d                                pop     ebp
 0028  c3                                ret     
 0029  8d 40 00                          lea     eax,+0H[eax]

No disassembly errors

------------------------------------------------------------

Comdat: void near uutimer::reset()  SEGMENT ANY '_TEXT'  00000020 bytes  
 0000  52                                push    edx
 0001  55                                push    ebp
 0002  89 e5                             mov     ebp,esp
 0004  83 ec 04                          sub     esp,00000004H
 0007  89 45 fc                          mov     -4H[ebp],eax
 000a  8b 55 fc                          mov     edx,-4H[ebp]
 000d  8b 52 04                          mov     edx,+4H[edx]
 0010  8b 45 fc                          mov     eax,-4H[ebp]
 0013  e8 00 00 00 00                    call    void near uutimer::set( int unsigned )
 0018  89 ec                             mov     esp,ebp
 001a  5d                                pop     ebp
 001b  5a                                pop     edx
 001c  c3                                ret     
 001d  8d 40 00                          lea     eax,+0H[eax]

No disassembly errors

------------------------------------------------------------

Comdat: int near uutimer::check()  SEGMENT ANY '_TEXT'  00000024 bytes  
 0000  52                                push    edx
 0001  55                                push    ebp
 0002  89 e5                             mov     ebp,esp
 0004  83 ec 04                          sub     esp,00000004H
 0007  89 45 fc                          mov     -4H[ebp],eax
 000a  8b 15 00 00 00 00                 mov     edx,int unsigned volatile near uu
 0010  8b 45 fc                          mov     eax,-4H[ebp]
 0013  3b 10                             cmp     edx,[eax]
 0015  0f 93 c0                          setae   al
 0018  25 ff 00 00 00                    and     eax,000000ffH
 001d  89 ec                             mov     esp,ebp
 001f  5d                                pop     ebp
 0020  5a                                pop     edx
 0021  c3                                ret     
 0022  8b c0                             mov     eax,eax

No disassembly errors

------------------------------------------------------------

Comdat: near uutimer::uutimer( int unsigned )  SEGMENT ANY '_TEXT'  00000020 bytes  
 0000  55                                push    ebp
 0001  89 e5                             mov     ebp,esp
 0003  83 ec 08                          sub     esp,00000008H
 0006  89 45 f8                          mov     -8H[ebp],eax
 0009  89 55 fc                          mov     -4H[ebp],edx
 000c  8b 55 fc                          mov     edx,-4H[ebp]
 000f  8b 45 f8                          mov     eax,-8H[ebp]
 0012  e8 00 00 00 00                    call    void near uutimer::set( int unsigned )
 0017  8b 45 f8                          mov     eax,-8H[ebp]
 001a  89 ec                             mov     esp,ebp
 001c  5d                                pop     ebp
 001d  c3                                ret     
 001e  8b c0                             mov     eax,eax

No disassembly errors

------------------------------------------------------------

Comdat: near NETADDR::NETADDR()  SEGMENT ANY '_TEXT'  00000010 bytes  
 0000  55                                push    ebp
 0001  89 e5                             mov     ebp,esp
 0003  83 ec 04                          sub     esp,00000004H
 0006  89 45 fc                          mov     -4H[ebp],eax
 0009  8b 45 fc                          mov     eax,-4H[ebp]
 000c  89 ec                             mov     esp,ebp
 000e  5d                                pop     ebp
 000f  c3                                ret     

No disassembly errors

------------------------------------------------------------

Comdat: near NETADDR::NETADDR( int )  SEGMENT ANY '_TEXT'  0000001c bytes  
 0000  55                                push    ebp
 0001  89 e5                             mov     ebp,esp
 0003  83 ec 08                          sub     esp,00000008H
 0006  89 45 f8                          mov     -8H[ebp],eax
 0009  89 55 fc                          mov     -4H[ebp],edx
 000c  8b 45 fc                          mov     eax,-4H[ebp]
 000f  8b 55 f8                          mov     edx,-8H[ebp]
 0012  66 89 02                          mov     [edx],ax
 0015  8b 45 f8                          mov     eax,-8H[ebp]
 0018  89 ec                             mov     esp,ebp
 001a  5d                                pop     ebp
 001b  c3                                ret     

No disassembly errors

------------------------------------------------------------

Comdat: int near NETADDR::getaf()  SEGMENT ANY '_TEXT'  00000018 bytes  
 0000  55                                push    ebp
 0001  89 e5                             mov     ebp,esp
 0003  83 ec 04                          sub     esp,00000004H
 0006  89 45 fc                          mov     -4H[ebp],eax
 0009  8b 45 fc                          mov     eax,-4H[ebp]
 000c  66 8b 00                          mov     ax,[eax]
 000f  25 ff ff 00 00                    and     eax,0000ffffH
 0014  89 ec                             mov     esp,ebp
 0016  5d                                pop     ebp
 0017  c3                                ret     

No disassembly errors

------------------------------------------------------------

Comdat: near udpsocket::udpsocket( int )  SEGMENT ANY '_TEXT'  00000028 bytes  
 0000  53                                push    ebx
 0001  55                                push    ebp
 0002  89 e5                             mov     ebp,esp
 0004  83 ec 08                          sub     esp,00000008H
 0007  89 45 f8                          mov     -8H[ebp],eax
 000a  89 55 fc                          mov     -4H[ebp],edx
 000d  8b 55 fc                          mov     edx,-4H[ebp]
 0010  8b 45 f8                          mov     eax,-8H[ebp]
 0013  bb 02 00 00 00                    mov     ebx,00000002H
 0018  e8 00 00 00 00                    call    near Socket::Socket( int, int )
 001d  89 45 f8                          mov     -8H[ebp],eax
 0020  8b 45 f8                          mov     eax,-8H[ebp]
 0023  89 ec                             mov     esp,ebp
 0025  5d                                pop     ebp
 0026  5b                                pop     ebx
 0027  c3                                ret     

No disassembly errors

------------------------------------------------------------

Comdat: near nodeinfo::nodeinfo()  SEGMENT ANY '_TEXT'  0000002c bytes  
 0000  55                                push    ebp
 0001  89 e5                             mov     ebp,esp
 0003  83 ec 04                          sub     esp,00000004H
 0006  89 45 fc                          mov     -4H[ebp],eax
 0009  8b 45 fc                          mov     eax,-4H[ebp]
 000c  40                                inc     eax
 000d  e8 00 00 00 00                    call    near NETADDR::NETADDR()
 0012  48                                dec     eax
 0013  89 45 fc                          mov     -4H[ebp],eax
 0016  8b 45 fc                          mov     eax,-4H[ebp]
 0019  c6 00 00                          mov     byte ptr [eax],00H
 001c  8b 45 fc                          mov     eax,-4H[ebp]
 001f  c6 40 11 00                       mov     byte ptr +11H[eax],00H
 0023  8b 45 fc                          mov     eax,-4H[ebp]
 0026  89 ec                             mov     esp,ebp
 0028  5d                                pop     ebp
 0029  c3                                ret     
 002a  8b c0                             mov     eax,eax

No disassembly errors

------------------------------------------------------------

Comdat: int near netserver::isclient()  SEGMENT ANY '_TEXT'  00000010 bytes  
 0000  55                                push    ebp
 0001  89 e5                             mov     ebp,esp
 0003  83 ec 04                          sub     esp,00000004H
 0006  89 45 fc                          mov     -4H[ebp],eax
 0009  31 c0                             xor     eax,eax
 000b  89 ec                             mov     esp,ebp
 000d  5d                                pop     ebp
 000e  c3                                ret     
 000f  90                                nop     

No disassembly errors

------------------------------------------------------------

Comdat: int near netserver::isserver()  SEGMENT ANY '_TEXT'  00000014 bytes  
 0000  55                                push    ebp
 0001  89 e5                             mov     ebp,esp
 0003  83 ec 04                          sub     esp,00000004H
 0006  89 45 fc                          mov     -4H[ebp],eax
 0009  b8 01 00 00 00                    mov     eax,00000001H
 000e  89 ec                             mov     esp,ebp
 0010  5d                                pop     ebp
 0011  c3                                ret     
 0012  8b c0                             mov     eax,eax

No disassembly errors

------------------------------------------------------------

Comdat: int near netclient::isclient()  SEGMENT ANY '_TEXT'  00000014 bytes  
 0000  55                                push    ebp
 0001  89 e5                             mov     ebp,esp
 0003  83 ec 04                          sub     esp,00000004H
 0006  89 45 fc                          mov     -4H[ebp],eax
 0009  b8 01 00 00 00                    mov     eax,00000001H
 000e  89 ec                             mov     esp,ebp
 0010  5d                                pop     ebp
 0011  c3                                ret     
 0012  8b c0                             mov     eax,eax

No disassembly errors

------------------------------------------------------------

Comdat: int near netclient::isserver()  SEGMENT ANY '_TEXT'  00000010 bytes  
 0000  55                                push    ebp
 0001  89 e5                             mov     ebp,esp
 0003  83 ec 04                          sub     esp,00000004H
 0006  89 45 fc                          mov     -4H[ebp],eax
 0009  31 c0                             xor     eax,eax
 000b  89 ec                             mov     esp,ebp
 000d  5d                                pop     ebp
 000e  c3                                ret     
 000f  90                                nop     

No disassembly errors

------------------------------------------------------------

Comdat: char near * near netnode::getname()  SEGMENT ANY '_TEXT'  00000014 bytes  
 0000  55                                push    ebp
 0001  89 e5                             mov     ebp,esp
 0003  83 ec 04                          sub     esp,00000004H
 0006  89 45 fc                          mov     -4H[ebp],eax
 0009  8b 45 fc                          mov     eax,-4H[ebp]
 000c  83 c0 1d                          add     eax,0000001dH
 000f  89 ec                             mov     esp,ebp
 0011  5d                                pop     ebp
 0012  c3                                ret     
 0013  90                                nop     

No disassembly errors

------------------------------------------------------------

Comdat: NETADDR near * near netnode::getaddr()  SEGMENT ANY '_TEXT'  00000014 bytes  
 0000  55                                push    ebp
 0001  89 e5                             mov     ebp,esp
 0003  83 ec 04                          sub     esp,00000004H
 0006  89 45 fc                          mov     -4H[ebp],eax
 0009  8b 45 fc                          mov     eax,-4H[ebp]
 000c  83 c0 0d                          add     eax,0000000dH
 000f  89 ec                             mov     esp,ebp
 0011  5d                                pop     ebp
 0012  c3                                ret     
 0013  90                                nop     

No disassembly errors

------------------------------------------------------------

Comdat: char near netnode::getnum()  SEGMENT ANY '_TEXT'  00000014 bytes  
 0000  55                                push    ebp
 0001  89 e5                             mov     ebp,esp
 0003  83 ec 04                          sub     esp,00000004H
 0006  89 45 fc                          mov     -4H[ebp],eax
 0009  8b 45 fc                          mov     eax,-4H[ebp]
 000c  8a 40 0c                          mov     al,+0cH[eax]
 000f  89 ec                             mov     esp,ebp
 0011  5d                                pop     ebp
 0012  c3                                ret     
 0013  90                                nop     

No disassembly errors

------------------------------------------------------------

Comdat: int near netnode::send( packet near *, int )  SEGMENT ANY '_TEXT'  0000002c bytes  
 0000  51                                push    ecx
 0001  55                                push    ebp
 0002  89 e5                             mov     ebp,esp
 0004  83 ec 0c                          sub     esp,0000000cH
 0007  89 45 f4                          mov     -0cH[ebp],eax
 000a  89 55 f8                          mov     -8H[ebp],edx
 000d  89 5d fc                          mov     -4H[ebp],ebx
 0010  8b 4d fc                          mov     ecx,-4H[ebp]
 0013  8b 5d f8                          mov     ebx,-8H[ebp]
 0016  8b 55 f4                          mov     edx,-0cH[ebp]
 0019  83 c2 0d                          add     edx,0000000dH
 001c  8b 45 f4                          mov     eax,-0cH[ebp]
 001f  8b 00                             mov     eax,[eax]
 0021  e8 00 00 00 00                    call    int near Socket::sendto( NETADDR near *, void near *, int )
 0026  89 ec                             mov     esp,ebp
 0028  5d                                pop     ebp
 0029  59                                pop     ecx
 002a  c3                                ret     
 002b  90                                nop     

No disassembly errors

------------------------------------------------------------

Comdat: near packet::packet( char )  SEGMENT ANY '_TEXT'  0000001c bytes  
 0000  55                                push    ebp
 0001  89 e5                             mov     ebp,esp
 0003  83 ec 08                          sub     esp,00000008H
 0006  89 45 f8                          mov     -8H[ebp],eax
 0009  88 55 fc                          mov     -4H[ebp],dl
 000c  8a 45 fc                          mov     al,-4H[ebp]
 000f  8b 55 f8                          mov     edx,-8H[ebp]
 0012  88 02                             mov     [edx],al
 0014  8b 45 f8                          mov     eax,-8H[ebp]
 0017  89 ec                             mov     esp,ebp
 0019  5d                                pop     ebp
 001a  c3                                ret     
 001b  90                                nop     

No disassembly errors

------------------------------------------------------------

Comdat: void near packet::process( netconnect near *, NETADDR near &, netnode near * )  SEGMENT ANY '_TEXT'  00000050 bytes  
 0000  56                                push    esi
 0001  55                                push    ebp
 0002  89 e5                             mov     ebp,esp
 0004  83 ec 14                          sub     esp,00000014H
 0007  89 45 ec                          mov     -14H[ebp],eax
 000a  89 55 f0                          mov     -10H[ebp],edx
 000d  89 5d f4                          mov     -0cH[ebp],ebx
 0010  89 4d f8                          mov     -8H[ebp],ecx
 0013  8b 75 ec                          mov     esi,-14H[ebp]
 0016  0f b6 36                          movzx   esi,byte ptr [esi]
 0019  8d 04 b5 00 00 00 
       00                                lea     eax,+0H[esi*4]
 0020  29 f0                             sub     eax,esi
 0022  ba 00 00 00 00                    mov     edx,offset void (near packet::* near packetfuncptrs[])( netconnect near *, NETADDR near &, netnode near * )
 0027  c1 e0 02                          shl     eax,02H
 002a  01 c2                             add     edx,eax
 002c  8b 75 ec                          mov     esi,-14H[ebp]
 002f  8b 5a 04                          mov     ebx,+4H[edx]
 0032  01 de                             add     esi,ebx
 0034  89 f0                             mov     eax,esi
 0036  ff 12                             call    dword ptr [edx]
 0038  89 45 fc                          mov     -4H[ebp],eax
 003b  8b 4d f8                          mov     ecx,-8H[ebp]
 003e  8b 5d f4                          mov     ebx,-0cH[ebp]
 0041  8b 55 f0                          mov     edx,-10H[ebp]
 0044  89 f0                             mov     eax,esi
 0046  ff 55 fc                          call    dword ptr -4H[ebp]
 0049  89 ec                             mov     esp,ebp
 004b  5d                                pop     ebp
 004c  5e                                pop     esi
 004d  c3                                ret     
 004e  8b c0                             mov     eax,eax

No disassembly errors

------------------------------------------------------------

Comdat: void near * near p_secure::operator new( int unsigned, void near * )  SEGMENT ANY '_TEXT'  00000014 bytes  
 0000  55                                push    ebp
 0001  89 e5                             mov     ebp,esp
 0003  83 ec 08                          sub     esp,00000008H
 0006  89 45 f8                          mov     -8H[ebp],eax
 0009  89 55 fc                          mov     -4H[ebp],edx
 000c  8b 45 fc                          mov     eax,-4H[ebp]
 000f  89 ec                             mov     esp,ebp
 0011  5d                                pop     ebp
 0012  c3                                ret     
 0013  90                                nop     

No disassembly errors

------------------------------------------------------------

Comdat: near p_connect::p_connect( nodeinfo near * )  SEGMENT ANY '_TEXT'  00000034 bytes  
 0000  55                                push    ebp
 0001  89 e5                             mov     ebp,esp
 0003  83 ec 08                          sub     esp,00000008H
 0006  89 45 f8                          mov     -8H[ebp],eax
 0009  89 55 fc                          mov     -4H[ebp],edx
 000c  8b 45 f8                          mov     eax,-8H[ebp]
 000f  ba 03 00 00 00                    mov     edx,00000003H
 0014  e8 00 00 00 00                    call    near packet::packet( char )
 0019  89 45 f8                          mov     -8H[ebp],eax
 001c  8b 55 fc                          mov     edx,-4H[ebp]
 001f  8b 45 f8                          mov     eax,-8H[ebp]
 0022  40                                inc     eax
 0023  e8 00 00 00 00                    call    near nodeinfo::nodeinfo( nodeinfo const near & )
 0028  48                                dec     eax
 0029  89 45 f8                          mov     -8H[ebp],eax
 002c  8b 45 f8                          mov     eax,-8H[ebp]
 002f  89 ec                             mov     esp,ebp
 0031  5d                                pop     ebp
 0032  c3                                ret     
 0033  90                                nop     

No disassembly errors

------------------------------------------------------------

Comdat: near p_quit::p_quit( char, char )  SEGMENT ANY '_TEXT'  00000038 bytes  
 0000  55                                push    ebp
 0001  89 e5                             mov     ebp,esp
 0003  83 ec 0c                          sub     esp,0000000cH
 0006  89 45 f4                          mov     -0cH[ebp],eax
 0009  88 55 f8                          mov     -8H[ebp],dl
 000c  88 5d fc                          mov     -4H[ebp],bl
 000f  8b 45 f4                          mov     eax,-0cH[ebp]
 0012  ba 06 00 00 00                    mov     edx,00000006H
 0017  e8 00 00 00 00                    call    near packet::packet( char )
 001c  89 45 f4                          mov     -0cH[ebp],eax
 001f  8a 45 f8                          mov     al,-8H[ebp]
 0022  8b 55 f4                          mov     edx,-0cH[ebp]
 0025  88 42 01                          mov     +1H[edx],al
 0028  8a 45 fc                          mov     al,-4H[ebp]
 002b  8b 55 f4                          mov     edx,-0cH[ebp]
 002e  88 42 02                          mov     +2H[edx],al
 0031  8b 45 f4                          mov     eax,-0cH[ebp]
 0034  89 ec                             mov     esp,ebp
 0036  5d                                pop     ebp
 0037  c3                                ret     

No disassembly errors

------------------------------------------------------------

Comdat: objpos near * near p_objpos::getop()  SEGMENT ANY '_TEXT'  00000014 bytes  
 0000  55                                push    ebp
 0001  89 e5                             mov     ebp,esp
 0003  83 ec 04                          sub     esp,00000004H
 0006  89 45 fc                          mov     -4H[ebp],eax
 0009  8b 45 fc                          mov     eax,-4H[ebp]
 000c  83 c0 03                          add     eax,00000003H
 000f  89 ec                             mov     esp,ebp
 0011  5d                                pop     ebp
 0012  c3                                ret     
 0013  90                                nop     

No disassembly errors

------------------------------------------------------------

Comdat: near p_objpos::p_objpos( char unsigned )  SEGMENT ANY '_TEXT'  00000034 bytes  
 0000  55                                push    ebp
 0001  89 e5                             mov     ebp,esp
 0003  83 ec 08                          sub     esp,00000008H
 0006  89 45 f8                          mov     -8H[ebp],eax
 0009  88 55 fc                          mov     -4H[ebp],dl
 000c  8b 45 f8                          mov     eax,-8H[ebp]
 000f  ba 0d 00 00 00                    mov     edx,0000000dH
 0014  e8 00 00 00 00                    call    near packet::packet( char )
 0019  89 45 f8                          mov     -8H[ebp],eax
 001c  8a 45 fc                          mov     al,-4H[ebp]
 001f  8b 55 f8                          mov     edx,-8H[ebp]
 0022  88 42 01                          mov     +1H[edx],al
 0025  8b 45 f8                          mov     eax,-8H[ebp]
 0028  c6 40 02 00                       mov     byte ptr +2H[eax],00H
 002c  8b 45 f8                          mov     eax,-8H[ebp]
 002f  89 ec                             mov     esp,ebp
 0031  5d                                pop     ebp
 0032  c3                                ret     
 0033  90                                nop     

No disassembly errors

------------------------------------------------------------

Comdat: objpos near * near p_objpos::allocate()  SEGMENT ANY '_TEXT'  0000004c bytes  
 0000  53                                push    ebx
 0001  52                                push    edx
 0002  55                                push    ebp
 0003  89 e5                             mov     ebp,esp
 0005  83 ec 04                          sub     esp,00000004H
 0008  89 45 fc                          mov     -4H[ebp],eax
 000b  8b 45 fc                          mov     eax,-4H[ebp]
 000e  8a 40 02                          mov     al,+2H[eax]
 0011  25 ff 00 00 00                    and     eax,000000ffH
 0016  83 f8 0f                          cmp     eax,0000000fH
 0019  7d 27                             jge     L121
 001b  8b 55 fc                          mov     edx,-4H[ebp]
 001e  8a 52 02                          mov     dl,+2H[edx]
 0021  31 db                             xor     ebx,ebx
 0023  88 d3                             mov     bl,dl
 0025  8d 04 dd 00 00 00 
       00                                lea     eax,+0H[ebx*8]
 002c  01 c3                             add     ebx,eax
 002e  8b 45 fc                          mov     eax,-4H[ebp]
 0031  fe c2                             inc     dl
 0033  88 50 02                          mov     +2H[eax],dl
 0036  8b 45 fc                          mov     eax,-4H[ebp]
 0039  e8 00 00 00 00                    call    objpos near * near p_objpos::getop()
 003e  01 d8                             add     eax,ebx
 0040  eb 02                             jmp     L122
 0042  31 c0             L121            xor     eax,eax
 0044  89 ec             L122            mov     esp,ebp
 0046  5d                                pop     ebp
 0047  5a                                pop     edx
 0048  5b                                pop     ebx
 0049  c3                                ret     
 004a  8b c0                             mov     eax,eax

No disassembly errors

------------------------------------------------------------

Comdat: int near p_objpos::getsize()  SEGMENT ANY '_TEXT'  00000028 bytes  
 0000  52                                push    edx
 0001  55                                push    ebp
 0002  89 e5                             mov     ebp,esp
 0004  83 ec 04                          sub     esp,00000004H
 0007  89 45 fc                          mov     -4H[ebp],eax
 000a  8b 55 fc                          mov     edx,-4H[ebp]
 000d  8a 52 02                          mov     dl,+2H[edx]
 0010  81 e2 ff 00 00 00                 and     edx,000000ffH
 0016  8d 04 d5 00 00 00 
       00                                lea     eax,+0H[edx*8]
 001d  01 d0                             add     eax,edx
 001f  83 c0 03                          add     eax,00000003H
 0022  89 ec                             mov     esp,ebp
 0024  5d                                pop     ebp
 0025  5a                                pop     edx
 0026  c3                                ret     
 0027  90                                nop     

No disassembly errors

------------------------------------------------------------

Comdat: void near * near p_objpos::operator new( int unsigned, void near * )  SEGMENT ANY '_TEXT'  00000014 bytes  
 0000  55                                push    ebp
 0001  89 e5                             mov     ebp,esp
 0003  83 ec 08                          sub     esp,00000008H
 0006  89 45 f8                          mov     -8H[ebp],eax
 0009  89 55 fc                          mov     -4H[ebp],edx
 000c  8b 45 fc                          mov     eax,-4H[ebp]
 000f  89 ec                             mov     esp,ebp
 0011  5d                                pop     ebp
 0012  c3                                ret     
 0013  90                                nop     

No disassembly errors

------------------------------------------------------------

Comdat: near p_ping::p_ping( int unsigned )  SEGMENT ANY '_TEXT'  0000002c bytes  
 0000  55                                push    ebp
 0001  89 e5                             mov     ebp,esp
 0003  83 ec 08                          sub     esp,00000008H
 0006  89 45 f8                          mov     -8H[ebp],eax
 0009  89 55 fc                          mov     -4H[ebp],edx
 000c  8b 45 f8                          mov     eax,-8H[ebp]
 000f  ba 07 00 00 00                    mov     edx,00000007H
 0014  e8 00 00 00 00                    call    near packet::packet( char )
 0019  89 45 f8                          mov     -8H[ebp],eax
 001c  8b 45 fc                          mov     eax,-4H[ebp]
 001f  8b 55 f8                          mov     edx,-8H[ebp]
 0022  89 42 01                          mov     +1H[edx],eax
 0025  8b 45 f8                          mov     eax,-8H[ebp]
 0028  89 ec                             mov     esp,ebp
 002a  5d                                pop     ebp
 002b  c3                                ret     

No disassembly errors

------------------------------------------------------------

Comdat: near nodeinfo::nodeinfo( nodeinfo const near & )  SEGMENT ANY '_TEXT'  00000044 bytes  
 0000  56                                push    esi
 0001  57                                push    edi
 0002  55                                push    ebp
 0003  89 e5                             mov     ebp,esp
 0005  83 ec 08                          sub     esp,00000008H
 0008  89 45 f8                          mov     -8H[ebp],eax
 000b  89 55 fc                          mov     -4H[ebp],edx
 000e  8b 45 fc                          mov     eax,-4H[ebp]
 0011  8a 10                             mov     dl,[eax]
 0013  8b 45 f8                          mov     eax,-8H[ebp]
 0016  88 10                             mov     [eax],dl
 0018  8b 55 fc                          mov     edx,-4H[ebp]
 001b  42                                inc     edx
 001c  8b 45 f8                          mov     eax,-8H[ebp]
 001f  40                                inc     eax
 0020  e8 00 00 00 00                    call    near NETADDR::NETADDR( NETADDR const near & )
 0025  48                                dec     eax
 0026  89 45 f8                          mov     -8H[ebp],eax
 0029  8b 7d f8                          mov     edi,-8H[ebp]
 002c  8d 7f 11                          lea     edi,+11H[edi]
 002f  8b 75 fc                          mov     esi,-4H[ebp]
 0032  8d 76 11                          lea     esi,+11H[esi]
 0035  a5                                movsd   
 0036  a5                                movsd   
 0037  a5                                movsd   
 0038  a5                                movsd   
 0039  8b 45 f8                          mov     eax,-8H[ebp]
 003c  89 ec                             mov     esp,ebp
 003e  5d                                pop     ebp
 003f  5f                                pop     edi
 0040  5e                                pop     esi
 0041  c3                                ret     
 0042  8b c0                             mov     eax,eax

No disassembly errors

------------------------------------------------------------

Comdat: near udpsocket::~udpsocket()  SEGMENT ANY '_TEXT'  00000024 bytes  
 0000  55                                push    ebp
 0001  89 e5                             mov     ebp,esp
 0003  83 ec 08                          sub     esp,00000008H
 0006  89 45 f8                          mov     -8H[ebp],eax
 0009  89 55 fc                          mov     -4H[ebp],edx
 000c  8b 45 f8                          mov     eax,-8H[ebp]
 000f  ba 01 00 00 00                    mov     edx,00000001H
 0014  e8 00 00 00 00                    call    near Socket::~Socket()
 0019  89 45 f8                          mov     -8H[ebp],eax
 001c  8b 45 f8                          mov     eax,-8H[ebp]
 001f  89 ec                             mov     esp,ebp
 0021  5d                                pop     ebp
 0022  c3                                ret     
 0023  90                                nop     

No disassembly errors

------------------------------------------------------------

Comdat: near NETADDR::NETADDR( NETADDR const near & )  SEGMENT ANY '_TEXT'  00000024 bytes  
 0000  55                                push    ebp
 0001  89 e5                             mov     ebp,esp
 0003  83 ec 08                          sub     esp,00000008H
 0006  89 45 f8                          mov     -8H[ebp],eax
 0009  89 55 fc                          mov     -4H[ebp],edx
 000c  8b 55 fc                          mov     edx,-4H[ebp]
 000f  8b 45 f8                          mov     eax,-8H[ebp]
 0012  e8 00 00 00 00                    call    near sockaddr::sockaddr( sockaddr const near & )
 0017  89 45 f8                          mov     -8H[ebp],eax
 001a  8b 45 f8                          mov     eax,-8H[ebp]
 001d  89 ec                             mov     esp,ebp
 001f  5d                                pop     ebp
 0020  c3                                ret     
 0021  8d 40 00                          lea     eax,+0H[eax]

No disassembly errors

------------------------------------------------------------

Comdat: void (near * const near __vftbl[])()  SEGMENT ANY 'DGROUP:CONST2'  0000001c bytes  
 0000  00 00 00 00                             DD      void near netconnect::tick()
 0004  00 00 00 00                             DD      void near netconnect::disconnect()
 0008  00 00 00 00                             DD      int near netconnect::isclient()
 000c  00 00 00 00                             DD      int near netconnect::isserver()
 0010  00 00 00 00                             DD      void near netconnect::sendpings()
 0014  00 00 00 00                             DD      void near netconnect::checktimeout()
 0018  00 00 00 00                             DD      near netconnect::~netconnect()

No disassembly errors

------------------------------------------------------------

Comdat: void (near * const near __vftbl[])()  SEGMENT ANY 'DGROUP:CONST2'  0000001c bytes  
 0000  00 00 00 00                             DD      void near netserver::tick()
 0004  00 00 00 00                             DD      void near netserver::disconnect()
 0008  00 00 00 00                             DD      int near netserver::isclient()
 000c  00 00 00 00                             DD      int near netserver::isserver()
 0010  00 00 00 00                             DD      void near netserver::sendpings()
 0014  00 00 00 00                             DD      void near netserver::checktimeout()
 0018  00 00 00 00                             DD      near netserver::~netserver()

No disassembly errors

------------------------------------------------------------

Comdat: void (near * const near __vftbl[])()  SEGMENT ANY 'DGROUP:CONST2'  0000001c bytes  
 0000  00 00 00 00                             DD      void near netclient::tick()
 0004  00 00 00 00                             DD      void near netclient::disconnect()
 0008  00 00 00 00                             DD      int near netclient::isclient()
 000c  00 00 00 00                             DD      int near netclient::isserver()
 0010  00 00 00 00                             DD      void near netclient::sendpings()
 0014  00 00 00 00                             DD      void near netclient::checktimeout()
 0018  00 00 00 00                             DD      near netclient::~netclient()

No disassembly errors

------------------------------------------------------------

Comdat: void (near * const near __vftbl[])()  SEGMENT ANY 'DGROUP:CONST2'  00000004 bytes  
 0000  00 00 00 00                             DD      near securepacket::~securepacket()

No disassembly errors

------------------------------------------------------------

Comdat: void (near * const near __vftbl[])()  SEGMENT ANY 'DGROUP:CONST2'  00000004 bytes  
 0000  00 00 00 00                             DD      near securepacket_in::~securepacket_in()

No disassembly errors

------------------------------------------------------------

Comdat: void (near * const near __vftbl[])()  SEGMENT ANY 'DGROUP:CONST2'  00000004 bytes  
 0000  00 00 00 00                             DD      near securepacket_out::~securepacket_out()

No disassembly errors

------------------------------------------------------------

Comdat: char unsigned const near __typesig[]  SEGMENT ANY 'DGROUP:CONST2'  00000011 bytes  
 0000  00 00 00 00 00                          - .....
 0005  00 00 00 00                             DD      near netserver::netserver( netserver const near & )
 0009  00 00 00 00                             DD      near netserver::~netserver()
 000d  6d 00 00 00                             - m...

No disassembly errors

------------------------------------------------------------

Comdat: char unsigned const near __typesig[]  SEGMENT ANY 'DGROUP:CONST2'  00000011 bytes  
 0000  00 00 00 00 00                          - .....
 0005  00 00 00 00                             DD      near netclient::netclient( netclient const near & )
 0009  00 00 00 00                             DD      near netclient::~netclient()
 000d  7d 00 00 00                             - }...

No disassembly errors

------------------------------------------------------------

Comdat: char unsigned const near __typesig[]  SEGMENT ANY 'DGROUP:CONST2'  00000011 bytes  
 0000  00 00 00 00 00                          - .....
 0005  00 00 00 00                             DD      near securepacket::securepacket( securepacket const near & )
 0009  00 00 00 00                             DD      near securepacket::~securepacket()
 000d  1e 00 00 00                             - ....

No disassembly errors

------------------------------------------------------------

Comdat: char unsigned const near __typesig[]  SEGMENT ANY 'DGROUP:CONST2'  00000011 bytes  
 0000  00 00 00 00 00                          - .....
 0005  00 00 00 00                             DD      near securepacket_in::securepacket_in( securepacket_in const near & )
 0009  00 00 00 00                             DD      near securepacket_in::~securepacket_in()
 000d  1e 00 00 00                             - ....

No disassembly errors

------------------------------------------------------------

Segment: $$TYPES  BYTE USE16  000000f4 bytes  
 0000  0f 00 01 00 01 00 0c 00                 - ........
 0008  01 00 06 00 02 00 0d 00                 - ........
 0010  01 00 0b 00 02 00 4c 00                 - ......L.
 0018  01 00 0c 00 03 00 1e 00                 - ........
 0020  01 00 0d 00 03 00 61 00                 - ......a.
 0028  01 00 23 00 03 00 a6 00                 - ..#.....
 0030  01 00 29 00 04 00 24 00                 - ..)...$.
 0038  01 00 2d 00 04 00 3f 00                 - ..-...?.
 0040  01 00 2e 00 04 00 54 00                 - ......T.
 0048  01 00 2f 00 04 00 6c 00                 - ../...l.
 0050  01 00 30 00 04 00 b6 00                 - ..0.....
 0058  01 00 39 00 04 00 d4 00                 - ..9.....
 0060  01 00 3a 00 03 00 1f 00                 - ..:.....
 0068  01 00 3b 00 02 00 4d 00                 - ..;...M.
 0070  01 00 3c 00 02 00 19 00                 - ..<.....
 0078  01 00 05 00 00 00 16 00                 - ........
 0080  2e 00 45 00 59 00 63 3a                 - ..E.Y.c:
 0088  5c 73 6f 75 72 63 65 5c                 - \source\
 0090  61 33 32 5c 6e 65 74 2e                 - a32\net.
 0098  63 70 70 00 63 3a 5c 73                 - cpp.c:\s
 00a0  6f 75 72 63 65 5c 61 33                 - ource\a3
 00a8  32 5c 75 75 74 69 6d 65                 - 2\uutime
 00b0  72 2e 68 00 63 3a 5c 73                 - r.h.c:\s
 00b8  6f 75 72 63 65 5c 61 33                 - ource\a3
 00c0  32 5c 73 6f 63 6b 65 74                 - 2\socket
 00c8  2e 68 00 63 3a 5c 73 6f                 - .h.c:\so
 00d0  75 72 63 65 5c 61 33 32                 - urce\a32
 00d8  5c 6e 65 74 2e 68 00 63                 - \net.h.c
 00e0  3a 5c 73 6f 75 72 63 65                 - :\source
 00e8  5c 61 33 32 5c 6e 65 74                 - \a32\net
 00f0  70 2e 68 00                             - p.h.

No disassembly errors

------------------------------------------------------------

Comdat: near sockaddr::sockaddr( sockaddr const near & )  SEGMENT ANY '_TEXT'  00000034 bytes  









 0000  56                                push    esi
 0001  57                                push    edi
 0002  55                                push    ebp
 0003  89 e5                             mov     ebp,esp
 0005  83 ec 08                          sub     esp,00000008H
 0008  89 45 f8                          mov     -8H[ebp],eax
 000b  89 55 fc                          mov     -4H[ebp],edx
 000e  8b 45 fc                          mov     eax,-4H[ebp]
 0011  66 8b 00                          mov     ax,[eax]
 0014  8b 75 f8                          mov     esi,-8H[ebp]
 0017  66 89 06                          mov     [esi],ax
 001a  8b 7d f8                          mov     edi,-8H[ebp]
 001d  8d 7f 02                          lea     edi,+2H[edi]
 0020  8b 75 fc                          mov     esi,-4H[ebp]
 0023  8d 76 02                          lea     esi,+2H[esi]
 0026  a5                                movsd   
 0027  a5                                movsd   
 0028  a5                                movsd   
 0029  66 a5                             movsw   
 002b  8b 45 f8                          mov     eax,-8H[ebp]
 002e  89 ec                             mov     esp,ebp
 0030  5d                                pop     ebp
 0031  5f                                pop     edi
 0032  5e                                pop     esi
 0033  c3                                ret     

No disassembly errors

------------------------------------------------------------

Comdat: char unsigned const near __typesig[]  SEGMENT ANY 'DGROUP:CONST2'  00000011 bytes  
 0000  00 00 00 00 00                          - .....
 0005  00 00 00 00                             DD      near securepacket_out::securepacket_out( securepacket_out const near & )
 0009  00 00 00 00                             DD      near securepacket_out::~securepacket_out()
 000d  26 00 00 00                             - &...

No disassembly errors

------------------------------------------------------------
