
Module: c:\source\a32\effectw.cpp
Group: 'DGROUP' CONST,CONST2,_DATA,_BSS,XIB,XI,XIE

Segment: _TEXT  PARA USE32  00000ed4 bytes  
 0000                    void near .fn_init():
 0000  53                                push    ebx
 0001  52                                push    edx
 0002  ba 01 00 00 00                    mov     edx,00000001H
 0007  31 db                             xor     ebx,ebx
 0009  89 15 08 00 00 00                 mov     DLGPOS near effectedit::pos+8H,edx
 000f  89 1d 0c 00 00 00                 mov     DLGPOS near effectedit::pos+0cH,ebx
 0015  5a                                pop     edx
 0016  5b                                pop     ebx
 0017  c3                                ret     
 0018  51 00 00 00       L1              DD      L2
 001c  81 00 00 00                       DD      L4
 0020  69 00 00 00                       DD      L3
 0024  c5 00 00 00                       DD      L7
 0028  99 00 00 00                       DD      L5
 002c  d9 00 00 00                       DD      L8
 0030  15 01 00 00                       DD      L11
 0034  b1 00 00 00                       DD      L6
 0038  ed 00 00 00                       DD      L9
 003c  01 01 00 00                       DD      L10
 0040                    effect near * near neweffect( int ):
 0040  83 f8 09                          cmp     eax,00000009H
 0043  0f 87 cc 00 00 00                 ja      L11
 0049  2e ff 24 85 18 00 
       00 00                             jmp     dword ptr cs:L1[eax*4]
 0051  b8 02 00 00 00    L2              mov     eax,00000002H
 0056  e8 00 00 00 00                    call    void near * near operator new( int unsigned )
 005b  85 c0                             test    eax,eax
 005d  0f 84 b4 00 00 00                 je      L12
 0063  e8 00 00 00 00                    call    near e_sound::e_sound()
 0068  c3                                ret     
 0069  b8 02 00 00 00    L3              mov     eax,00000002H
 006e  e8 00 00 00 00                    call    void near * near operator new( int unsigned )
 0073  85 c0                             test    eax,eax
 0075  0f 84 9c 00 00 00                 je      L12
 007b  e8 00 00 00 00                    call    near e_objectshake::e_objectshake()
 0080  c3                                ret     
 0081  b8 02 00 00 00    L4              mov     eax,00000002H
 0086  e8 00 00 00 00                    call    void near * near operator new( int unsigned )
 008b  85 c0                             test    eax,eax
 008d  0f 84 84 00 00 00                 je      L12
 0093  e8 00 00 00 00                    call    near e_groundshake::e_groundshake()
 0098  c3                                ret     
 0099  b8 02 00 00 00    L5              mov     eax,00000002H
 009e  e8 00 00 00 00                    call    void near * near operator new( int unsigned )
 00a3  85 c0                             test    eax,eax
 00a5  0f 84 6c 00 00 00                 je      L12
 00ab  e8 00 00 00 00                    call    near e_goto::e_goto()
 00b0  c3                                ret     
 00b1  b8 02 00 00 00    L6              mov     eax,00000002H
 00b6  e8 00 00 00 00                    call    void near * near operator new( int unsigned )
 00bb  85 c0                             test    eax,eax
 00bd  74 58                             je      L12
 00bf  e8 00 00 00 00                    call    near e_dir::e_dir()
 00c4  c3                                ret     
 00c5  b8 09 00 00 00    L7              mov     eax,00000009H
 00ca  e8 00 00 00 00                    call    void near * near operator new( int unsigned )
 00cf  85 c0                             test    eax,eax
 00d1  74 44                             je      L12
 00d3  e8 00 00 00 00                    call    near e_newobject::e_newobject()
 00d8  c3                                ret     
 00d9  b8 08 00 00 00    L8              mov     eax,00000008H
 00de  e8 00 00 00 00                    call    void near * near operator new( int unsigned )
 00e3  85 c0                             test    eax,eax
 00e5  74 30                             je      L12
 00e7  e8 00 00 00 00                    call    near e_blood::e_blood()
 00ec  c3                                ret     
 00ed  b8 11 00 00 00    L9              mov     eax,00000011H
 00f2  e8 00 00 00 00                    call    void near * near operator new( int unsigned )
 00f7  85 c0                             test    eax,eax
 00f9  74 1c                             je      L12
 00fb  e8 00 00 00 00                    call    near e_gotoseriesname::e_gotoseriesname()
 0100  c3                                ret     
 0101  b8 11 00 00 00    L10             mov     eax,00000011H
 0106  e8 00 00 00 00                    call    void near * near operator new( int unsigned )
 010b  85 c0                             test    eax,eax
 010d  74 08                             je      L12
 010f  e8 00 00 00 00                    call    near e_region::e_region()
 0114  c3                                ret     
 0115  31 c0             L11             xor     eax,eax
 0117  c3                L12             ret     
 0118                    menu near * near getneweffectmenu():
 0118  53                                push    ebx
 0119  51                                push    ecx
 011a  52                                push    edx
 011b  56                                push    esi
 011c  8b 35 00 00 00 00                 mov     esi,getneweffectmenu near * near menu near * near getneweffectmenu()::.0::m
 0122  85 f6                             test    esi,esi
 0124  75 51                             jne     L16
 0126  31 db                             xor     ebx,ebx
 0128  31 c0                             xor     eax,eax
 012a  eb 03                             jmp     L14
 012c  83 c0 04          L13             add     eax,00000004H
 012f  8b 90 00 00 00 00 L14             mov     edx,char near * near effectnames[][eax]
 0135  43                                inc     ebx
 0136  85 d2                             test    edx,edx
 0138  75 f2                             jne     L13
 013a  ba 0d 00 00 00                    mov     edx,0000000dH
 013f  89 d8                             mov     eax,ebx
 0141  89 35 00 00 00 00                 mov     getneweffectmenu near * near menu near * near getneweffectmenu()::.0::m,esi
 0147  e8 00 00 00 00                    call    calloc_
 014c  8b 1d 00 00 00 00                 mov     ebx,char near * near effectnames[]
 0152  89 c6                             mov     esi,eax
 0154  31 d2                             xor     edx,edx
 0156  31 c0                             xor     eax,eax
 0158  85 db                             test    ebx,ebx
 015a  74 1b                             je      L16
 015c  8d 0c 16          L15             lea     ecx,[esi+edx]
 015f  8b 98 00 00 00 00                 mov     ebx,char near * near effectnames[][eax]
 0165  83 c0 04                          add     eax,00000004H
 0168  89 19                             mov     [ecx],ebx
 016a  8b 88 00 00 00 00                 mov     ecx,char near * near effectnames[][eax]
 0170  83 c2 0d                          add     edx,0000000dH
 0173  85 c9                             test    ecx,ecx
 0175  75 e5                             jne     L15
 0177  89 f0             L16             mov     eax,esi
 0179  89 35 00 00 00 00                 mov     getneweffectmenu near * near menu near * near getneweffectmenu()::.0::m,esi
 017f  5e                                pop     esi
 0180  5a                                pop     edx
 0181  59                                pop     ecx
 0182  5b                                pop     ebx
 0183  c3                                ret     
 0184                    void near e_newobject::draw( char near *, object near * ):
 0184  51                                push    ecx
 0185  56                                push    esi
 0186  57                                push    edi
 0187  55                                push    ebp
 0188  83 ec 08                          sub     esp,00000008H
 018b  89 c6                             mov     esi,eax
 018d  89 d5                             mov     ebp,edx
 018f  89 df                             mov     edi,ebx
 0191  8b 4f 34                          mov     ecx,+34H[edi]
 0194  8b 40 04                          mov     eax,+4H[eax]
 0197  c1 f9 10                          sar     ecx,10H
 019a  c1 f8 10                          sar     eax,10H
 019d  01 c8                             add     eax,ecx
 019f  8b 4f 38                          mov     ecx,+38H[edi]
 01a2  c1 f9 10                          sar     ecx,10H
 01a5  01 c1                             add     ecx,eax
 01a7  66 8b 46 04                       mov     ax,+4H[esi]
 01ab  01 c0                             add     eax,eax
 01ad  66 d1 f8                          sar     ax,1
 01b0  8b 5b 30                          mov     ebx,+30H[ebx]
 01b3  98                                cwde    
 01b4  c1 fb 10                          sar     ebx,10H
 01b7  01 c1                             add     ecx,eax
 01b9  8a 67 40                          mov     ah,+40H[edi]
 01bc  89 4c 24 04                       mov     +4H[esp],ecx
 01c0  84 e4                             test    ah,ah
 01c2  75 09                             jne     L17
 01c4  8b 06                             mov     eax,[esi]
 01c6  c1 f8 10                          sar     eax,10H
 01c9  01 c3                             add     ebx,eax
 01cb  eb 07                             jmp     L18
 01cd  8b 06             L17             mov     eax,[esi]
 01cf  c1 f8 10                          sar     eax,10H
 01d2  29 c3                             sub     ebx,eax
 01d4  8b 0d 3c 00 00 00 L18             mov     ecx,A95VOL near a95vol+3cH
 01da  8b 41 0c                          mov     eax,+0cH[ecx]
 01dd  89 c2                             mov     edx,eax
 01df  c1 fa 1f                          sar     edx,1fH
 01e2  2b c2                             sub     eax,edx
 01e4  d1 f8                             sar     eax,1
 01e6  8b 54 24 04                       mov     edx,+4H[esp]
 01ea  29 c2                             sub     edx,eax
 01ec  8b 41 08                          mov     eax,+8H[ecx]
 01ef  89 14 24                          mov     [esp],edx
 01f2  89 c2                             mov     edx,eax
 01f4  c1 fa 1f                          sar     edx,1fH
 01f7  2b c2                             sub     eax,edx
 01f9  d1 f8                             sar     eax,1
 01fb  89 da                             mov     edx,ebx
 01fd  29 c2                             sub     edx,eax
 01ff  6a 00                             push    00000000H
 0201  89 d0                             mov     eax,edx
 0203  8b 54 24 04                       mov     edx,+4H[esp]
 0207  52                                push    edx
 0208  50                                push    eax
 0209  55                                push    ebp
 020a  51                                push    ecx
 020b  e8 00 00 00 00                    call    _drawimager2
 0210  8a 56 01                          mov     dl,+1H[esi]
 0213  83 c4 14                          add     esp,00000014H
 0216  84 d2                             test    dl,dl
 0218  74 15                             je      L19
 021a  31 c0                             xor     eax,eax
 021c  88 d0                             mov     al,dl
 021e  8d 0c 85 00 00 00 
       00                                lea     ecx,+0H[eax*4]
 0225  8b 07                             mov     eax,[edi]
 0227  8b 40 55                          mov     eax,+55H[eax]
 022a  8b 04 01                          mov     eax,[ecx+eax]
 022d  eb 03                             jmp     L20
 022f  8b 47 11          L19             mov     eax,+11H[edi]
 0232  85 c0             L20             test    eax,eax
 0234  74 58                             je      L22
 0236  f6 40 04 01                       test    byte ptr +4H[eax],01H
 023a  74 52                             je      L22
 023c  f6 46 05 80                       test    byte ptr +5H[esi],80H
 0240  75 27                             jne     L21
 0242  31 c9                             xor     ecx,ecx
 0244  8a 4e 08                          mov     cl,+8H[esi]
 0247  8d 34 8d 00 00 00 
       00                                lea     esi,+0H[ecx*4]
 024e  01 ce                             add     esi,ecx
 0250  50                                push    eax
 0251  c1 e6 03                          shl     esi,03H
 0254  8b 40 23                          mov     eax,+23H[eax]
 0257  01 ce                             add     esi,ecx
 0259  89 ea                             mov     edx,ebp
 025b  8b 4c 24 08                       mov     ecx,+8H[esp]
 025f  8b 04 06                          mov     eax,[esi+eax]
 0262  e8 00 00 00 00                    call    void near frame::draw( char near *, int, int, objectdef near * )
 0267  eb 25                             jmp     L22
 0269  31 c9             L21             xor     ecx,ecx
 026b  8a 4e 08                          mov     cl,+8H[esi]
 026e  8d 34 8d 00 00 00 
       00                                lea     esi,+0H[ecx*4]
 0275  01 ce                             add     esi,ecx
 0277  50                                push    eax
 0278  c1 e6 03                          shl     esi,03H
 027b  8b 40 23                          mov     eax,+23H[eax]
 027e  01 ce                             add     esi,ecx
 0280  89 ea                             mov     edx,ebp
 0282  8b 4c 24 08                       mov     ecx,+8H[esp]
 0286  8b 04 06                          mov     eax,[esi+eax]
 0289  e8 00 00 00 00                    call    void near frame::drawflipx( char near *, int, int, objectdef near * )
 028e  83 c4 08          L22             add     esp,00000008H
 0291  5d                                pop     ebp
 0292  5f                                pop     edi
 0293  5e                                pop     esi
 0294  59                                pop     ecx
 0295  c3                                ret     
 0296  8b c0                             mov     eax,eax
 0298                    void near e_blood::draw( char near *, object near * ):
 0298  51                                push    ecx
 0299  56                                push    esi
 029a  57                                push    edi
 029b  89 d6                             mov     esi,edx
 029d  89 da                             mov     edx,ebx
 029f  8b 7a 34                          mov     edi,+34H[edx]
 02a2  8b 48 04                          mov     ecx,+4H[eax]
 02a5  c1 ff 10                          sar     edi,10H
 02a8  c1 f9 10                          sar     ecx,10H
 02ab  01 f9                             add     ecx,edi
 02ad  8b 7a 38                          mov     edi,+38H[edx]
 02b0  c1 ff 10                          sar     edi,10H
 02b3  01 cf                             add     edi,ecx
 02b5  66 8b 48 04                       mov     cx,+4H[eax]
 02b9  01 c9                             add     ecx,ecx
 02bb  66 d1 f9                          sar     cx,1
 02be  0f bf c9                          movsx   ecx,cx
 02c1  8b 5b 30                          mov     ebx,+30H[ebx]
 02c4  01 cf                             add     edi,ecx
 02c6  8a 4a 40                          mov     cl,+40H[edx]
 02c9  c1 fb 10                          sar     ebx,10H
 02cc  84 c9                             test    cl,cl
 02ce  75 09                             jne     L23
 02d0  8b 00                             mov     eax,[eax]
 02d2  c1 f8 10                          sar     eax,10H
 02d5  01 c3                             add     ebx,eax
 02d7  eb 07                             jmp     L24
 02d9  8b 00             L23             mov     eax,[eax]
 02db  c1 f8 10                          sar     eax,10H
 02de  29 c3                             sub     ebx,eax
 02e0  8b 0d 3c 00 00 00 L24             mov     ecx,A95VOL near a95vol+3cH
 02e6  8b 41 0c                          mov     eax,+0cH[ecx]
 02e9  89 c2                             mov     edx,eax
 02eb  c1 fa 1f                          sar     edx,1fH
 02ee  2b c2                             sub     eax,edx
 02f0  d1 f8                             sar     eax,1
 02f2  29 c7                             sub     edi,eax
 02f4  8b 41 08                          mov     eax,+8H[ecx]
 02f7  89 c2                             mov     edx,eax
 02f9  c1 fa 1f                          sar     edx,1fH
 02fc  2b c2                             sub     eax,edx
 02fe  d1 f8                             sar     eax,1
 0300  6a 00                             push    00000000H
 0302  57                                push    edi
 0303  29 c3                             sub     ebx,eax
 0305  53                                push    ebx
 0306  56                                push    esi
 0307  51                                push    ecx
 0308  e8 00 00 00 00                    call    _drawimager2
 030d  83 c4 14                          add     esp,00000014H
 0310  5f                                pop     edi
 0311  5e                                pop     esi
 0312  59                                pop     ecx
 0313  c3                                ret     
 0314                    void near e_region::draw( char near *, object near * ):
 0314  51                                push    ecx
 0315  56                                push    esi
 0316  57                                push    edi
 0317  55                                push    ebp
 0318  89 d7                             mov     edi,edx
 031a  8b 53 30                          mov     edx,+30H[ebx]
 031d  8b 0b                             mov     ecx,[ebx]
 031f  c1 fa 10                          sar     edx,10H
 0322  8b 71 19                          mov     esi,+19H[ecx]
 0325  8b 69 1d                          mov     ebp,+1dH[ecx]
 0328  01 f2                             add     edx,esi
 032a  8b 73 34                          mov     esi,+34H[ebx]
 032d  8b 4b 38                          mov     ecx,+38H[ebx]
 0330  c1 fe 10                          sar     esi,10H
 0333  c1 f9 10                          sar     ecx,10H
 0336  01 ee                             add     esi,ebp
 0338  01 f1                             add     ecx,esi
 033a  89 ce                             mov     esi,ecx
 033c  80 7b 40 00                       cmp     byte ptr +40H[ebx],00H
 0340  75 11                             jne     L25
 0342  8b 68 06                          mov     ebp,+6H[eax]
 0345  8b 18                             mov     ebx,[eax]
 0347  c1 fd 10                          sar     ebp,10H
 034a  c1 fb 10                          sar     ebx,10H
 034d  01 d3                             add     ebx,edx
 034f  01 ea                             add     edx,ebp
 0351  eb 13                             jmp     L26
 0353  8b 58 06          L25             mov     ebx,+6H[eax]
 0356  89 d5                             mov     ebp,edx
 0358  c1 fb 10                          sar     ebx,10H
 035b  29 dd                             sub     ebp,ebx
 035d  89 eb                             mov     ebx,ebp
 035f  8b 28                             mov     ebp,[eax]
 0361  c1 fd 10                          sar     ebp,10H
 0364  29 ea                             sub     edx,ebp
 0366  8b 68 04          L26             mov     ebp,+4H[eax]
 0369  c1 fd 10                          sar     ebp,10H
 036c  01 ee                             add     esi,ebp
 036e  8b 68 0a                          mov     ebp,+0aH[eax]
 0371  c1 fd 10                          sar     ebp,10H
 0374  01 e9                             add     ecx,ebp
 0376  29 f1                             sub     ecx,esi
 0378  51                                push    ecx
 0379  29 da                             sub     edx,ebx
 037b  52                                push    edx
 037c  8a 40 01                          mov     al,+1H[eax]
 037f  56                                push    esi
 0380  24 07                             and     al,07H
 0382  53                                push    ebx
 0383  25 ff 00 00 00                    and     eax,000000ffH
 0388  8a 80 00 00 00 00                 mov     al,char near e_region::void near draw( char near *, object near * )::.0::rcolor[][eax]
 038e  25 ff 00 00 00                    and     eax,000000ffH
 0393  50                                push    eax
 0394  57                                push    edi
 0395  e8 00 00 00 00                    call    _drawrect
 039a  83 c4 18                          add     esp,00000018H
 039d  5d                                pop     ebp
 039e  5f                                pop     edi
 039f  5e                                pop     esi
 03a0  59                                pop     ecx
 03a1  c3                                ret     
 03a2  8b c0                             mov     eax,eax
 03a4                    near epane::epane( effectedit near * ):
 03a4  53                                push    ebx
 03a5  51                                push    ecx
 03a6  56                                push    esi
 03a7  57                                push    edi
 03a8  89 d6                             mov     esi,edx
 03aa  6a 78                             push    00000078H
 03ac  31 c9                             xor     ecx,ecx
 03ae  6a 64                             push    00000064H
 03b0  31 db                             xor     ebx,ebx
 03b2  31 d2                             xor     edx,edx
 03b4  e8 00 00 00 00                    call    near GUIrect::GUIrect( GUIrect near *, int, int, int, int )
 03b9  89 70 2d                          mov     +2dH[eax],esi
 03bc  89 c1                             mov     ecx,eax
 03be  8b 50 2d                          mov     edx,+2dH[eax]
 03c1  c7 40 29 00 00 00 
       00                                mov     dword ptr +29H[eax],offset void (near * const near __vftbl[])()
 03c8  85 d2                             test    edx,edx
 03ca  74 4d                             je      L29
 03cc  8b 52 31                          mov     edx,+31H[edx]
 03cf  89 50 31                          mov     +31H[eax],edx
 03d2  8b 58 31                          mov     ebx,+31H[eax]
 03d5  c7 40 35 00 00 00 
       00                                mov     dword ptr +35H[eax],00000000H
 03dc  85 db                             test    ebx,ebx
 03de  74 05                             je      L27
 03e0  89 43 35                          mov     +35H[ebx],eax
 03e3  eb 06                             jmp     L28
 03e5  8b 50 2d          L27             mov     edx,+2dH[eax]
 03e8  89 42 2d                          mov     +2dH[edx],eax
 03eb  8b 41 2d          L28             mov     eax,+2dH[ecx]
 03ee  89 48 31                          mov     +31H[eax],ecx
 03f1  8b 51 2d                          mov     edx,+2dH[ecx]
 03f4  31 db                             xor     ebx,ebx
 03f6  8b 42 21                          mov     eax,+21H[edx]
 03f9  8b 7a 19                          mov     edi,+19H[edx]
 03fc  89 c2                             mov     edx,eax
 03fe  89 c8                             mov     eax,ecx
 0400  29 fa                             sub     edx,edi
 0402  e8 00 00 00 00                    call    void near GUIrect::moverel( int, int )
 0407  89 c8                             mov     eax,ecx
 0409  8b 51 2d                          mov     edx,+2dH[ecx]
 040c  e8 00 00 00 00                    call    void near GUIrect::reparent( GUIrect near * )
 0411  8b 41 2d                          mov     eax,+2dH[ecx]
 0414  e8 00 00 00 00                    call    void near panelist::refreshsize()
 0419  c7 41 29 00 00 00 
       00                L29             mov     dword ptr +29H[ecx],offset void (near * const near __vftbl[])()
 0420  89 c8                             mov     eax,ecx
 0422  89 71 39                          mov     +39H[ecx],esi
 0425  5f                                pop     edi
 0426  5e                                pop     esi
 0427  59                                pop     ecx
 0428  5b                                pop     ebx
 0429  c3                                ret     
 042a  8b c0                             mov     eax,eax
 042c                    void near panelist::refreshsize():
 042c  53                                push    ebx
 042d  51                                push    ecx
 042e  52                                push    edx
 042f  56                                push    esi
 0430  55                                push    ebp
 0431  89 c6                             mov     esi,eax
 0433  8b 40 2d                          mov     eax,+2dH[eax]
 0436  31 c9                             xor     ecx,ecx
 0438  31 db                             xor     ebx,ebx
 043a  85 c0                             test    eax,eax
 043c  75 09                             jne     L31
 043e  eb 1f                             jmp     L32
 0440  8b 40 35          L30             mov     eax,+35H[eax]
 0443  85 c0                             test    eax,eax
 0445  74 18                             je      L32
 0447  8b 50 21          L31             mov     edx,+21H[eax]
 044a  2b 50 19                          sub     edx,+19H[eax]
 044d  8b 68 1d                          mov     ebp,+1dH[eax]
 0450  01 d1                             add     ecx,edx
 0452  8b 50 25                          mov     edx,+25H[eax]
 0455  29 ea                             sub     edx,ebp
 0457  39 d3                             cmp     ebx,edx
 0459  7d e5                             jge     L30
 045b  89 d3                             mov     ebx,edx
 045d  eb e1                             jmp     L30
 045f  89 ca             L32             mov     edx,ecx
 0461  89 f0                             mov     eax,esi
 0463  e8 00 00 00 00                    call    void near GUIcontents::resize( int, int )
 0468  5d                                pop     ebp
 0469  5e                                pop     esi
 046a  5a                                pop     edx
 046b  59                                pop     ecx
 046c  5b                                pop     ebx
 046d  c3                                ret     
 046e  8b c0                             mov     eax,eax
 0470                    int near panelist::keyhit( char, char ):
 0470  51                                push    ecx
 0471  80 fb 75                          cmp     bl,75H
 0474  75 34                             jne     L35
 0476  8b 50 2d                          mov     edx,+2dH[eax]
 0479  85 d2                             test    edx,edx
 047b  74 24                             je      L34
 047d  8b 5a 35          L33             mov     ebx,+35H[edx]
 0480  53                                push    ebx
 0481  52                                push    edx
 0482  8b 4a 31                          mov     ecx,+31H[edx]
 0485  51                                push    ecx
 0486  68 4b 00 00 00                    push    offset L89
 048b  6a 02                             push    00000002H
 048d  68 00 00 00 00                    push    offset msgbuffer near msg
 0492  e8 00 00 00 00                    call    void near msgbuffer::printf( int, char near *, ... )
 0497  8b 52 35                          mov     edx,+35H[edx]
 049a  83 c4 18                          add     esp,00000018H
 049d  85 d2                             test    edx,edx
 049f  75 dc                             jne     L33
 04a1  ba 01 00 00 00    L34             mov     edx,00000001H
 04a6  89 d0                             mov     eax,edx
 04a8  59                                pop     ecx
 04a9  c3                                ret     
 04aa  81 e3 ff 00 00 00 L35             and     ebx,000000ffH
 04b0  81 e2 ff 00 00 00                 and     edx,000000ffH
 04b6  e8 00 00 00 00                    call    int near GUIrect::keyhit( char, char )
 04bb  89 c2                             mov     edx,eax
 04bd  89 d0                             mov     eax,edx
 04bf  59                                pop     ecx
 04c0  c3                                ret     
 04c1  8d 40 00                          lea     eax,+0H[eax]
 04c4                    void near effectedit::open():
 04c4  53                                push    ebx
 04c5  51                                push    ecx
 04c6  52                                push    edx
 04c7  56                                push    esi
 04c8  57                                push    edi
 04c9  55                                push    ebp
 04ca  83 ec 04                          sub     esp,00000004H
 04cd  b8 49 00 00 00                    mov     eax,00000049H
 04d2  e8 00 00 00 00                    call    void near * near operator new( int unsigned )
 04d7  85 c0                             test    eax,eax
 04d9  74 4d                             je      L36
 04db  6a 00                             push    00000000H
 04dd  31 c9                             xor     ecx,ecx
 04df  6a 00                             push    00000000H
 04e1  31 db                             xor     ebx,ebx
 04e3  31 d2                             xor     edx,edx
 04e5  e8 00 00 00 00                    call    near GUIrect::GUIrect( GUIrect near *, int, int, int, int )
 04ea  c7 40 29 00 00 00 
       00                                mov     dword ptr +29H[eax],offset void (near * const near __vftbl[])()
 04f1  c7 40 31 00 00 00 
       00                                mov     dword ptr +31H[eax],00000000H
 04f8  c7 40 35 00 00 00 
       00                                mov     dword ptr +35H[eax],00000000H
 04ff  c7 40 39 00 00 00 
       00                                mov     dword ptr +39H[eax],00000000H
 0506  c7 40 3d 00 00 00 
       00                                mov     dword ptr +3dH[eax],00000000H
 050d  c7 40 41 00 00 00 
       00                                mov     dword ptr +41H[eax],00000000H
 0514  c7 40 45 00 00 00 
       00                                mov     dword ptr +45H[eax],00000000H
 051b  8b 50 31                          mov     edx,+31H[eax]
 051e  c7 40 29 00 00 00 
       00                                mov     dword ptr +29H[eax],offset void (near * const near __vftbl[])()
 0525  89 50 2d                          mov     +2dH[eax],edx
 0528  89 c2             L36             mov     edx,eax
 052a  b8 51 00 00 00                    mov     eax,00000051H
 052f  89 d5                             mov     ebp,edx
 0531  e8 00 00 00 00                    call    void near * near operator new( int unsigned )
 0536  85 c0                             test    eax,eax
 0538  0f 84 c7 00 00 00                 je      L40
 053e  e8 00 00 00 00                    call    near epane::epane( effectedit near * )
 0543  89 c7                             mov     edi,eax
 0545  89 c6                             mov     esi,eax
 0547  c7 40 29 00 00 00 
       00                                mov     dword ptr +29H[eax],offset void (near * const near __vftbl[])()
 054e  b8 59 00 00 00                    mov     eax,00000059H
 0553  e8 00 00 00 00                    call    void near * near operator new( int unsigned )
 0558  89 04 24                          mov     [esp],eax
 055b  85 c0                             test    eax,eax
 055d  74 3d                             je      L37
 055f  8b 47 25                          mov     eax,+25H[edi]
 0562  2b 47 1d                          sub     eax,+1dH[edi]
 0565  8d 50 f1                          lea     edx,-0fH[eax]
 0568  bb 0a 00 00 00                    mov     ebx,0000000aH
 056d  89 d0                             mov     eax,edx
 056f  c1 fa 1f                          sar     edx,1fH
 0572  f7 fb                             idiv    ebx
 0574  8b 4f 19                          mov     ecx,+19H[edi]
 0577  53                                push    ebx
 0578  89 c2                             mov     edx,eax
 057a  8b 47 21                          mov     eax,+21H[edi]
 057d  52                                push    edx
 057e  29 c8                             sub     eax,ecx
 0580  89 fa                             mov     edx,edi
 0582  29 d8                             sub     eax,ebx
 0584  b9 05 00 00 00                    mov     ecx,00000005H
 0589  50                                push    eax
 058a  89 cb                             mov     ebx,ecx
 058c  8b 44 24 0c                       mov     eax,+0cH[esp]
 0590  e8 00 00 00 00                    call    near GUIlistbox::GUIlistbox( GUIrect near *, int, int, int, int, int )
 0595  c7 40 29 00 00 00 
       00                                mov     dword ptr +29H[eax],offset void (near * const near __vftbl[])()
 059c  89 46 41          L37             mov     +41H[esi],eax
 059f  b8 8a 00 00 00                    mov     eax,0000008aH
 05a4  e8 00 00 00 00                    call    void near * near operator new( int unsigned )
 05a9  85 c0                             test    eax,eax
 05ab  74 1b                             je      L38
 05ad  8b 56 25                          mov     edx,+25H[esi]
 05b0  2b 56 1d                          sub     edx,+1dH[esi]
 05b3  83 ea 0d                          sub     edx,0000000dH
 05b6  b9 14 00 00 00                    mov     ecx,00000014H
 05bb  52                                push    edx
 05bc  bb 83 02 00 00                    mov     ebx,offset L156
 05c1  89 f2                             mov     edx,esi
 05c3  e8 00 00 00 00                    call    near GUItextbutton::GUItextbutton( GUIrect near *, char near *, int, int )
 05c8  89 46 45          L38             mov     +45H[esi],eax
 05cb  b8 8a 00 00 00                    mov     eax,0000008aH
 05d0  e8 00 00 00 00                    call    void near * near operator new( int unsigned )
 05d5  85 c0                             test    eax,eax
 05d7  74 1b                             je      L39
 05d9  8b 56 25                          mov     edx,+25H[esi]
 05dc  2b 56 1d                          sub     edx,+1dH[esi]
 05df  83 ea 0d                          sub     edx,0000000dH
 05e2  b9 3c 00 00 00                    mov     ecx,0000003cH
 05e7  52                                push    edx
 05e8  bb 87 02 00 00                    mov     ebx,offset L157
 05ed  89 f2                             mov     edx,esi
 05ef  e8 00 00 00 00                    call    near GUItextbutton::GUItextbutton( GUIrect near *, char near *, int, int )
 05f4  c7 46 3d 00 00 00 
       00                L39             mov     dword ptr +3dH[esi],00000000H
 05fb  c7 46 4d 00 00 00 
       00                                mov     dword ptr +4dH[esi],00000000H
 0602  89 46 49                          mov     +49H[esi],eax
 0605  b8 85 00 00 00    L40             mov     eax,00000085H
 060a  e8 00 00 00 00                    call    void near * near operator new( int unsigned )
 060f  85 c0                             test    eax,eax
 0611  74 16                             je      L41
 0613  6a 00                             push    00000000H
 0615  bb 8e 02 00 00                    mov     ebx,offset L158
 061a  6a 00                             push    00000000H
 061c  8b 15 00 00 00 00                 mov     edx,GUIroot near * near guiroot
 0622  89 e9                             mov     ecx,ebp
 0624  e8 00 00 00 00                    call    near GUIbox::GUIbox( GUIrect near *, char near *, GUIcontents near *, int, int )
 0629  8b 0d 0c 00 00 00 L41             mov     ecx,DLGPOS near effectedit::pos+0cH
 062f  89 c7                             mov     edi,eax
 0631  85 c9                             test    ecx,ecx
 0633  74 1d                             je      L43
 0635  85 c0                             test    eax,eax
 0637  74 0a                             je      L42
 0639  8b 58 29                          mov     ebx,+29H[eax]
 063c  ba 02 00 00 00                    mov     edx,00000002H
 0641  ff 13                             call    dword ptr [ebx]
 0643  a1 0c 00 00 00    L42             mov     eax,DLGPOS near effectedit::pos+0cH
 0648  e8 00 00 00 00                    call    int near GUIrect::setfocus( GUIrect near * )
 064d  e9 85 00 00 00                    jmp     L47
 0652  89 c2             L43             mov     edx,eax
 0654  a1 08 00 00 00                    mov     eax,DLGPOS near effectedit::pos+8H
 0659  be 00 00 00 00                    mov     esi,offset DLGPOS near effectedit::pos
 065e  85 c0                             test    eax,eax
 0660  74 19                             je      L44
 0662  a1 00 00 00 00                    mov     eax,int near GUIdefx
 0667  a3 00 00 00 00                    mov     DLGPOS near effectedit::pos,eax
 066c  a1 00 00 00 00                    mov     eax,int near GUIdefy
 0671  a3 04 00 00 00                    mov     DLGPOS near effectedit::pos+4H,eax
 0676  e8 00 00 00 00                    call    void near nextGUIdef()
 067b  8b 42 21          L44             mov     eax,+21H[edx]
 067e  2b 42 19                          sub     eax,+19H[edx]
 0681  8b 1e                             mov     ebx,[esi]
 0683  01 c3                             add     ebx,eax
 0685  a1 00 00 00 00                    mov     eax,_SCREENX
 068a  83 e8 14                          sub     eax,00000014H
 068d  39 c3                             cmp     ebx,eax
 068f  7f 19                             jg      L45
 0691  8b 42 25                          mov     eax,+25H[edx]
 0694  8b 4a 1d                          mov     ecx,+1dH[edx]
 0697  8b 56 04                          mov     edx,+4H[esi]
 069a  29 c8                             sub     eax,ecx
 069c  01 c2                             add     edx,eax
 069e  a1 00 00 00 00                    mov     eax,_SCREENY
 06a3  83 e8 14                          sub     eax,00000014H
 06a6  39 c2                             cmp     edx,eax
 06a8  7e 14                             jle     L46
 06aa  e8 00 00 00 00    L45             call    void near resetGUIdef()
 06af  a1 00 00 00 00                    mov     eax,int near GUIdefx
 06b4  89 06                             mov     [esi],eax
 06b6  a1 00 00 00 00                    mov     eax,int near GUIdefy
 06bb  89 46 04                          mov     +4H[esi],eax
 06be  8b 1d 04 00 00 00 L46             mov     ebx,DLGPOS near effectedit::pos+4H
 06c4  8b 15 00 00 00 00                 mov     edx,DLGPOS near effectedit::pos
 06ca  89 f8                             mov     eax,edi
 06cc  e8 00 00 00 00                    call    void near GUIrect::moverel( int, int )
 06d1  89 3d 0c 00 00 00                 mov     DLGPOS near effectedit::pos+0cH,edi
 06d7  ba 01 00 00 00    L47             mov     edx,00000001H
 06dc  8b 75 29                          mov     esi,+29H[ebp]
 06df  8b 1d 00 00 00 00                 mov     ebx,objectspace near * near objspace
 06e5  89 e8                             mov     eax,ebp
 06e7  ff 56 10                          call    dword ptr +10H[esi]
 06ea  83 c4 04                          add     esp,00000004H
 06ed  5d                                pop     ebp
 06ee  5f                                pop     edi
 06ef  5e                                pop     esi
 06f0  5a                                pop     edx
 06f1  59                                pop     ecx
 06f2  5b                                pop     ebx
 06f3  c3                                ret     
 06f4                    void near m_editeffects():
 06f4  e8 00 00 00 00                    call    void near effectedit::open()
 06f9  c3                                ret     
 06fa  8b c0                             mov     eax,eax
 06fc  3e 07 00 00       L48             DD      L49
 0700  77 08 00 00                       DD      L53
 0704  77 08 00 00                       DD      L53
 0708  44 0a 00 00                       DD      L62
 070c  29 09 00 00                       DD      L56
 0710  2d 0c 00 00                       DD      L70
 0714  c8 0e 00 00                       DD      L81
 0718  a5 0b 00 00                       DD      L68
 071c  e4 09 00 00                       DD      L60
 0720  fd 0c 00 00                       DD      L73
 0724                    epane near * near neweffectpane( effect near *, effectedit near * ):
 0724  53                                push    ebx
 0725  51                                push    ecx
 0726  56                                push    esi
 0727  57                                push    edi
 0728  55                                push    ebp
 0729  89 e5                             mov     ebp,esp
 072b  83 ec 24                          sub     esp,00000024H
 072e  85 c0                             test    eax,eax
 0730  0f 85 7c 07 00 00                 jne     L80
 0736  89 ec                             mov     esp,ebp
 0738  5d                                pop     ebp
 0739  5f                                pop     edi
 073a  5e                                pop     esi
 073b  59                                pop     ecx
 073c  5b                                pop     ebx
 073d  c3                                ret     
 073e  b8 4d 00 00 00    L49             mov     eax,0000004dH
 0743  e8 00 00 00 00                    call    void near * near operator new( int unsigned )
 0748  89 c6                             mov     esi,eax
 074a  89 c3                             mov     ebx,eax
 074c  85 c0                             test    eax,eax
 074e  0f 84 76 07 00 00                 je      L82
 0754  e8 00 00 00 00                    call    near epane::epane( effectedit near * )
 0759  c7 40 3d 00 00 00 
       00                                mov     dword ptr +3dH[eax],00000000H
 0760  89 c6                             mov     esi,eax
 0762  c7 40 29 00 00 00 
       00                                mov     dword ptr +29H[eax],offset void (near * const near __vftbl[])()
 0769  b8 81 00 00 00                    mov     eax,00000081H
 076e  e8 00 00 00 00                    call    void near * near operator new( int unsigned )
 0773  89 c3                             mov     ebx,eax
 0775  85 c0                             test    eax,eax
 0777  74 61                             je      L50
 0779  89 f2                             mov     edx,esi
 077b  8b 42 21                          mov     eax,+21H[edx]
 077e  2b 42 19                          sub     eax,+19H[edx]
 0781  8d 48 f6                          lea     ecx,-0aH[eax]
 0784  8b 7a 1d                          mov     edi,+1dH[edx]
 0787  8b 42 25                          mov     eax,+25H[edx]
 078a  89 4d e8                          mov     -18H[ebp],ecx
 078d  29 f8                             sub     eax,edi
 078f  31 d2                             xor     edx,edx
 0791  83 e8 16                          sub     eax,00000016H
 0794  89 55 e0                          mov     -20H[ebp],edx
 0797  ba 05 00 00 00                    mov     edx,00000005H
 079c  89 45 dc                          mov     -24H[ebp],eax
 079f  89 55 e4                          mov     -1cH[ebp],edx
 07a2  8b 55 dc                          mov     edx,-24H[ebp]
 07a5  89 d8                             mov     eax,ebx
 07a7  52                                push    edx
 07a8  8b 4d e4                          mov     ecx,-1cH[ebp]
 07ab  bb 03 00 00 00                    mov     ebx,00000003H
 07b0  51                                push    ecx
 07b1  89 f2                             mov     edx,esi
 07b3  8b 4d e0                          mov     ecx,-20H[ebp]
 07b6  e8 00 00 00 00                    call    near GUIstatictext::GUIstatictext( GUIrect near *, int, char near *, int, int )
 07bb  8b 4d e8                          mov     ecx,-18H[ebp]
 07be  8b 58 19                          mov     ebx,+19H[eax]
 07c1  01 cb                             add     ebx,ecx
 07c3  89 58 21                          mov     +21H[eax],ebx
 07c6  bf 0a 00 00 00                    mov     edi,0000000aH
 07cb  8b 58 1d                          mov     ebx,+1dH[eax]
 07ce  c7 40 29 00 00 00 
       00                                mov     dword ptr +29H[eax],offset void (near * const near __vftbl[])()
 07d5  01 fb                             add     ebx,edi
 07d7  89 58 25                          mov     +25H[eax],ebx
 07da  89 46 45          L50             mov     +45H[esi],eax
 07dd  b8 8a 00 00 00                    mov     eax,0000008aH
 07e2  e8 00 00 00 00                    call    void near * near operator new( int unsigned )
 07e7  89 c7                             mov     edi,eax
 07e9  85 c0                             test    eax,eax
 07eb  74 2d                             je      L51
 07ed  8b 46 25                          mov     eax,+25H[esi]
 07f0  8b 56 1d                          mov     edx,+1dH[esi]
 07f3  8b 5e 19                          mov     ebx,+19H[esi]
 07f6  29 d0                             sub     eax,edx
 07f8  8b 56 21                          mov     edx,+21H[esi]
 07fb  83 e8 0d                          sub     eax,0000000dH
 07fe  29 da                             sub     edx,ebx
 0800  50                                push    eax
 0801  89 d0                             mov     eax,edx
 0803  c1 fa 1f                          sar     edx,1fH
 0806  2b c2                             sub     eax,edx
 0808  d1 f8                             sar     eax,1
 080a  bb 9c 00 00 00                    mov     ebx,offset L97
 080f  89 c1                             mov     ecx,eax
 0811  89 f2                             mov     edx,esi
 0813  89 f8                             mov     eax,edi
 0815  e8 00 00 00 00                    call    near GUItextbutton::GUItextbutton( GUIrect near *, char near *, int, int )
 081a  89 46 49          L51             mov     +49H[esi],eax
 081d  b8 59 00 00 00                    mov     eax,00000059H
 0822  e8 00 00 00 00                    call    void near * near operator new( int unsigned )
 0827  89 c7                             mov     edi,eax
 0829  85 c0                             test    eax,eax
 082b  74 3d                             je      L52
 082d  8b 46 25                          mov     eax,+25H[esi]
 0830  2b 46 1d                          sub     eax,+1dH[esi]
 0833  8d 50 e5                          lea     edx,-1bH[eax]
 0836  bb 0a 00 00 00                    mov     ebx,0000000aH
 083b  89 d0                             mov     eax,edx
 083d  c1 fa 1f                          sar     edx,1fH
 0840  f7 fb                             idiv    ebx
 0842  6a 0a                             push    0000000aH
 0844  89 c2                             mov     edx,eax
 0846  8b 5e 19                          mov     ebx,+19H[esi]
 0849  8b 46 21                          mov     eax,+21H[esi]
 084c  b9 05 00 00 00                    mov     ecx,00000005H
 0851  29 d8                             sub     eax,ebx
 0853  52                                push    edx
 0854  83 e8 0a                          sub     eax,0000000aH
 0857  89 f2                             mov     edx,esi
 0859  50                                push    eax
 085a  89 cb                             mov     ebx,ecx
 085c  89 f8                             mov     eax,edi
 085e  e8 00 00 00 00                    call    near GUIlistbox::GUIlistbox( GUIrect near *, int, int, int, int, int )
 0863  c7 40 29 00 00 00 
       00                                mov     dword ptr +29H[eax],offset void (near * const near __vftbl[])()
 086a  89 46 41          L52             mov     +41H[esi],eax
 086d  89 f0                             mov     eax,esi
 086f  89 ec                             mov     esp,ebp
 0871  5d                                pop     ebp
 0872  5f                                pop     edi
 0873  5e                                pop     esi
 0874  59                                pop     ecx
 0875  5b                                pop     ebx
 0876  c3                                ret     
 0877  b8 45 00 00 00    L53             mov     eax,00000045H
 087c  e8 00 00 00 00                    call    void near * near operator new( int unsigned )
 0881  85 c0                             test    eax,eax
 0883  0f 84 41 06 00 00                 je      L82
 0889  e8 00 00 00 00                    call    near epane::epane( effectedit near * )
 088e  89 c2                             mov     edx,eax
 0890  c7 40 3d 00 00 00 
       00                                mov     dword ptr +3dH[eax],00000000H
 0897  89 c6                             mov     esi,eax
 0899  c7 40 29 00 00 00 
       00                                mov     dword ptr +29H[eax],offset void (near * const near __vftbl[])()
 08a0  b8 81 00 00 00                    mov     eax,00000081H
 08a5  e8 00 00 00 00                    call    void near * near operator new( int unsigned )
 08aa  85 c0                             test    eax,eax
 08ac  74 13                             je      L54
 08ae  6a 05                             push    00000005H
 08b0  6a 05                             push    00000005H
 08b2  b9 64 00 00 00                    mov     ecx,offset L91
 08b7  bb 01 00 00 00                    mov     ebx,00000001H
 08bc  e8 00 00 00 00                    call    near GUIstatictext::GUIstatictext( GUIrect near *, int, char near *, int, int )
 08c1  b8 59 00 00 00    L54             mov     eax,00000059H
 08c6  e8 00 00 00 00                    call    void near * near operator new( int unsigned )
 08cb  85 c0                             test    eax,eax
 08cd  74 28                             je      L55
 08cf  8b 56 21                          mov     edx,+21H[esi]
 08d2  8b 5e 19                          mov     ebx,+19H[esi]
 08d5  6a 0a                             push    0000000aH
 08d7  29 da                             sub     edx,ebx
 08d9  6a 04                             push    00000004H
 08db  83 ea 0a                          sub     edx,0000000aH
 08de  b9 0f 00 00 00                    mov     ecx,0000000fH
 08e3  52                                push    edx
 08e4  bb 05 00 00 00                    mov     ebx,00000005H
 08e9  89 f2                             mov     edx,esi
 08eb  e8 00 00 00 00                    call    near GUIlistbox::GUIlistbox( GUIrect near *, int, int, int, int, int )
 08f0  c7 40 29 00 00 00 
       00                                mov     dword ptr +29H[eax],offset void (near * const near __vftbl[])()
 08f7  ba 04 00 00 00    L55             mov     edx,00000004H
 08fc  89 46 41                          mov     +41H[esi],eax
 08ff  e8 00 00 00 00                    call    void near * near * near GUIlistbox::resizeitems( int )
 0904  c7 00 6f 00 00 00                 mov     dword ptr [eax],offset L92
 090a  c7 40 04 74 00 00 
       00                                mov     dword ptr +4H[eax],offset L93
 0911  c7 40 08 7c 00 00 
       00                                mov     dword ptr +8H[eax],offset L94
 0918  c7 40 0c 85 00 00 
       00                                mov     dword ptr +0cH[eax],offset L95
 091f  89 f0                             mov     eax,esi
 0921  89 ec                             mov     esp,ebp
 0923  5d                                pop     ebp
 0924  5f                                pop     edi
 0925  5e                                pop     esi
 0926  59                                pop     ecx
 0927  5b                                pop     ebx
 0928  c3                                ret     
 0929  b8 45 00 00 00    L56             mov     eax,00000045H
 092e  e8 00 00 00 00                    call    void near * near operator new( int unsigned )
 0933  85 c0                             test    eax,eax
 0935  0f 84 8f 05 00 00                 je      L82
 093b  e8 00 00 00 00                    call    near epane::epane( effectedit near * )
 0940  89 c7                             mov     edi,eax
 0942  c7 40 3d 00 00 00 
       00                                mov     dword ptr +3dH[eax],00000000H
 0949  89 c6                             mov     esi,eax
 094b  c7 40 29 00 00 00 
       00                                mov     dword ptr +29H[eax],offset void (near * const near __vftbl[])()
 0952  b8 59 00 00 00                    mov     eax,00000059H
 0957  e8 00 00 00 00                    call    void near * near operator new( int unsigned )
 095c  89 45 f8                          mov     -8H[ebp],eax
 095f  85 c0                             test    eax,eax
 0961  74 3e                             je      L57
 0963  8b 47 25                          mov     eax,+25H[edi]
 0966  2b 47 1d                          sub     eax,+1dH[edi]
 0969  8d 50 f1                          lea     edx,-0fH[eax]
 096c  bb 0a 00 00 00                    mov     ebx,0000000aH
 0971  89 d0                             mov     eax,edx
 0973  c1 fa 1f                          sar     edx,1fH
 0976  f7 fb                             idiv    ebx
 0978  6a 0a                             push    0000000aH
 097a  89 c2                             mov     edx,eax
 097c  8b 5f 19                          mov     ebx,+19H[edi]
 097f  8b 47 21                          mov     eax,+21H[edi]
 0982  b9 05 00 00 00                    mov     ecx,00000005H
 0987  29 d8                             sub     eax,ebx
 0989  52                                push    edx
 098a  83 e8 0a                          sub     eax,0000000aH
 098d  89 fa                             mov     edx,edi
 098f  50                                push    eax
 0990  89 cb                             mov     ebx,ecx
 0992  8b 45 f8                          mov     eax,-8H[ebp]
 0995  e8 00 00 00 00                    call    near GUIlistbox::GUIlistbox( GUIrect near *, int, int, int, int, int )
 099a  c7 40 29 00 00 00 
       00                                mov     dword ptr +29H[eax],offset void (near * const near __vftbl[])()
 09a1  89 46 41          L57             mov     +41H[esi],eax
 09a4  8b 46 39                          mov     eax,+39H[esi]
 09a7  8b 50 3d                          mov     edx,+3dH[eax]
 09aa  8b 52 1f                          mov     edx,+1fH[edx]
 09ad  8b 46 41                          mov     eax,+41H[esi]
 09b0  31 db                             xor     ebx,ebx
 09b2  e8 00 00 00 00                    call    void near * near * near GUIlistbox::resizeitems( int )
 09b7  89 c2                             mov     edx,eax
 09b9  31 c0                             xor     eax,eax
 09bb  eb 12                             jmp     L59
 09bd  8b 49 23          L58             mov     ecx,+23H[ecx]
 09c0  83 c2 04                          add     edx,00000004H
 09c3  01 c1                             add     ecx,eax
 09c5  43                                inc     ebx
 09c6  83 c1 19                          add     ecx,00000019H
 09c9  83 c0 29                          add     eax,00000029H
 09cc  89 4a fc                          mov     -4H[edx],ecx
 09cf  8b 4e 39          L59             mov     ecx,+39H[esi]
 09d2  8b 49 3d                          mov     ecx,+3dH[ecx]
 09d5  3b 59 1f                          cmp     ebx,+1fH[ecx]
 09d8  7c e3                             jl      L58
 09da  89 f0                             mov     eax,esi
 09dc  89 ec                             mov     esp,ebp
 09de  5d                                pop     ebp
 09df  5f                                pop     edi
 09e0  5e                                pop     esi
 09e1  59                                pop     ecx
 09e2  5b                                pop     ebx
 09e3  c3                                ret     
 09e4  b8 45 00 00 00    L60             mov     eax,00000045H
 09e9  e8 00 00 00 00                    call    void near * near operator new( int unsigned )
 09ee  85 c0                             test    eax,eax
 09f0  0f 84 d4 04 00 00                 je      L82
 09f6  e8 00 00 00 00                    call    near epane::epane( effectedit near * )
 09fb  89 c2                             mov     edx,eax
 09fd  c7 40 3d 00 00 00 
       00                                mov     dword ptr +3dH[eax],00000000H
 0a04  89 c6                             mov     esi,eax
 0a06  c7 40 29 00 00 00 
       00                                mov     dword ptr +29H[eax],offset void (near * const near __vftbl[])()
 0a0d  b8 e5 00 00 00                    mov     eax,000000e5H
 0a12  e8 00 00 00 00                    call    void near * near operator new( int unsigned )
 0a17  85 c0                             test    eax,eax
 0a19  74 1c                             je      L61
 0a1b  8b 5a 21                          mov     ebx,+21H[edx]
 0a1e  2b 5a 19                          sub     ebx,+19H[edx]
 0a21  6a 0f                             push    0000000fH
 0a23  83 eb 0a                          sub     ebx,0000000aH
 0a26  53                                push    ebx
 0a27  6a 05                             push    00000005H
 0a29  6a 05                             push    00000005H
 0a2b  31 c9                             xor     ecx,ecx
 0a2d  bb ee 00 00 00                    mov     ebx,offset L107
 0a32  e8 00 00 00 00                    call    near GUItextedit::GUItextedit( GUIrect near *, char near *, char near *, int, int, int, int )
 0a37  89 46 41          L61             mov     +41H[esi],eax
 0a3a  89 f0                             mov     eax,esi
 0a3c  89 ec                             mov     esp,ebp
 0a3e  5d                                pop     ebp
 0a3f  5f                                pop     edi
 0a40  5e                                pop     esi
 0a41  59                                pop     ecx
 0a42  5b                                pop     ebx
 0a43  c3                                ret     
 0a44  b8 4d 00 00 00    L62             mov     eax,0000004dH
 0a49  e8 00 00 00 00                    call    void near * near operator new( int unsigned )
 0a4e  89 c3                             mov     ebx,eax
 0a50  89 c1                             mov     ecx,eax
 0a52  85 c0                             test    eax,eax
 0a54  0f 84 70 04 00 00                 je      L82
 0a5a  89 45 fc                          mov     -4H[ebp],eax
 0a5d  89 d6                             mov     esi,edx
 0a5f  e8 00 00 00 00                    call    near epane::epane( effectedit near * )
 0a64  c7 40 3d 00 00 00 
       00                                mov     dword ptr +3dH[eax],00000000H
 0a6b  89 45 fc                          mov     -4H[ebp],eax
 0a6e  c7 40 29 00 00 00 
       00                                mov     dword ptr +29H[eax],offset void (near * const near __vftbl[])()
 0a75  b8 59 00 00 00                    mov     eax,00000059H
 0a7a  e8 00 00 00 00                    call    void near * near operator new( int unsigned )
 0a7f  89 c2                             mov     edx,eax
 0a81  85 c0                             test    eax,eax
 0a83  74 3e                             je      L63
 0a85  8b 5d fc                          mov     ebx,-4H[ebp]
 0a88  8b 43 21                          mov     eax,+21H[ebx]
 0a8b  2b 43 19                          sub     eax,+19H[ebx]
 0a8e  8d 78 f6                          lea     edi,-0aH[eax]
 0a91  89 d0                             mov     eax,edx
 0a93  89 da                             mov     edx,ebx
 0a95  c7 45 ec 05 00 00 
       00                                mov     dword ptr -14H[ebp],00000005H
 0a9c  bb 0a 00 00 00                    mov     ebx,0000000aH
 0aa1  b9 03 00 00 00                    mov     ecx,00000003H
 0aa6  53                                push    ebx
 0aa7  89 4d f0                          mov     -10H[ebp],ecx
 0aaa  b9 04 00 00 00                    mov     ecx,00000004H
 0aaf  51                                push    ecx
 0ab0  57                                push    edi
 0ab1  8b 5d ec                          mov     ebx,-14H[ebp]
 0ab4  8b 4d f0                          mov     ecx,-10H[ebp]
 0ab7  e8 00 00 00 00                    call    near GUIlistbox::GUIlistbox( GUIrect near *, int, int, int, int, int )
 0abc  c7 40 29 00 00 00 
       00                                mov     dword ptr +29H[eax],offset void (near * const near __vftbl[])()
 0ac3  8b 55 fc          L63             mov     edx,-4H[ebp]
 0ac6  89 42 45                          mov     +45H[edx],eax
 0ac9  b8 59 00 00 00                    mov     eax,00000059H
 0ace  e8 00 00 00 00                    call    void near * near operator new( int unsigned )
 0ad3  85 c0                             test    eax,eax
 0ad5  74 2c                             je      L64
 0ad7  8b 5d fc                          mov     ebx,-4H[ebp]
 0ada  8b 52 21                          mov     edx,+21H[edx]
 0add  8b 7b 19                          mov     edi,+19H[ebx]
 0ae0  6a 0a                             push    0000000aH
 0ae2  29 fa                             sub     edx,edi
 0ae4  6a 06                             push    00000006H
 0ae6  83 ea 0a                          sub     edx,0000000aH
 0ae9  b9 2e 00 00 00                    mov     ecx,0000002eH
 0aee  52                                push    edx
 0aef  bb 05 00 00 00                    mov     ebx,00000005H
 0af4  8b 55 fc                          mov     edx,-4H[ebp]
 0af7  e8 00 00 00 00                    call    near GUIlistbox::GUIlistbox( GUIrect near *, int, int, int, int, int )
 0afc  c7 40 29 00 00 00 
       00                                mov     dword ptr +29H[eax],offset void (near * const near __vftbl[])()
 0b03  8b 55 fc          L64             mov     edx,-4H[ebp]
 0b06  89 42 49                          mov     +49H[edx],eax
 0b09  8b 56 35                          mov     edx,+35H[esi]
 0b0c  8b 45 fc                          mov     eax,-4H[ebp]
 0b0f  8b 52 51                          mov     edx,+51H[edx]
 0b12  8b 40 45                          mov     eax,+45H[eax]
 0b15  e8 00 00 00 00                    call    void near * near * near GUIlistbox::resizeitems( int )
 0b1a  89 c2                             mov     edx,eax
 0b1c  89 45 f4                          mov     -0cH[ebp],eax
 0b1f  31 c0                             xor     eax,eax
 0b21  eb 10                             jmp     L66
 0b23  8b 5b 55          L65             mov     ebx,+55H[ebx]
 0b26  8b 1c 83                          mov     ebx,[ebx+eax*4]
 0b29  83 c2 04                          add     edx,00000004H
 0b2c  83 c3 07                          add     ebx,00000007H
 0b2f  40                                inc     eax
 0b30  89 5a fc                          mov     -4H[edx],ebx
 0b33  8b 5e 35          L66             mov     ebx,+35H[esi]
 0b36  3b 43 51                          cmp     eax,+51H[ebx]
 0b39  7c e8                             jl      L65
 0b3b  8b 45 f4                          mov     eax,-0cH[ebp]
 0b3e  c7 00 06 01 00 00                 mov     dword ptr [eax],offset L110
 0b44  b8 81 00 00 00                    mov     eax,00000081H
 0b49  e8 00 00 00 00                    call    void near * near operator new( int unsigned )
 0b4e  85 c0                             test    eax,eax
 0b50  74 43                             je      L67
 0b52  8b 55 fc                          mov     edx,-4H[ebp]
 0b55  8b 5d fc                          mov     ebx,-4H[ebp]
 0b58  8b 52 21                          mov     edx,+21H[edx]
 0b5b  2b 53 19                          sub     edx,+19H[ebx]
 0b5e  8b 7b 1d                          mov     edi,+1dH[ebx]
 0b61  89 d6                             mov     esi,edx
 0b63  8b 53 25                          mov     edx,+25H[ebx]
 0b66  29 fa                             sub     edx,edi
 0b68  83 ea 0a                          sub     edx,0000000aH
 0b6b  52                                push    edx
 0b6c  31 c9                             xor     ecx,ecx
 0b6e  6a 00                             push    00000000H
 0b70  bb 01 00 00 00                    mov     ebx,00000001H
 0b75  8b 55 fc                          mov     edx,-4H[ebp]
 0b78  e8 00 00 00 00                    call    near GUIstatictext::GUIstatictext( GUIrect near *, int, char near *, int, int )
 0b7d  8b 50 19                          mov     edx,+19H[eax]
 0b80  01 f2                             add     edx,esi
 0b82  89 50 21                          mov     +21H[eax],edx
 0b85  8b 50 1d                          mov     edx,+1dH[eax]
 0b88  c7 40 29 00 00 00 
       00                                mov     dword ptr +29H[eax],offset void (near * const near __vftbl[])()
 0b8f  83 c2 0a                          add     edx,0000000aH
 0b92  89 50 25                          mov     +25H[eax],edx
 0b95  8b 55 fc          L67             mov     edx,-4H[ebp]
 0b98  89 42 41                          mov     +41H[edx],eax
 0b9b  89 d0                             mov     eax,edx
 0b9d  89 ec                             mov     esp,ebp
 0b9f  5d                                pop     ebp
 0ba0  5f                                pop     edi
 0ba1  5e                                pop     esi
 0ba2  59                                pop     ecx
 0ba3  5b                                pop     ebx
 0ba4  c3                                ret     
 0ba5  b8 45 00 00 00    L68             mov     eax,00000045H
 0baa  e8 00 00 00 00                    call    void near * near operator new( int unsigned )
 0baf  85 c0                             test    eax,eax
 0bb1  0f 84 13 03 00 00                 je      L82
 0bb7  e8 00 00 00 00                    call    near epane::epane( effectedit near * )
 0bbc  89 c2                             mov     edx,eax
 0bbe  c7 40 3d 00 00 00 
       00                                mov     dword ptr +3dH[eax],00000000H
 0bc5  89 c6                             mov     esi,eax
 0bc7  c7 40 29 00 00 00 
       00                                mov     dword ptr +29H[eax],offset void (near * const near __vftbl[])()
 0bce  b8 59 00 00 00                    mov     eax,00000059H
 0bd3  e8 00 00 00 00                    call    void near * near operator new( int unsigned )
 0bd8  85 c0                             test    eax,eax
 0bda  74 26                             je      L69
 0bdc  8b 5a 21                          mov     ebx,+21H[edx]
 0bdf  8b 4a 19                          mov     ecx,+19H[edx]
 0be2  6a 0a                             push    0000000aH
 0be4  29 cb                             sub     ebx,ecx
 0be6  6a 04                             push    00000004H
 0be8  83 eb 0a                          sub     ebx,0000000aH
 0beb  53                                push    ebx
 0bec  b9 0f 00 00 00                    mov     ecx,0000000fH
 0bf1  bb 05 00 00 00                    mov     ebx,00000005H
 0bf6  e8 00 00 00 00                    call    near GUIlistbox::GUIlistbox( GUIrect near *, int, int, int, int, int )
 0bfb  c7 40 29 00 00 00 
       00                                mov     dword ptr +29H[eax],offset void (near * const near __vftbl[])()
 0c02  ba 03 00 00 00    L69             mov     edx,00000003H
 0c07  89 46 41                          mov     +41H[esi],eax
 0c0a  e8 00 00 00 00                    call    void near * near * near GUIlistbox::resizeitems( int )
 0c0f  c7 00 c7 00 00 00                 mov     dword ptr [eax],offset L102
 0c15  c7 40 04 cd 00 00 
       00                                mov     dword ptr +4H[eax],offset L103
 0c1c  c7 40 08 d2 00 00 
       00                                mov     dword ptr +8H[eax],offset L104
 0c23  89 f0                             mov     eax,esi
 0c25  89 ec                             mov     esp,ebp
 0c27  5d                                pop     ebp
 0c28  5f                                pop     edi
 0c29  5e                                pop     esi
 0c2a  59                                pop     ecx
 0c2b  5b                                pop     ebx
 0c2c  c3                                ret     
 0c2d  b8 49 00 00 00    L70             mov     eax,00000049H
 0c32  e8 00 00 00 00                    call    void near * near operator new( int unsigned )
 0c37  85 c0                             test    eax,eax
 0c39  0f 84 8b 02 00 00                 je      L82
 0c3f  e8 00 00 00 00                    call    near epane::epane( effectedit near * )
 0c44  89 c2                             mov     edx,eax
 0c46  89 c6                             mov     esi,eax
 0c48  c7 40 29 00 00 00 
       00                                mov     dword ptr +29H[eax],offset void (near * const near __vftbl[])()
 0c4f  b8 59 00 00 00                    mov     eax,00000059H
 0c54  e8 00 00 00 00                    call    void near * near operator new( int unsigned )
 0c59  85 c0                             test    eax,eax
 0c5b  74 23                             je      L71
 0c5d  8b 5a 21                          mov     ebx,+21H[edx]
 0c60  8b 7a 19                          mov     edi,+19H[edx]
 0c63  6a 0a                             push    0000000aH
 0c65  29 fb                             sub     ebx,edi
 0c67  6a 07                             push    00000007H
 0c69  83 eb 0a                          sub     ebx,0000000aH
 0c6c  b9 05 00 00 00                    mov     ecx,00000005H
 0c71  53                                push    ebx
 0c72  89 cb                             mov     ebx,ecx
 0c74  e8 00 00 00 00                    call    near GUIlistbox::GUIlistbox( GUIrect near *, int, int, int, int, int )
 0c79  c7 40 29 00 00 00 
       00                                mov     dword ptr +29H[eax],offset void (near * const near __vftbl[])()
 0c80  ba 04 00 00 00    L71             mov     edx,00000004H
 0c85  89 46 45                          mov     +45H[esi],eax
 0c88  e8 00 00 00 00                    call    void near * near * near GUIlistbox::resizeitems( int )
 0c8d  c7 00 34 01 00 00                 mov     dword ptr [eax],offset L116
 0c93  c7 40 04 3b 01 00 
       00                                mov     dword ptr +4H[eax],offset L117
 0c9a  c7 40 08 40 01 00 
       00                                mov     dword ptr +8H[eax],offset L118
 0ca1  c7 40 0c 4a 01 00 
       00                                mov     dword ptr +0cH[eax],offset L119
 0ca8  b8 81 00 00 00                    mov     eax,00000081H
 0cad  e8 00 00 00 00                    call    void near * near operator new( int unsigned )
 0cb2  85 c0                             test    eax,eax
 0cb4  74 3a                             je      L72
 0cb6  8b 56 25                          mov     edx,+25H[esi]
 0cb9  2b 56 1d                          sub     edx,+1dH[esi]
 0cbc  8b 7e 21                          mov     edi,+21H[esi]
 0cbf  83 ea 0a                          sub     edx,0000000aH
 0cc2  8b 5e 19                          mov     ebx,+19H[esi]
 0cc5  52                                push    edx
 0cc6  29 df                             sub     edi,ebx
 0cc8  bb 01 00 00 00                    mov     ebx,00000001H
 0ccd  6a 00                             push    00000000H
 0ccf  31 c9                             xor     ecx,ecx
 0cd1  89 f2                             mov     edx,esi
 0cd3  e8 00 00 00 00                    call    near GUIstatictext::GUIstatictext( GUIrect near *, int, char near *, int, int )
 0cd8  8b 50 19                          mov     edx,+19H[eax]
 0cdb  01 fa                             add     edx,edi
 0cdd  89 50 21                          mov     +21H[eax],edx
 0ce0  8b 50 1d                          mov     edx,+1dH[eax]
 0ce3  c7 40 29 00 00 00 
       00                                mov     dword ptr +29H[eax],offset void (near * const near __vftbl[])()
 0cea  83 c2 0a                          add     edx,0000000aH
 0ced  89 50 25                          mov     +25H[eax],edx
 0cf0  89 46 41          L72             mov     +41H[esi],eax
 0cf3  89 f0                             mov     eax,esi
 0cf5  89 ec                             mov     esp,ebp
 0cf7  5d                                pop     ebp
 0cf8  5f                                pop     edi
 0cf9  5e                                pop     esi
 0cfa  59                                pop     ecx
 0cfb  5b                                pop     ebx
 0cfc  c3                                ret     
 0cfd  b8 69 00 00 00    L73             mov     eax,00000069H
 0d02  e8 00 00 00 00                    call    void near * near operator new( int unsigned )
 0d07  85 c0                             test    eax,eax
 0d09  0f 84 bb 01 00 00                 je      L82
 0d0f  e8 00 00 00 00                    call    near epane::epane( effectedit near * )
 0d14  89 c2                             mov     edx,eax
 0d16  c7 40 29 00 00 00 
       00                                mov     dword ptr +29H[eax],offset void (near * const near __vftbl[])()
 0d1d  89 c6                             mov     esi,eax
 0d1f  c7 40 55 00 00 00 
       00                                mov     dword ptr +55H[eax],00000000H
 0d26  b8 59 00 00 00                    mov     eax,00000059H
 0d2b  e8 00 00 00 00                    call    void near * near operator new( int unsigned )
 0d30  85 c0                             test    eax,eax
 0d32  74 23                             je      L74
 0d34  8b 5a 21                          mov     ebx,+21H[edx]
 0d37  8b 4a 19                          mov     ecx,+19H[edx]
 0d3a  6a 0a                             push    0000000aH
 0d3c  29 cb                             sub     ebx,ecx
 0d3e  6a 03                             push    00000003H
 0d40  83 eb 0a                          sub     ebx,0000000aH
 0d43  b9 05 00 00 00                    mov     ecx,00000005H
 0d48  53                                push    ebx
 0d49  89 cb                             mov     ebx,ecx
 0d4b  e8 00 00 00 00                    call    near GUIlistbox::GUIlistbox( GUIrect near *, int, int, int, int, int )
 0d50  c7 40 29 00 00 00 
       00                                mov     dword ptr +29H[eax],offset void (near * const near __vftbl[])()
 0d57  ba 03 00 00 00    L74             mov     edx,00000003H
 0d5c  89 46 41                          mov     +41H[esi],eax
 0d5f  e8 00 00 00 00                    call    void near * near * near GUIlistbox::resizeitems( int )
 0d64  c7 00 84 01 00 00                 mov     dword ptr [eax],offset L126
 0d6a  c7 40 04 8b 01 00 
       00                                mov     dword ptr +4H[eax],offset L127
 0d71  c7 40 08 90 01 00 
       00                                mov     dword ptr +8H[eax],offset L128
 0d78  b8 85 00 00 00                    mov     eax,00000085H
 0d7d  e8 00 00 00 00                    call    void near * near operator new( int unsigned )
 0d82  85 c0                             test    eax,eax
 0d84  74 15                             je      L75
 0d86  6a 00                             push    00000000H
 0d88  b9 0a 00 00 00                    mov     ecx,0000000aH
 0d8d  6a 26                             push    00000026H
 0d8f  bb 97 01 00 00                    mov     ebx,offset L129
 0d94  89 f2                             mov     edx,esi
 0d96  e8 00 00 00 00                    call    near GUIcheckbox::GUIcheckbox( GUIrect near *, char near *, int, int, int )
 0d9b  89 46 45          L75             mov     +45H[esi],eax
 0d9e  b8 8a 00 00 00                    mov     eax,0000008aH
 0da3  e8 00 00 00 00                    call    void near * near operator new( int unsigned )
 0da8  89 c7                             mov     edi,eax
 0daa  85 c0                             test    eax,eax
 0dac  74 2d                             je      L76
 0dae  8b 46 25                          mov     eax,+25H[esi]
 0db1  8b 56 1d                          mov     edx,+1dH[esi]
 0db4  8b 5e 19                          mov     ebx,+19H[esi]
 0db7  29 d0                             sub     eax,edx
 0db9  8b 56 21                          mov     edx,+21H[esi]
 0dbc  83 e8 1b                          sub     eax,0000001bH
 0dbf  29 da                             sub     edx,ebx
 0dc1  50                                push    eax
 0dc2  89 d0                             mov     eax,edx
 0dc4  c1 fa 1f                          sar     edx,1fH
 0dc7  2b c2                             sub     eax,edx
 0dc9  d1 f8                             sar     eax,1
 0dcb  bb 9e 01 00 00                    mov     ebx,offset L130
 0dd0  89 c1                             mov     ecx,eax
 0dd2  89 f2                             mov     edx,esi
 0dd4  89 f8                             mov     eax,edi
 0dd6  e8 00 00 00 00                    call    near GUItextbutton::GUItextbutton( GUIrect near *, char near *, int, int )
 0ddb  89 46 5d          L76             mov     +5dH[esi],eax
 0dde  b8 8a 00 00 00                    mov     eax,0000008aH
 0de3  e8 00 00 00 00                    call    void near * near operator new( int unsigned )
 0de8  89 c7                             mov     edi,eax
 0dea  85 c0                             test    eax,eax
 0dec  74 2b                             je      L77
 0dee  8b 46 25                          mov     eax,+25H[esi]
 0df1  2b 46 1d                          sub     eax,+1dH[esi]
 0df4  83 e8 0d                          sub     eax,0000000dH
 0df7  8b 56 21                          mov     edx,+21H[esi]
 0dfa  50                                push    eax
 0dfb  8b 46 19                          mov     eax,+19H[esi]
 0dfe  29 c2                             sub     edx,eax
 0e00  89 d0                             mov     eax,edx
 0e02  c1 fa 1f                          sar     edx,1fH
 0e05  2b c2                             sub     eax,edx
 0e07  d1 f8                             sar     eax,1
 0e09  bb a6 01 00 00                    mov     ebx,offset L131
 0e0e  89 c1                             mov     ecx,eax
 0e10  89 f2                             mov     edx,esi
 0e12  89 f8                             mov     eax,edi
 0e14  e8 00 00 00 00                    call    near GUItextbutton::GUItextbutton( GUIrect near *, char near *, int, int )
 0e19  89 46 59          L77             mov     +59H[esi],eax
 0e1c  b8 81 00 00 00                    mov     eax,00000081H
 0e21  e8 00 00 00 00                    call    void near * near operator new( int unsigned )
 0e26  85 c0                             test    eax,eax
 0e28  74 35                             je      L78
 0e2a  6a 32                             push    00000032H
 0e2c  8b 56 21                          mov     edx,+21H[esi]
 0e2f  8b 5e 19                          mov     ebx,+19H[esi]
 0e32  31 c9                             xor     ecx,ecx
 0e34  29 da                             sub     edx,ebx
 0e36  6a 05                             push    00000005H
 0e38  8d 7a f6                          lea     edi,-0aH[edx]
 0e3b  bb 03 00 00 00                    mov     ebx,00000003H
 0e40  89 f2                             mov     edx,esi
 0e42  e8 00 00 00 00                    call    near GUIstatictext::GUIstatictext( GUIrect near *, int, char near *, int, int )
 0e47  8b 50 19                          mov     edx,+19H[eax]
 0e4a  01 fa                             add     edx,edi
 0e4c  89 50 21                          mov     +21H[eax],edx
 0e4f  8b 50 1d                          mov     edx,+1dH[eax]
 0e52  c7 40 29 00 00 00 
       00                                mov     dword ptr +29H[eax],offset void (near * const near __vftbl[])()
 0e59  83 c2 0a                          add     edx,0000000aH
 0e5c  89 50 25                          mov     +25H[eax],edx
 0e5f  89 46 61          L78             mov     +61H[esi],eax
 0e62  b8 81 00 00 00                    mov     eax,00000081H
 0e67  e8 00 00 00 00                    call    void near * near operator new( int unsigned )
 0e6c  85 c0                             test    eax,eax
 0e6e  74 35                             je      L79
 0e70  6a 3d                             push    0000003dH
 0e72  8b 56 21                          mov     edx,+21H[esi]
 0e75  8b 4e 19                          mov     ecx,+19H[esi]
 0e78  bb 03 00 00 00                    mov     ebx,00000003H
 0e7d  29 ca                             sub     edx,ecx
 0e7f  6a 05                             push    00000005H
 0e81  8d 7a f6                          lea     edi,-0aH[edx]
 0e84  31 c9                             xor     ecx,ecx
 0e86  89 f2                             mov     edx,esi
 0e88  e8 00 00 00 00                    call    near GUIstatictext::GUIstatictext( GUIrect near *, int, char near *, int, int )
 0e8d  8b 50 19                          mov     edx,+19H[eax]
 0e90  01 fa                             add     edx,edi
 0e92  89 50 21                          mov     +21H[eax],edx
 0e95  8b 50 1d                          mov     edx,+1dH[eax]
 0e98  c7 40 29 00 00 00 
       00                                mov     dword ptr +29H[eax],offset void (near * const near __vftbl[])()
 0e9f  83 c2 0a                          add     edx,0000000aH
 0ea2  89 50 25                          mov     +25H[eax],edx
 0ea5  89 46 65          L79             mov     +65H[esi],eax
 0ea8  89 f0                             mov     eax,esi
 0eaa  89 ec                             mov     esp,ebp
 0eac  5d                                pop     ebp
 0ead  5f                                pop     edi
 0eae  5e                                pop     esi
 0eaf  59                                pop     ecx
 0eb0  5b                                pop     ebx
 0eb1  c3                                ret     
 0eb2  8a 00             L80             mov     al,[eax]
 0eb4  24 7f                             and     al,7fH
 0eb6  25 ff 00 00 00                    and     eax,000000ffH
 0ebb  83 f8 09                          cmp     eax,00000009H
 0ebe  77 08                             ja      L81
 0ec0  2e ff 24 85 fc 06 
       00 00                             jmp     dword ptr cs:L48[eax*4]
 0ec8  31 c0             L81             xor     eax,eax
 0eca  89 ec             L82             mov     esp,ebp
 0ecc  5d                                pop     ebp
 0ecd  5f                                pop     edi
 0ece  5e                                pop     esi
 0ecf  59                                pop     ecx
 0ed0  5b                                pop     ebx
 0ed1  c3                                ret     
 0ed2  8b c0                             mov     eax,eax

No disassembly errors

------------------------------------------------------------

Segment: CONST  DWORD USE32  00000296 bytes  
 0000  67 75 69 72 65 63 74 00 L83             - guirect.
 0008  67 75 69 73 74 61 74 69 L84             - guistati
 0010  63 74 65 78 74 00                       - ctext.
 0016  67 75 69 6c 69 73 74 62 L85             - guilistb
 001e  6f 78 00                                - ox.
 0021  67 75 69 73 74 72 69 6e L86             - guistrin
 0029  67 6c 69 73 74 62 6f 78                 - glistbox
 0031  00                                      - .
 0032  65 66 66 65 63 74 6c 69 L87             - effectli
 003a  73 74 62 6f 78 00                       - stbox.
 0040  65 66 66 65 63 74 65 64 L88             - effected
 0048  69 74 00                                - it.
 004b  25 70 3a 25 70 3a 25 70 L89             - %p:%p:%p
 0053  00                                      - .
 0054  66 72 61 6d 65 65 66 66 L90             - frameeff
 005c  65 63 74 6c 69 73 74 00                 - ectlist.
 0064  49 6e 74 65 6e 73 69 74 L91             - Intensit
 006c  79 3a 00                                - y:.
 006f  57 65 61 6b 00          L92             - Weak.
 0074  56 69 6f 6c 65 6e 74 00 L93             - Violent.
 007c  4f 72 67 61 73 6d 69 63 L94             - Orgasmic
 0084  00                                      - .
 0085  45 70 69 6c 65 70 74 69 L95             - Epilepti
 008d  63 00                                   - c.
 008f  65 5f 73 68 61 6b 65 5f L96             - e_shake_
 0097  65 64 69 74 00                          - edit.
 009c  54 65 73 74 00          L97             - Test.
 00a1  25 32 2e 31 66 4b 42 20 L98             - %2.1fKB 
 00a9  25 32 2e 32 66 73 65 63                 - %2.2fsec
 00b1  00                                      - .
 00b2  c6 37 3e 38             L99             - .7>8
 00b6  00 00 80 3a             L100            - ...:
 00ba  65 5f 73 6f 75 6e 64 5f L101            - e_sound_
 00c2  65 64 69 74 00                          - edit.
 00c7  52 69 67 68 74 00       L102            - Right.
 00cd  4c 65 66 74 00          L103            - Left.
 00d2  46 6c 69 70 00          L104            - Flip.
 00d7  65 5f 64 69 72 20 65 64 L105            - e_dir ed
 00df  69 74 00                                - it.
 00e2  65 5f 67 6f 74 6f 5f 65 L106            - e_goto_e
 00ea  64 69 74 00                             - dit.
 00ee  00                      L107            - .
 00ef  00                      L108            - .
 00f0  65 5f 67 6f 74 6f 73 65 L109            - e_gotose
 00f8  72 69 65 73 6e 61 6d 65                 - riesname
 0100  20 65 64 69 74 00                       -  edit.
 0106  3c 73 65 6c 66 3e 00    L110            - <self>.
 010d  66 6c 69 70 78 00       L111            - flipx.
 0113  00                      L112            - .
 0114  28 25 64 2c 25 64 2c 25 L113            - (%d,%d,%
 011c  64 29 20 25 73 00                       - d) %s.
 0122  00                      L114            - .
 0123  65 5f 6e 65 77 6f 62 6a L115            - e_newobj
 012b  65 63 74 20 65 64 69 74                 - ect edit
 0133  00                                      - .
 0134  53 71 75 69 72 74 00    L116            - Squirt.
 013b  44 72 69 70 00          L117            - Drip.
 0140  45 78 70 6c 6f 73 69 6f L118            - Explosio
 0148  6e 00                                   - n.
 014a  46 6c 6f 6f 64 00       L119            - Flood.
 0150  66 6c 69 70 78 00       L120            - flipx.
 0156  00                      L121            - .
 0157  28 25 64 2c 25 64 2c 25 L122            - (%d,%d,%
 015f  64 29 20 25 73 00                       - d) %s.
 0165  00                      L123            - .
 0166  65 5f 62 6c 6f 6f 64 20 L124            - e_blood 
 016e  65 64 69 74 00                          - edit.
 0173  72 65 67 69 6f 6e 65 66 L125            - regionef
 017b  66 65 63 74 6c 69 73 74                 - fectlist
 0183  00                                      - .
 0184  69 6d 70 65 72 6d 00    L126            - imperm.
 018b  76 75 6c 6e 00          L127            - vuln.
 0190  61 74 74 61 63 6b 00    L128            - attack.
 0197  61 70 70 65 6e 64 00    L129            - append.
 019e  66 6c 61 67 73 3e 3e 00 L130            - flags>>.
 01a6  65 66 66 65 63 74 73 3e L131            - effects>
 01ae  3e 00                                   - >.
 01b0  66 6c 61 67 73 3e 3e 00 L132            - flags>>.
 01b8  65 66 66 65 63 74 73 3e L133            - effects>
 01c0  3e 00                                   - >.
 01c2  70 75 73 68 65 72 00    L134            - pusher.
 01c9  70 75 73 68 61 62 6c 65 L135            - pushable
 01d1  00                                      - .
 01d2  73 74 61 6e 64 6f 6e 74 L136            - standont
 01da  6f 70 61 62 6c 65 00                    - opable.
 01e1  62 6f 75 6e 63 65 00    L137            - bounce.
 01e8  73 74 61 74 69 6f 6e 61 L138            - stationa
 01f0  72 79 00                                - ry.
 01f3  70 6c 61 79 65 72 00    L139            - player.
 01fa  65 6e 65 6d 79 00       L140            - enemy.
 0200  6f 74 68 65 72 00       L141            - other.
 0206  68 69 74 73 20 70 6c 61 L142            - hits pla
 020e  79 65 72 00                             - yer.
 0212  68 69 74 73 20 65 6e 65 L143            - hits ene
 021a  6d 79 00                                - my.
 021d  68 69 74 73 20 6f 74 68 L144            - hits oth
 0225  65 72 00                                - er.
 0228  3c 3c 66 6c 61 67 73 00 L145            - <<flags.
 0230  4c 6f 63 61 6c 3a 00    L146            - Local:.
 0237  41 64 64 00             L147            - Add.
 023b  44 65 6c 65 74 65 00    L148            - Delete.
 0242  52 65 6d 6f 74 65 3a 00 L149            - Remote:.
 024a  41 64 64 00             L150            - Add.
 024e  44 65 6c 65 74 65 00    L151            - Delete.
 0255  3c 3c 65 66 66 65 63 74 L152            - <<effect
 025d  73 00                                   - s.
 025f  28 25 64 2c 25 64 2c 25 L153            - (%d,%d,%
 0267  64 29 00                                - d).
 026a  28 25 64 2c 25 64 2c 25 L154            - (%d,%d,%
 0272  64 29 00                                - d).
 0275  65 5f 72 65 67 69 6f 6e L155            - e_region
 027d  20 65 64 69 74 00                       -  edit.
 0283  41 64 64 00             L156            - Add.
 0287  44 65 6c 65 74 65 00    L157            - Delete.
 028e  45 66 66 65 63 74 73 00 L158            - Effects.

No disassembly errors

------------------------------------------------------------

Segment: _DATA  DWORD USE32  00000003 bytes  
 0000                          char near e_region::void near draw( char near *, object near * )::.0::rcolor[] LABEL BYTE
 0000  02 01 04                                - ...

No disassembly errors

------------------------------------------------------------

Segment: _BSS  DWORD USE32  0000001c bytes  

No disassembly errors

------------------------------------------------------------

Segment: XI  WORD USE32  00000006 bytes  
 0000                          void (near * near .mod_init)() LABEL BYTE
 0000  00 40                                   - .@
 0002  00 00 00 00                             DD      void near .fn_init()

No disassembly errors

------------------------------------------------------------

Comdat: int near GUIrect::width()  SEGMENT ANY '_TEXT'  0000000c bytes  
 0000  52                                push    edx
 0001  89 c2                             mov     edx,eax
 0003  8b 40 21                          mov     eax,+21H[eax]
 0006  2b 42 19                          sub     eax,+19H[edx]
 0009  5a                                pop     edx
 000a  c3                                ret     
 000b  90                                nop     

No disassembly errors

------------------------------------------------------------

Comdat: int near GUIrect::height()  SEGMENT ANY '_TEXT'  0000000c bytes  
 0000  52                                push    edx
 0001  89 c2                             mov     edx,eax
 0003  8b 40 25                          mov     eax,+25H[eax]
 0006  2b 42 1d                          sub     eax,+1dH[edx]
 0009  5a                                pop     edx
 000a  c3                                ret     
 000b  90                                nop     

No disassembly errors

------------------------------------------------------------

Comdat: void near GUIrect::refresh( int, void near * )  SEGMENT ANY '_TEXT'  00000004 bytes  
 0000  c3                                ret     
 0001  8d 40 00                          lea     eax,+0H[eax]

No disassembly errors

------------------------------------------------------------

Comdat: int near GUIrect::acceptfocus()  SEGMENT ANY '_TEXT'  00000004 bytes  
 0000  31 c0                             xor     eax,eax
 0002  c3                                ret     
 0003  90                                nop     

No disassembly errors

------------------------------------------------------------

Comdat: GUIrect near * near GUIrect::click( mouse near & )  SEGMENT ANY '_TEXT'  00000004 bytes  
 0000  31 c0                             xor     eax,eax
 0002  c3                                ret     
 0003  90                                nop     

No disassembly errors

------------------------------------------------------------

Comdat: int near GUIrect::release( mouse near & )  SEGMENT ANY '_TEXT'  00000008 bytes  
 0000  b8 01 00 00 00                    mov     eax,00000001H
 0005  c3                                ret     
 0006  8b c0                             mov     eax,eax

No disassembly errors

------------------------------------------------------------

Comdat: int near GUIrect::drag( mouse near & )  SEGMENT ANY '_TEXT'  00000004 bytes  
 0000  31 c0                             xor     eax,eax
 0002  c3                                ret     
 0003  90                                nop     

No disassembly errors

------------------------------------------------------------

Comdat: char near * near GUIrect::getname()  SEGMENT ANY '_TEXT'  00000008 bytes  
 0000  b8 00 00 00 00                    mov     eax,offset L83
 0005  c3                                ret     
 0006  8b c0                             mov     eax,eax

No disassembly errors

------------------------------------------------------------

Comdat: int near GUIrect::sendmessage( GUIrect near *, int )  SEGMENT ANY '_TEXT'  00000008 bytes  
 0000  b8 01 00 00 00                    mov     eax,00000001H
 0005  c3                                ret     
 0006  8b c0                             mov     eax,eax

No disassembly errors

------------------------------------------------------------

Comdat: near GUIcontents::GUIcontents( int, int )  SEGMENT ANY '_TEXT'  00000018 bytes  
 0000  51                                push    ecx
 0001  53                                push    ebx
 0002  31 c9                             xor     ecx,ecx
 0004  52                                push    edx
 0005  31 db                             xor     ebx,ebx
 0007  31 d2                             xor     edx,edx
 0009  e8 00 00 00 00                    call    near GUIrect::GUIrect( GUIrect near *, int, int, int, int )
 000e  c7 40 29 00 00 00 
       00                                mov     dword ptr +29H[eax],offset void (near * const near __vftbl[])()
 0015  59                                pop     ecx
 0016  c3                                ret     
 0017  90                                nop     

No disassembly errors

------------------------------------------------------------

Comdat: void near GUIcontents::maximize()  SEGMENT ANY '_TEXT'  00000004 bytes  
 0000  c3                                ret     
 0001  8d 40 00                          lea     eax,+0H[eax]

No disassembly errors

------------------------------------------------------------

Comdat: void near GUIcontents::restore()  SEGMENT ANY '_TEXT'  00000004 bytes  
 0000  c3                                ret     
 0001  8d 40 00                          lea     eax,+0H[eax]

No disassembly errors

------------------------------------------------------------

Comdat: char near * near GUIstatictext::getname()  SEGMENT ANY '_TEXT'  00000008 bytes  
 0000  b8 08 00 00 00                    mov     eax,offset L84
 0005  c3                                ret     
 0006  8b c0                             mov     eax,eax

No disassembly errors

------------------------------------------------------------

Comdat: near GUIstaticcenteredtext::GUIstaticcenteredtext( GUIrect near *, int, char near *, int, int, int )  SEGMENT ANY '_TEXT'  00000034 bytes  
 0000  56                                push    esi
 0001  57                                push    edi
 0002  55                                push    ebp
 0003  8b 74 24 14                       mov     esi,+14H[esp]
 0007  56                                push    esi
 0008  8b 7c 24 14                       mov     edi,+14H[esp]
 000c  57                                push    edi
 000d  8b 6c 24 20                       mov     ebp,+20H[esp]
 0011  e8 00 00 00 00                    call    near GUIstatictext::GUIstatictext( GUIrect near *, int, char near *, int, int )
 0016  8b 50 19                          mov     edx,+19H[eax]
 0019  01 ea                             add     edx,ebp
 001b  89 50 21                          mov     +21H[eax],edx
 001e  8b 50 1d                          mov     edx,+1dH[eax]
 0021  c7 40 29 00 00 00 
       00                                mov     dword ptr +29H[eax],offset void (near * const near __vftbl[])()
 0028  83 c2 0a                          add     edx,0000000aH
 002b  89 50 25                          mov     +25H[eax],edx
 002e  5d                                pop     ebp
 002f  5f                                pop     edi
 0030  5e                                pop     esi
 0031  c2 0c 00                          ret     000cH

No disassembly errors

------------------------------------------------------------

Comdat: void near * near GUIlistbox::getselptr()  SEGMENT ANY '_TEXT'  0000001c bytes  
 0000  52                                push    edx
 0001  8b 50 49                          mov     edx,+49H[eax]
 0004  85 d2                             test    edx,edx
 0006  7c 06                             jl      L159
 0008  83 78 41 00                       cmp     dword ptr +41H[eax],00000000H
 000c  75 04                             jne     L160
 000e  31 c0             L159            xor     eax,eax
 0010  5a                                pop     edx
 0011  c3                                ret     
 0012  8b 40 45          L160            mov     eax,+45H[eax]
 0015  8b 04 90                          mov     eax,[eax+edx*4]
 0018  5a                                pop     edx
 0019  c3                                ret     
 001a  8b c0                             mov     eax,eax

No disassembly errors

------------------------------------------------------------

Comdat: near GUIlistbox::~GUIlistbox()  SEGMENT ANY '_TEXT'  00000048 bytes  
 0000  53                                push    ebx
 0001  51                                push    ecx
 0002  89 c3                             mov     ebx,eax
 0004  89 d1                             mov     ecx,edx
 0006  f6 c1 04                          test    cl,04H
 0009  74 14                             je      L161
 000b  ba 00 00 00 00                    mov     edx,offset char unsigned const near __typesig[]
 0010  e8 00 00 00 00                    call    __wcpp_2_dtor_array_store__
 0015  e8 00 00 00 00                    call    void near operator delete []( void near * )
 001a  89 d8                             mov     eax,ebx
 001c  59                                pop     ecx
 001d  5b                                pop     ebx
 001e  c3                                ret     
 001f  ba 01 00 00 00    L161            mov     edx,00000001H
 0024  c7 40 29 00 00 00 
       00                                mov     dword ptr +29H[eax],offset void (near * const near __vftbl[])()
 002b  e8 00 00 00 00                    call    void near GUIlistbox::freeitems()
 0030  89 d8                             mov     eax,ebx
 0032  e8 00 00 00 00                    call    near GUIrect::~GUIrect()
 0037  89 c3                             mov     ebx,eax
 0039  f6 c1 02                          test    cl,02H
 003c  74 05                             je      L162
 003e  e8 00 00 00 00                    call    void near operator delete( void near * )
 0043  89 d8             L162            mov     eax,ebx
 0045  59                                pop     ecx
 0046  5b                                pop     ebx
 0047  c3                                ret     

No disassembly errors

------------------------------------------------------------

Comdat: int near GUIlistbox::acceptfocus()  SEGMENT ANY '_TEXT'  00000008 bytes  
 0000  b8 01 00 00 00                    mov     eax,00000001H
 0005  c3                                ret     
 0006  8b c0                             mov     eax,eax

No disassembly errors

------------------------------------------------------------

Comdat: void near GUIlistbox::drawitems( char near *, int, int )  SEGMENT ANY '_TEXT'  00000004 bytes  
 0000  c3                                ret     
 0001  8d 40 00                          lea     eax,+0H[eax]

No disassembly errors

------------------------------------------------------------

Comdat: char near * near GUIlistbox::getname()  SEGMENT ANY '_TEXT'  00000008 bytes  
 0000  b8 16 00 00 00                    mov     eax,offset L85
 0005  c3                                ret     
 0006  8b c0                             mov     eax,eax

No disassembly errors

------------------------------------------------------------

Comdat: near GUIstringlistbox::GUIstringlistbox( GUIrect near *, int, int, int, int, int )  SEGMENT ANY '_TEXT'  00000024 bytes  
 0000  56                                push    esi
 0001  57                                push    edi
 0002  55                                push    ebp
 0003  8b 74 24 18                       mov     esi,+18H[esp]
 0007  56                                push    esi
 0008  8b 7c 24 18                       mov     edi,+18H[esp]
 000c  57                                push    edi
 000d  8b 6c 24 18                       mov     ebp,+18H[esp]
 0011  55                                push    ebp
 0012  e8 00 00 00 00                    call    near GUIlistbox::GUIlistbox( GUIrect near *, int, int, int, int, int )
 0017  c7 40 29 00 00 00 
       00                                mov     dword ptr +29H[eax],offset void (near * const near __vftbl[])()
 001e  5d                                pop     ebp
 001f  5f                                pop     edi
 0020  5e                                pop     esi
 0021  c2 0c 00                          ret     000cH

No disassembly errors

------------------------------------------------------------

Comdat: char near * near GUIstringlistbox::getname()  SEGMENT ANY '_TEXT'  00000008 bytes  
 0000  b8 21 00 00 00                    mov     eax,offset L86
 0005  c3                                ret     
 0006  8b c0                             mov     eax,eax

No disassembly errors

------------------------------------------------------------

Comdat: int near effect::gettype()  SEGMENT ANY '_TEXT'  0000000c bytes  
 0000  8a 00                             mov     al,[eax]
 0002  24 7f                             and     al,7fH
 0004  25 ff 00 00 00                    and     eax,000000ffH
 0009  c3                                ret     
 000a  8b c0                             mov     eax,eax

No disassembly errors

------------------------------------------------------------

Comdat: near panelist::panelist()  SEGMENT ANY '_TEXT'  0000002c bytes  
 0000  53                                push    ebx
 0001  51                                push    ecx
 0002  52                                push    edx
 0003  6a 00                             push    00000000H
 0005  31 c9                             xor     ecx,ecx
 0007  6a 00                             push    00000000H
 0009  31 db                             xor     ebx,ebx
 000b  31 d2                             xor     edx,edx
 000d  e8 00 00 00 00                    call    near GUIrect::GUIrect( GUIrect near *, int, int, int, int )
 0012  c7 40 29 00 00 00 
       00                                mov     dword ptr +29H[eax],offset void (near * const near __vftbl[])()
 0019  c7 40 31 00 00 00 
       00                                mov     dword ptr +31H[eax],00000000H
 0020  8b 50 31                          mov     edx,+31H[eax]
 0023  89 50 2d                          mov     +2dH[eax],edx
 0026  5a                                pop     edx
 0027  59                                pop     ecx
 0028  5b                                pop     ebx
 0029  c3                                ret     
 002a  8b c0                             mov     eax,eax

No disassembly errors

------------------------------------------------------------

Comdat: void near panelist::draw( char near * )  SEGMENT ANY '_TEXT'  0000001c bytes  
 0000  53                                push    ebx
 0001  51                                push    ecx
 0002  89 c3                             mov     ebx,eax
 0004  89 d1                             mov     ecx,edx
 0006  ba 8d 00 00 00                    mov     edx,0000008dH
 000b  e8 00 00 00 00                    call    void near GUIrect::fill( char )
 0010  89 ca                             mov     edx,ecx
 0012  89 d8                             mov     eax,ebx
 0014  e8 00 00 00 00                    call    void near GUIrect::draw( char near * )
 0019  59                                pop     ecx
 001a  5b                                pop     ebx
 001b  c3                                ret     

No disassembly errors

------------------------------------------------------------

Comdat: near pane::pane( panelist near *, int, int )  SEGMENT ANY '_TEXT'  00000078 bytes  
 0000  56                                push    esi
 0001  57                                push    edi
 0002  89 c6                             mov     esi,eax
 0004  89 d7                             mov     edi,edx
 0006  51                                push    ecx
 0007  31 d2                             xor     edx,edx
 0009  53                                push    ebx
 000a  31 c9                             xor     ecx,ecx
 000c  31 db                             xor     ebx,ebx
 000e  e8 00 00 00 00                    call    near GUIrect::GUIrect( GUIrect near *, int, int, int, int )
 0013  89 78 2d                          mov     +2dH[eax],edi
 0016  89 c6                             mov     esi,eax
 0018  8b 50 2d                          mov     edx,+2dH[eax]
 001b  c7 40 29 00 00 00 
       00                                mov     dword ptr +29H[eax],offset void (near * const near __vftbl[])()
 0022  85 d2                             test    edx,edx
 0024  74 4d                             je      L165
 0026  8b 52 31                          mov     edx,+31H[edx]
 0029  89 50 31                          mov     +31H[eax],edx
 002c  8b 58 31                          mov     ebx,+31H[eax]
 002f  c7 40 35 00 00 00 
       00                                mov     dword ptr +35H[eax],00000000H
 0036  85 db                             test    ebx,ebx
 0038  74 05                             je      L163
 003a  89 43 35                          mov     +35H[ebx],eax
 003d  eb 06                             jmp     L164
 003f  8b 50 2d          L163            mov     edx,+2dH[eax]
 0042  89 42 2d                          mov     +2dH[edx],eax
 0045  8b 46 2d          L164            mov     eax,+2dH[esi]
 0048  89 70 31                          mov     +31H[eax],esi
 004b  8b 56 2d                          mov     edx,+2dH[esi]
 004e  31 db                             xor     ebx,ebx
 0050  8b 42 21                          mov     eax,+21H[edx]
 0053  8b 4a 19                          mov     ecx,+19H[edx]
 0056  89 c2                             mov     edx,eax
 0058  89 f0                             mov     eax,esi
 005a  29 ca                             sub     edx,ecx
 005c  e8 00 00 00 00                    call    void near GUIrect::moverel( int, int )
 0061  89 f0                             mov     eax,esi
 0063  8b 56 2d                          mov     edx,+2dH[esi]
 0066  e8 00 00 00 00                    call    void near GUIrect::reparent( GUIrect near * )
 006b  8b 46 2d                          mov     eax,+2dH[esi]
 006e  e8 00 00 00 00                    call    void near panelist::refreshsize()
 0073  89 f0             L165            mov     eax,esi
 0075  5f                                pop     edi
 0076  5e                                pop     esi
 0077  c3                                ret     

No disassembly errors

------------------------------------------------------------

Comdat: near pane::~pane()  SEGMENT ANY '_TEXT'  00000088 bytes  
 0000  53                                push    ebx
 0001  51                                push    ecx
 0002  56                                push    esi
 0003  57                                push    edi
 0004  89 c3                             mov     ebx,eax
 0006  89 d1                             mov     ecx,edx
 0008  f6 c1 04                          test    cl,04H
 000b  74 11                             je      L166
 000d  ba 00 00 00 00                    mov     edx,offset char unsigned const near __typesig[]
 0012  e8 00 00 00 00                    call    __wcpp_2_dtor_array_store__
 0017  e8 00 00 00 00                    call    void near operator delete []( void near * )
 001c  eb 62                             jmp     L171
 001e  8b 50 2d          L166            mov     edx,+2dH[eax]
 0021  c7 40 29 00 00 00 
       00                                mov     dword ptr +29H[eax],offset void (near * const near __vftbl[])()
 0028  85 d2                             test    edx,edx
 002a  74 3c                             je      L170
 002c  8b 70 35                          mov     esi,+35H[eax]
 002f  85 f6                             test    esi,esi
 0031  74 0e                             je      L167
 0033  89 f0                             mov     eax,esi
 0035  74 0a                             je      L167
 0037  8b 76 29                          mov     esi,+29H[esi]
 003a  ba 02 00 00 00                    mov     edx,00000002H
 003f  ff 16                             call    dword ptr [esi]
 0041  8b 7b 31          L167            mov     edi,+31H[ebx]
 0044  85 ff                             test    edi,edi
 0046  74 09                             je      L168
 0048  c7 47 35 00 00 00 
       00                                mov     dword ptr +35H[edi],00000000H
 004f  eb 06                             jmp     L169
 0051  8b 43 2d          L168            mov     eax,+2dH[ebx]
 0054  89 78 2d                          mov     +2dH[eax],edi
 0057  8b 43 2d          L169            mov     eax,+2dH[ebx]
 005a  8b 73 31                          mov     esi,+31H[ebx]
 005d  89 70 31                          mov     +31H[eax],esi
 0060  8b 43 2d                          mov     eax,+2dH[ebx]
 0063  e8 00 00 00 00                    call    void near panelist::refreshsize()
 0068  ba 01 00 00 00    L170            mov     edx,00000001H
 006d  89 d8                             mov     eax,ebx
 006f  e8 00 00 00 00                    call    near GUIrect::~GUIrect()
 0074  89 c3                             mov     ebx,eax
 0076  f6 c1 02                          test    cl,02H
 0079  74 05                             je      L171
 007b  e8 00 00 00 00                    call    void near operator delete( void near * )
 0080  89 d8             L171            mov     eax,ebx
 0082  5f                                pop     edi
 0083  5e                                pop     esi
 0084  59                                pop     ecx
 0085  5b                                pop     ebx
 0086  c3                                ret     
 0087  90                                nop     

No disassembly errors

------------------------------------------------------------

Comdat: int near epane::acceptfocus()  SEGMENT ANY '_TEXT'  00000008 bytes  
 0000  b8 01 00 00 00                    mov     eax,00000001H
 0005  c3                                ret     
 0006  8b c0                             mov     eax,eax

No disassembly errors

------------------------------------------------------------

Comdat: void near epane::draweffect( char near * )  SEGMENT ANY '_TEXT'  00000001 bytes  
 0000  c3                                ret     

No disassembly errors

------------------------------------------------------------

Comdat: void near effectlistbox::drawitems( char near *, int, int )  SEGMENT ANY '_TEXT'  000000c4 bytes  
 0000  56                                push    esi
 0001  57                                push    edi
 0002  55                                push    ebp
 0003  89 e5                             mov     ebp,esp
 0005  83 ec 18                          sub     esp,00000018H
 0008  89 c6                             mov     esi,eax
 000a  89 55 f0                          mov     -10H[ebp],edx
 000d  89 5d ec                          mov     -14H[ebp],ebx
 0010  89 cf                             mov     edi,ecx
 0012  8b 40 51                          mov     eax,+51H[eax]
 0015  89 45 f8                          mov     -8H[ebp],eax
 0018  8b 46 55                          mov     eax,+55H[esi]
 001b  8b 40 2d                          mov     eax,+2dH[eax]
 001e  8b 55 f8                          mov     edx,-8H[ebp]
 0021  89 45 fc                          mov     -4H[ebp],eax
 0024  85 d2                             test    edx,edx
 0026  7f 05                             jg      L172
 0028  e9 90 00 00 00                    jmp     L176
 002d  c1 e0 02          L172            shl     eax,02H
 0030  89 45 f4                          mov     -0cH[ebp],eax
 0033  8b 45 fc          L173            mov     eax,-4H[ebp]
 0036  3b 46 41                          cmp     eax,+41H[esi]
 0039  0f 8d 7e 00 00 00                 jge     L176
 003f  8b 55 fc                          mov     edx,-4H[ebp]
 0042  3b 56 49                          cmp     edx,+49H[esi]
 0045  75 23                             jne     L174
 0047  8b 46 21                          mov     eax,+21H[esi]
 004a  8b 4e 19                          mov     ecx,+19H[esi]
 004d  8b 5e 4d                          mov     ebx,+4dH[esi]
 0050  29 c8                             sub     eax,ecx
 0052  53                                push    ebx
 0053  83 e8 02                          sub     eax,00000002H
 0056  50                                push    eax
 0057  57                                push    edi
 0058  8b 45 ec                          mov     eax,-14H[ebp]
 005b  50                                push    eax
 005c  6a 02                             push    00000002H
 005e  8b 55 f0                          mov     edx,-10H[ebp]
 0061  52                                push    edx
 0062  e8 00 00 00 00                    call    _drawrect
 0067  83 c4 18                          add     esp,00000018H
 006a  8b 5d f4          L174            mov     ebx,-0cH[ebp]
 006d  8b 46 45                          mov     eax,+45H[esi]
 0070  01 d8                             add     eax,ebx
 0072  8b 08                             mov     ecx,[eax]
 0074  85 c9                             test    ecx,ecx
 0076  74 21                             je      L175
 0078  57                                push    edi
 0079  89 c8                             mov     eax,ecx
 007b  8b 5d f0                          mov     ebx,-10H[ebp]
 007e  e8 00 00 00 00                    call    char near * near effect::getname()
 0083  8b 15 04 00 00 00                 mov     edx,FONT near * near font[]+4H
 0089  8b 4d ec                          mov     ecx,-14H[ebp]
 008c  89 55 e8                          mov     -18H[ebp],edx
 008f  89 c2                             mov     edx,eax
 0091  8b 45 e8                          mov     eax,-18H[ebp]
 0094  e8 00 00 00 00                    call    void near FONT::draw( char near *, char near *, int, int )
 0099  8b 5d f8          L175            mov     ebx,-8H[ebp]
 009c  8b 4d f4                          mov     ecx,-0cH[ebp]
 009f  8b 45 fc                          mov     eax,-4H[ebp]
 00a2  8b 56 4d                          mov     edx,+4dH[esi]
 00a5  4b                                dec     ebx
 00a6  83 c1 04                          add     ecx,00000004H
 00a9  40                                inc     eax
 00aa  01 d7                             add     edi,edx
 00ac  89 5d f8                          mov     -8H[ebp],ebx
 00af  89 4d f4                          mov     -0cH[ebp],ecx
 00b2  89 45 fc                          mov     -4H[ebp],eax
 00b5  85 db                             test    ebx,ebx
 00b7  0f 8f 76 ff ff ff                 jg      L173
 00bd  89 ec             L176            mov     esp,ebp
 00bf  5d                                pop     ebp
 00c0  5f                                pop     edi
 00c1  5e                                pop     esi
 00c2  c3                                ret     
 00c3  90                                nop     

No disassembly errors

------------------------------------------------------------

Comdat: near effectlistbox::effectlistbox( GUIrect near *, int, int, int, int )  SEGMENT ANY '_TEXT'  00000020 bytes  
 0000  56                                push    esi
 0001  57                                push    edi
 0002  6a 0a                             push    0000000aH
 0004  8b 74 24 14                       mov     esi,+14H[esp]
 0008  56                                push    esi
 0009  8b 7c 24 14                       mov     edi,+14H[esp]
 000d  57                                push    edi
 000e  e8 00 00 00 00                    call    near GUIlistbox::GUIlistbox( GUIrect near *, int, int, int, int, int )
 0013  c7 40 29 00 00 00 
       00                                mov     dword ptr +29H[eax],offset void (near * const near __vftbl[])()
 001a  5f                                pop     edi
 001b  5e                                pop     esi
 001c  c2 08 00                          ret     0008H
 001f  90                                nop     

No disassembly errors

------------------------------------------------------------

Comdat: effect near * near effectlistbox::getselptr()  SEGMENT ANY '_TEXT'  0000001c bytes  
 0000  52                                push    edx
 0001  8b 50 49                          mov     edx,+49H[eax]
 0004  85 d2                             test    edx,edx
 0006  7c 06                             jl      L177
 0008  83 78 41 00                       cmp     dword ptr +41H[eax],00000000H
 000c  75 04                             jne     L178
 000e  31 c0             L177            xor     eax,eax
 0010  5a                                pop     edx
 0011  c3                                ret     
 0012  8b 40 45          L178            mov     eax,+45H[eax]
 0015  8b 04 90                          mov     eax,[eax+edx*4]
 0018  5a                                pop     edx
 0019  c3                                ret     
 001a  8b c0                             mov     eax,eax

No disassembly errors

------------------------------------------------------------

Comdat: char near * near effectlistbox::getname()  SEGMENT ANY '_TEXT'  00000008 bytes  
 0000  b8 32 00 00 00                    mov     eax,offset L87
 0005  c3                                ret     
 0006  8b c0                             mov     eax,eax

No disassembly errors

------------------------------------------------------------

Comdat: near effectedit::effectedit()  SEGMENT ANY '_TEXT'  00000054 bytes  
 0000  53                                push    ebx
 0001  51                                push    ecx
 0002  52                                push    edx
 0003  6a 00                             push    00000000H
 0005  31 c9                             xor     ecx,ecx
 0007  6a 00                             push    00000000H
 0009  31 db                             xor     ebx,ebx
 000b  31 d2                             xor     edx,edx
 000d  e8 00 00 00 00                    call    near GUIrect::GUIrect( GUIrect near *, int, int, int, int )
 0012  c7 40 29 00 00 00 
       00                                mov     dword ptr +29H[eax],offset void (near * const near __vftbl[])()
 0019  c7 40 31 00 00 00 
       00                                mov     dword ptr +31H[eax],00000000H
 0020  c7 40 35 00 00 00 
       00                                mov     dword ptr +35H[eax],00000000H
 0027  c7 40 39 00 00 00 
       00                                mov     dword ptr +39H[eax],00000000H
 002e  c7 40 3d 00 00 00 
       00                                mov     dword ptr +3dH[eax],00000000H
 0035  c7 40 41 00 00 00 
       00                                mov     dword ptr +41H[eax],00000000H
 003c  c7 40 45 00 00 00 
       00                                mov     dword ptr +45H[eax],00000000H
 0043  8b 50 31                          mov     edx,+31H[eax]
 0046  c7 40 29 00 00 00 
       00                                mov     dword ptr +29H[eax],offset void (near * const near __vftbl[])()
 004d  89 50 2d                          mov     +2dH[eax],edx
 0050  5a                                pop     edx
 0051  59                                pop     ecx
 0052  5b                                pop     ebx
 0053  c3                                ret     

No disassembly errors

------------------------------------------------------------

Comdat: .PREFIX_DATA.W?refresh$:effectedit$n(ipnv)v  SEGMENT ANY '_TEXT'  0000001c bytes  
 0000  11 00 00 00                       DD      void near effectedit::refresh( int, void near * )+11H
 0004  25 00 00 00                       DD      void near effectedit::refresh( int, void near * )+25H
 0008  1b 00 00 00                       DD      void near effectedit::refresh( int, void near * )+1bH
 000c  5b 00 00 00                       DD      void near effectedit::refresh( int, void near * )+5bH
 0010  5b 00 00 00                       DD      void near effectedit::refresh( int, void near * )+5bH
 0014  37 00 00 00                       DD      void near effectedit::refresh( int, void near * )+37H
 0018  44 00 00 00                       DD      void near effectedit::refresh( int, void near * )+44H

No disassembly errors

------------------------------------------------------------

Comdat: void near effectedit::refresh( int, void near * )  SEGMENT ANY '_TEXT'  00000060 bytes  
 0000  56                                push    esi
 0001  57                                push    edi
 0002  55                                push    ebp
 0003  4a                                dec     edx
 0004  83 fa 06                          cmp     edx,00000006H
 0007  77 52                             ja      L184
 0009  2e ff 24 95 00 00 
       00 00                             jmp     dword ptr cs:.PREFIX_DATA.W?refresh$:effectedit$n(ipnv)v[edx*4]
 0011  89 58 35                          mov     +35H[eax],ebx
 0014  85 db                             test    ebx,ebx
 0016  74 03                             je      L179
 0018  8b 5b 61                          mov     ebx,+61H[ebx]
 001b  89 58 39          L179            mov     +39H[eax],ebx
 001e  85 db                             test    ebx,ebx
 0020  74 03                             je      L180
 0022  8b 5b 16                          mov     ebx,+16H[ebx]
 0025  8b 70 39          L180            mov     esi,+39H[eax]
 0028  85 f6                             test    esi,esi
 002a  74 08                             je      L181
 002c  8b 56 11                          mov     edx,+11H[esi]
 002f  89 50 3d                          mov     +3dH[eax],edx
 0032  eb 03                             jmp     L182
 0034  89 70 3d          L181            mov     +3dH[eax],esi
 0037  8b 78 39          L182            mov     edi,+39H[eax]
 003a  89 58 41                          mov     +41H[eax],ebx
 003d  85 ff                             test    edi,edi
 003f  74 03                             je      L183
 0041  8b 5f 26                          mov     ebx,+26H[edi]
 0044  8b 68 2d          L183            mov     ebp,+2dH[eax]
 0047  89 58 45                          mov     +45H[eax],ebx
 004a  85 ed                             test    ebp,ebp
 004c  74 0d                             je      L184
 004e  8b 75 29                          mov     esi,+29H[ebp]
 0051  ba 00 80 00 00                    mov     edx,00008000H
 0056  89 e8                             mov     eax,ebp
 0058  ff 56 10                          call    dword ptr +10H[esi]
 005b  5d                L184            pop     ebp
 005c  5f                                pop     edi
 005d  5e                                pop     esi
 005e  c3                                ret     
 005f  90                                nop     

No disassembly errors

------------------------------------------------------------

Comdat: int near effectedit::acceptfocus()  SEGMENT ANY '_TEXT'  00000008 bytes  
 0000  b8 01 00 00 00                    mov     eax,00000001H
 0005  c3                                ret     
 0006  8b c0                             mov     eax,eax

No disassembly errors

------------------------------------------------------------

Comdat: char near * near effectedit::getname()  SEGMENT ANY '_TEXT'  00000008 bytes  
 0000  b8 40 00 00 00                    mov     eax,offset L88
 0005  c3                                ret     
 0006  8b c0                             mov     eax,eax

No disassembly errors

------------------------------------------------------------

Comdat: near effectedit::~effectedit()  SEGMENT ANY '_TEXT'  0000006d bytes  
 0000  53                                push    ebx
 0001  51                                push    ecx
 0002  56                                push    esi
 0003  89 c3                             mov     ebx,eax
 0005  89 d1                             mov     ecx,edx
 0007  f6 c1 04                          test    cl,04H
 000a  74 11                             je      L185
 000c  ba 00 00 00 00                    mov     edx,offset char unsigned const near __typesig[]
 0011  e8 00 00 00 00                    call    __wcpp_2_dtor_array_store__
 0016  e8 00 00 00 00                    call    void near operator delete []( void near * )
 001b  eb 4a                             jmp     L187
 001d  c7 40 29 00 00 00 
       00                L185            mov     dword ptr +29H[eax],offset void (near * const near __vftbl[])()
 0024  8b 15 0c 00 00 00                 mov     edx,DLGPOS near effectedit::pos+0cH
 002a  8b 00                             mov     eax,[eax]
 002c  39 d0                             cmp     eax,edx
 002e  75 1f                             jne     L186
 0030  8b 52 19                          mov     edx,+19H[edx]
 0033  8b 40 1d                          mov     eax,+1dH[eax]
 0036  31 f6                             xor     esi,esi
 0038  89 15 00 00 00 00                 mov     DLGPOS near effectedit::pos,edx
 003e  a3 04 00 00 00                    mov     DLGPOS near effectedit::pos+4H,eax
 0043  89 35 08 00 00 00                 mov     DLGPOS near effectedit::pos+8H,esi
 0049  89 35 0c 00 00 00                 mov     DLGPOS near effectedit::pos+0cH,esi
 004f  ba 01 00 00 00    L186            mov     edx,00000001H
 0054  89 d8                             mov     eax,ebx
 0056  e8 00 00 00 00                    call    near GUIrect::~GUIrect()
 005b  89 c3                             mov     ebx,eax
 005d  f6 c1 02                          test    cl,02H
 0060  74 05                             je      L187
 0062  e8 00 00 00 00                    call    void near operator delete( void near * )
 0067  89 d8             L187            mov     eax,ebx
 0069  5e                                pop     esi
 006a  59                                pop     ecx
 006b  5b                                pop     ebx
 006c  c3                                ret     

No disassembly errors

------------------------------------------------------------

Comdat: void near frameeffectlist::refresh( int, void near * )  SEGMENT ANY '_TEXT'  000000fc bytes  
 0000  51                                push    ecx
 0001  56                                push    esi
 0002  57                                push    edi
 0003  55                                push    ebp
 0004  83 ec 04                          sub     esp,00000004H
 0007  89 c7                             mov     edi,eax
 0009  89 58 3d                          mov     +3dH[eax],ebx
 000c  85 db                             test    ebx,ebx
 000e  74 5b                             je      L190
 0010  31 c0                             xor     eax,eax
 0012  8a 43 0a                          mov     al,+0aH[ebx]
 0015  89 da                             mov     edx,ebx
 0017  89 04 24                          mov     [esp],eax
 001a  31 db                             xor     ebx,ebx
 001c  8a 5a 0d                          mov     bl,+0dH[edx]
 001f  8d 04 9d 00 00 00 
       00                                lea     eax,+0H[ebx*4]
 0026  29 d8                             sub     eax,ebx
 0028  8d 1c 00                          lea     ebx,[eax+eax]
 002b  8d 42 0e                          lea     eax,+0eH[edx]
 002e  01 d8                             add     eax,ebx
 0030  8b 34 24                          mov     esi,[esp]
 0033  89 c3                             mov     ebx,eax
 0035  8b 6f 41                          mov     ebp,+41H[edi]
 0038  89 f2                             mov     edx,esi
 003a  89 e8                             mov     eax,ebp
 003c  31 c9                             xor     ecx,ecx
 003e  e8 00 00 00 00                    call    void near * near * near GUIlistbox::resizeitems( int )
 0043  85 f6                             test    esi,esi
 0045  7e 15                             jle     L189
 0047  89 c2                             mov     edx,eax
 0049  41                L188            inc     ecx
 004a  89 d8                             mov     eax,ebx
 004c  89 1a                             mov     [edx],ebx
 004e  83 c2 04                          add     edx,00000004H
 0051  e8 00 00 00 00                    call    int near effect::size()
 0056  01 c3                             add     ebx,eax
 0058  39 f1                             cmp     ecx,esi
 005a  7c ed                             jl      L188
 005c  85 f6             L189            test    esi,esi
 005e  74 15                             je      L191
 0060  89 e8                             mov     eax,ebp
 0062  31 d2                             xor     edx,edx
 0064  e8 00 00 00 00                    call    void near GUIlistbox::setsel( int )
 0069  eb 0a                             jmp     L191
 006b  8b 40 41          L190            mov     eax,+41H[eax]
 006e  31 d2                             xor     edx,edx
 0070  e8 00 00 00 00                    call    void near * near * near GUIlistbox::resizeitems( int )
 0075  8b 4f 35          L191            mov     ecx,+35H[edi]
 0078  89 fb                             mov     ebx,edi
 007a  85 c9                             test    ecx,ecx
 007c  74 0e                             je      L192
 007e  89 c8                             mov     eax,ecx
 0080  74 0a                             je      L192
 0082  8b 49 29                          mov     ecx,+29H[ecx]
 0085  ba 02 00 00 00                    mov     edx,00000002H
 008a  ff 11                             call    dword ptr [ecx]
 008c  8b 43 39          L192            mov     eax,+39H[ebx]
 008f  83 78 35 00                       cmp     dword ptr +35H[eax],00000000H
 0093  74 5c                             je      L199
 0095  89 c2                             mov     edx,eax
 0097  8b 43 41                          mov     eax,+41H[ebx]
 009a  8b 78 49                          mov     edi,+49H[eax]
 009d  85 ff                             test    edi,edi
 009f  7c 06                             jl      L193
 00a1  83 78 41 00                       cmp     dword ptr +41H[eax],00000000H
 00a5  75 04                             jne     L194
 00a7  31 c0             L193            xor     eax,eax
 00a9  eb 08                             jmp     L195
 00ab  89 f9             L194            mov     ecx,edi
 00ad  8b 40 45                          mov     eax,+45H[eax]
 00b0  8b 04 88                          mov     eax,[eax+ecx*4]
 00b3  e8 00 00 00 00    L195            call    epane near * near neweffectpane( effect near *, effectedit near * )
 00b8  8b 53 39                          mov     edx,+39H[ebx]
 00bb  8b 52 35                          mov     edx,+35H[edx]
 00be  89 42 31                          mov     +31H[edx],eax
 00c1  8b 43 35                          mov     eax,+35H[ebx]
 00c4  85 c0                             test    eax,eax
 00c6  74 29                             je      L199
 00c8  89 c1                             mov     ecx,eax
 00ca  8b 70 29                          mov     esi,+29H[eax]
 00cd  8b 43 41                          mov     eax,+41H[ebx]
 00d0  8b 50 49                          mov     edx,+49H[eax]
 00d3  85 d2                             test    edx,edx
 00d5  7c 06                             jl      L196
 00d7  83 78 41 00                       cmp     dword ptr +41H[eax],00000000H
 00db  75 04                             jne     L197
 00dd  31 db             L196            xor     ebx,ebx
 00df  eb 06                             jmp     L198
 00e1  8b 40 45          L197            mov     eax,+45H[eax]
 00e4  8b 1c 90                          mov     ebx,[eax+edx*4]
 00e7  ba 00 80 00 00    L198            mov     edx,00008000H
 00ec  89 c8                             mov     eax,ecx
 00ee  ff 56 10                          call    dword ptr +10H[esi]
 00f1  83 c4 04          L199            add     esp,00000004H
 00f4  5d                                pop     ebp
 00f5  5f                                pop     edi
 00f6  5e                                pop     esi
 00f7  59                                pop     ecx
 00f8  c3                                ret     
 00f9  8d 40 00                          lea     eax,+0H[eax]

No disassembly errors

------------------------------------------------------------

Comdat: int near frameeffectlist::sendmessage( GUIrect near *, int )  SEGMENT ANY '_TEXT'  0000024c bytes  
 0000  51                                push    ecx
 0001  56                                push    esi
 0002  57                                push    edi
 0003  55                                push    ebp
 0004  83 ec 08                          sub     esp,00000008H
 0007  89 c5                             mov     ebp,eax
 0009  89 d6                             mov     esi,edx
 000b  89 d9                             mov     ecx,ebx
 000d  3b 70 4d                          cmp     esi,+4dH[eax]
 0010  0f 85 c0 00 00 00                 jne     L201
 0016  89 d8                             mov     eax,ebx
 0018  e8 00 00 00 00                    call    effect near * near neweffect( int )
 001d  89 44 24 04                       mov     +4H[esp],eax
 0021  85 c0                             test    eax,eax
 0023  0f 84 99 00 00 00                 je      L200
 0029  8b 45 39                          mov     eax,+39H[ebp]
 002c  83 78 45 00                       cmp     dword ptr +45H[eax],00000000H
 0030  0f 84 8c 00 00 00                 je      L200
 0036  e8 00 00 00 00                    call    void near _disable()
 003b  8b 55 39                          mov     edx,+39H[ebp]
 003e  8b 42 45                          mov     eax,+45H[edx]
 0041  31 f6                             xor     esi,esi
 0043  66 8b 30                          mov     si,[eax]
 0046  01 c6                             add     esi,eax
 0048  8b 44 24 04                       mov     eax,+4H[esp]
 004c  e8 00 00 00 00                    call    int near effect::size()
 0051  89 c3                             mov     ebx,eax
 0053  8b 42 45                          mov     eax,+45H[edx]
 0056  66 01 18                          add     [eax],bx
 0059  8b 45 39                          mov     eax,+39H[ebp]
 005c  8b 40 45                          mov     eax,+45H[eax]
 005f  fe 40 0a                          inc     byte ptr +0aH[eax]
 0062  8b 44 24 04                       mov     eax,+4H[esp]
 0066  e8 00 00 00 00                    call    int near effect::size()
 006b  8b 4d 39                          mov     ecx,+39H[ebp]
 006e  89 f2                             mov     edx,esi
 0070  8b 49 41                          mov     ecx,+41H[ecx]
 0073  89 c3                             mov     ebx,eax
 0075  89 c8                             mov     eax,ecx
 0077  e8 00 00 00 00                    call    void near * near series::insertbytes( void near *, int )
 007c  89 c7                             mov     edi,eax
 007e  8b 44 24 04                       mov     eax,+4H[esp]
 0082  8b 74 24 04                       mov     esi,+4H[esp]
 0086  e8 00 00 00 00                    call    int near effect::size()
 008b  89 c1                             mov     ecx,eax
 008d  57                                push    edi
 008e  89 c8                             mov     eax,ecx
 0090  c1 e9 02                          shr     ecx,02H
 0093  f2 a5                             repne   movsd    
 0095  8a c8                             mov     cl,al
 0097  80 e1 03                          and     cl,03H
 009a  f2 a4                             repne   movsb    
 009c  5f                                pop     edi
 009d  8b 44 24 04                       mov     eax,+4H[esp]
 00a1  e8 00 00 00 00                    call    void near operator delete( void near * )
 00a6  8b 45 39                          mov     eax,+39H[ebp]
 00a9  8b 50 39                          mov     edx,+39H[eax]
 00ac  8a 52 10                          mov     dl,+10H[edx]
 00af  81 e2 ff 00 00 00                 and     edx,000000ffH
 00b5  8b 40 35                          mov     eax,+35H[eax]
 00b8  e8 00 00 00 00                    call    void near objectspace::resetodf( int )
 00bd  e8 00 00 00 00                    call    void near _enable()
 00c2  b8 01 00 00 00    L200            mov     eax,00000001H
 00c7  c7 45 4d 00 00 00 
       00                                mov     dword ptr +4dH[ebp],00000000H
 00ce  83 c4 08                          add     esp,00000008H
 00d1  5d                                pop     ebp
 00d2  5f                                pop     edi
 00d3  5e                                pop     esi
 00d4  59                                pop     ecx
 00d5  c3                                ret     
 00d6  83 fb 05          L201            cmp     ebx,00000005H
 00d9  0f 85 94 00 00 00                 jne     L209
 00df  3b 70 41                          cmp     esi,+41H[eax]
 00e2  0f 85 8b 00 00 00                 jne     L209
 00e8  8b 78 35                          mov     edi,+35H[eax]
 00eb  89 c3                             mov     ebx,eax
 00ed  85 ff                             test    edi,edi
 00ef  74 0e                             je      L202
 00f1  89 f8                             mov     eax,edi
 00f3  74 0a                             je      L202
 00f5  8b 7f 29                          mov     edi,+29H[edi]
 00f8  ba 02 00 00 00                    mov     edx,00000002H
 00fd  ff 17                             call    dword ptr [edi]
 00ff  8b 43 39          L202            mov     eax,+39H[ebx]
 0102  83 78 35 00                       cmp     dword ptr +35H[eax],00000000H
 0106  0f 84 67 00 00 00                 je      L209
 010c  8b 53 41                          mov     edx,+41H[ebx]
 010f  89 c7                             mov     edi,eax
 0111  83 7a 49 00                       cmp     dword ptr +49H[edx],00000000H
 0115  7c 06                             jl      L203
 0117  83 7a 41 00                       cmp     dword ptr +41H[edx],00000000H
 011b  75 04                             jne     L204
 011d  31 c0             L203            xor     eax,eax
 011f  eb 11                             jmp     L205
 0121  8b 42 49          L204            mov     eax,+49H[edx]
 0124  c1 e0 02                          shl     eax,02H
 0127  89 04 24                          mov     [esp],eax
 012a  8b 42 45                          mov     eax,+45H[edx]
 012d  03 04 24                          add     eax,[esp]
 0130  8b 00                             mov     eax,[eax]
 0132  89 fa             L205            mov     edx,edi
 0134  e8 00 00 00 00                    call    epane near * near neweffectpane( effect near *, effectedit near * )
 0139  8b 53 39                          mov     edx,+39H[ebx]
 013c  8b 52 35                          mov     edx,+35H[edx]
 013f  89 42 31                          mov     +31H[edx],eax
 0142  8b 7b 35                          mov     edi,+35H[ebx]
 0145  85 ff                             test    edi,edi
 0147  74 2a                             je      L209
 0149  8b 53 41                          mov     edx,+41H[ebx]
 014c  89 f8                             mov     eax,edi
 014e  8b 5a 49                          mov     ebx,+49H[edx]
 0151  8b 7f 29                          mov     edi,+29H[edi]
 0154  85 db                             test    ebx,ebx
 0156  7c 06                             jl      L206
 0158  83 7a 41 00                       cmp     dword ptr +41H[edx],00000000H
 015c  75 04                             jne     L207
 015e  31 db             L206            xor     ebx,ebx
 0160  eb 09                             jmp     L208
 0162  8b 5a 49          L207            mov     ebx,+49H[edx]
 0165  8b 52 45                          mov     edx,+45H[edx]
 0168  8b 1c 9a                          mov     ebx,[edx+ebx*4]
 016b  ba 00 80 00 00    L208            mov     edx,00008000H
 0170  ff 57 10                          call    dword ptr +10H[edi]
 0173  3b 75 49          L209            cmp     esi,+49H[ebp]
 0176  0f 85 8a 00 00 00                 jne     L213
 017c  83 f9 01                          cmp     ecx,00000001H
 017f  0f 85 81 00 00 00                 jne     L213
 0185  8b 55 41                          mov     edx,+41H[ebp]
 0188  8b 42 49                          mov     eax,+49H[edx]
 018b  89 ef                             mov     edi,ebp
 018d  85 c0                             test    eax,eax
 018f  7c 06                             jl      L210
 0191  83 7a 41 00                       cmp     dword ptr +41H[edx],00000000H
 0195  75 04                             jne     L211
 0197  31 d2             L210            xor     edx,edx
 0199  eb 06                             jmp     L212
 019b  8b 52 45          L211            mov     edx,+45H[edx]
 019e  8b 14 82                          mov     edx,[edx+eax*4]
 01a1  85 d2             L212            test    edx,edx
 01a3  74 61                             je      L213
 01a5  8b 47 39                          mov     eax,+39H[edi]
 01a8  83 78 45 00                       cmp     dword ptr +45H[eax],00000000H
 01ac  74 58                             je      L213
 01ae  e8 00 00 00 00                    call    void near _disable()
 01b3  89 d0                             mov     eax,edx
 01b5  8b 5f 39                          mov     ebx,+39H[edi]
 01b8  e8 00 00 00 00                    call    int near effect::size()
 01bd  89 04 24                          mov     [esp],eax
 01c0  8b 43 45                          mov     eax,+45H[ebx]
 01c3  8b 1c 24                          mov     ebx,[esp]
 01c6  66 29 18                          sub     [eax],bx
 01c9  8b 47 39                          mov     eax,+39H[edi]
 01cc  8b 40 45                          mov     eax,+45H[eax]
 01cf  fe 48 0a                          dec     byte ptr +0aH[eax]
 01d2  89 d0                             mov     eax,edx
 01d4  e8 00 00 00 00                    call    int near effect::size()
 01d9  89 04 24                          mov     [esp],eax
 01dc  8b 47 39                          mov     eax,+39H[edi]
 01df  8b 1c 24                          mov     ebx,[esp]
 01e2  8b 40 41                          mov     eax,+41H[eax]
 01e5  e8 00 00 00 00                    call    void near * near series::deletebytes( void near *, int )
 01ea  8b 47 39                          mov     eax,+39H[edi]
 01ed  8b 50 39                          mov     edx,+39H[eax]
 01f0  8a 52 10                          mov     dl,+10H[edx]
 01f3  81 e2 ff 00 00 00                 and     edx,000000ffH
 01f9  8b 40 35                          mov     eax,+35H[eax]
 01fc  e8 00 00 00 00                    call    void near objectspace::resetodf( int )
 0201  e8 00 00 00 00                    call    void near _enable()
 0206  3b 75 45          L213            cmp     esi,+45H[ebp]
 0209  75 34                             jne     L215
 020b  83 f9 01                          cmp     ecx,00000001H
 020e  75 2f                             jne     L215
 0210  b8 39 00 00 00                    mov     eax,00000039H
 0215  e8 00 00 00 00                    call    void near * near operator new( int unsigned )
 021a  89 c6                             mov     esi,eax
 021c  85 c0                             test    eax,eax
 021e  74 1c                             je      L214
 0220  a1 14 00 00 00                    mov     eax,mouse near m+14H
 0225  50                                push    eax
 0226  8b 0d 10 00 00 00                 mov     ecx,mouse near m+10H
 022c  89 ea                             mov     edx,ebp
 022e  e8 00 00 00 00                    call    menu near * near getneweffectmenu()
 0233  89 c3                             mov     ebx,eax
 0235  89 f0                             mov     eax,esi
 0237  e8 00 00 00 00                    call    near GUIpopupmenu::GUIpopupmenu( GUIrect near *, menu near *, int, int )
 023c  89 45 4d          L214            mov     +4dH[ebp],eax
 023f  b8 01 00 00 00    L215            mov     eax,00000001H
 0244  83 c4 08                          add     esp,00000008H
 0247  5d                                pop     ebp
 0248  5f                                pop     edi
 0249  5e                                pop     esi
 024a  59                                pop     ecx
 024b  c3                                ret     

No disassembly errors

------------------------------------------------------------

Comdat: char near * near frameeffectlist::getname()  SEGMENT ANY '_TEXT'  00000008 bytes  
 0000  b8 54 00 00 00                    mov     eax,offset L90
 0005  c3                                ret     
 0006  8b c0                             mov     eax,eax

No disassembly errors

------------------------------------------------------------

Comdat: near e_shake_edit::e_shake_edit( effectedit near * )  SEGMENT ANY '_TEXT'  000000a4 bytes  
 0000  53                                push    ebx
 0001  51                                push    ecx
 0002  56                                push    esi
 0003  89 c6                             mov     esi,eax
 0005  e8 00 00 00 00                    call    near epane::epane( effectedit near * )
 000a  89 c2                             mov     edx,eax
 000c  c7 40 3d 00 00 00 
       00                                mov     dword ptr +3dH[eax],00000000H
 0013  89 c6                             mov     esi,eax
 0015  c7 40 29 00 00 00 
       00                                mov     dword ptr +29H[eax],offset void (near * const near __vftbl[])()
 001c  b8 81 00 00 00                    mov     eax,00000081H
 0021  e8 00 00 00 00                    call    void near * near operator new( int unsigned )
 0026  85 c0                             test    eax,eax
 0028  74 13                             je      L216
 002a  6a 05                             push    00000005H
 002c  6a 05                             push    00000005H
 002e  b9 64 00 00 00                    mov     ecx,offset L91
 0033  bb 01 00 00 00                    mov     ebx,00000001H
 0038  e8 00 00 00 00                    call    near GUIstatictext::GUIstatictext( GUIrect near *, int, char near *, int, int )
 003d  b8 59 00 00 00    L216            mov     eax,00000059H
 0042  e8 00 00 00 00                    call    void near * near operator new( int unsigned )
 0047  85 c0                             test    eax,eax
 0049  74 28                             je      L217
 004b  8b 56 21                          mov     edx,+21H[esi]
 004e  8b 5e 19                          mov     ebx,+19H[esi]
 0051  6a 0a                             push    0000000aH
 0053  29 da                             sub     edx,ebx
 0055  6a 04                             push    00000004H
 0057  83 ea 0a                          sub     edx,0000000aH
 005a  b9 0f 00 00 00                    mov     ecx,0000000fH
 005f  52                                push    edx
 0060  bb 05 00 00 00                    mov     ebx,00000005H
 0065  89 f2                             mov     edx,esi
 0067  e8 00 00 00 00                    call    near GUIlistbox::GUIlistbox( GUIrect near *, int, int, int, int, int )
 006c  c7 40 29 00 00 00 
       00                                mov     dword ptr +29H[eax],offset void (near * const near __vftbl[])()
 0073  ba 04 00 00 00    L217            mov     edx,00000004H
 0078  89 46 41                          mov     +41H[esi],eax
 007b  e8 00 00 00 00                    call    void near * near * near GUIlistbox::resizeitems( int )
 0080  c7 00 6f 00 00 00                 mov     dword ptr [eax],offset L92
 0086  c7 40 04 74 00 00 
       00                                mov     dword ptr +4H[eax],offset L93
 008d  c7 40 08 7c 00 00 
       00                                mov     dword ptr +8H[eax],offset L94
 0094  c7 40 0c 85 00 00 
       00                                mov     dword ptr +0cH[eax],offset L95
 009b  89 f0                             mov     eax,esi
 009d  5e                                pop     esi
 009e  59                                pop     ecx
 009f  5b                                pop     ebx
 00a0  c3                                ret     
 00a1  8d 40 00                          lea     eax,+0H[eax]

No disassembly errors

------------------------------------------------------------

Comdat: void near e_shake_edit::refresh( int, void near * )  SEGMENT ANY '_TEXT'  00000024 bytes  
 0000  89 58 3d                          mov     +3dH[eax],ebx
 0003  85 db                             test    ebx,ebx
 0005  75 09                             jne     L218
 0007  8b 40 41                          mov     eax,+41H[eax]
 000a  e8 00 00 00 00                    call    void near GUIlistbox::clearsel()
 000f  c3                                ret     
 0010  8a 53 01          L218            mov     dl,+1H[ebx]
 0013  81 e2 ff 00 00 00                 and     edx,000000ffH
 0019  8b 40 41                          mov     eax,+41H[eax]
 001c  e8 00 00 00 00                    call    void near GUIlistbox::setsel( int )
 0021  c3                                ret     
 0022  8b c0                             mov     eax,eax

No disassembly errors

------------------------------------------------------------

Comdat: int near e_shake_edit::sendmessage( GUIrect near *, int )  SEGMENT ANY '_TEXT'  00000030 bytes  
 0000  51                                push    ecx
 0001  56                                push    esi
 0002  8b 48 3d                          mov     ecx,+3dH[eax]
 0005  85 c9                             test    ecx,ecx
 0007  75 05                             jne     L219
 0009  31 c0                             xor     eax,eax
 000b  5e                                pop     esi
 000c  59                                pop     ecx
 000d  c3                                ret     
 000e  8b 70 41          L219            mov     esi,+41H[eax]
 0011  39 f2                             cmp     edx,esi
 0013  75 11                             jne     L220
 0015  83 fb 05                          cmp     ebx,00000005H
 0018  75 0c                             jne     L220
 001a  8b 56 49                          mov     edx,+49H[esi]
 001d  89 d3                             mov     ebx,edx
 001f  85 d2                             test    edx,edx
 0021  7c 03                             jl      L220
 0023  88 59 01                          mov     +1H[ecx],bl
 0026  b8 01 00 00 00    L220            mov     eax,00000001H
 002b  5e                                pop     esi
 002c  59                                pop     ecx
 002d  c3                                ret     
 002e  8b c0                             mov     eax,eax

No disassembly errors

------------------------------------------------------------

Comdat: int near e_shake_edit::keyhit( char, char )  SEGMENT ANY '_TEXT'  00000004 bytes  
 0000  31 c0                             xor     eax,eax
 0002  c3                                ret     
 0003  90                                nop     

No disassembly errors

------------------------------------------------------------

Comdat: char near * near e_shake_edit::getname()  SEGMENT ANY '_TEXT'  00000008 bytes  
 0000  b8 8f 00 00 00                    mov     eax,offset L96
 0005  c3                                ret     
 0006  8b c0                             mov     eax,eax

No disassembly errors

------------------------------------------------------------

Comdat: near e_sound_edit::e_sound_edit( effectedit near * )  SEGMENT ANY '_TEXT'  00000110 bytes  
 0000  53                                push    ebx
 0001  51                                push    ecx
 0002  56                                push    esi
 0003  57                                push    edi
 0004  55                                push    ebp
 0005  89 e5                             mov     ebp,esp
 0007  83 ec 04                          sub     esp,00000004H
 000a  89 c6                             mov     esi,eax
 000c  e8 00 00 00 00                    call    near epane::epane( effectedit near * )
 0011  89 c2                             mov     edx,eax
 0013  c7 40 3d 00 00 00 
       00                                mov     dword ptr +3dH[eax],00000000H
 001a  89 c6                             mov     esi,eax
 001c  c7 40 29 00 00 00 
       00                                mov     dword ptr +29H[eax],offset void (near * const near __vftbl[])()
 0023  b8 81 00 00 00                    mov     eax,00000081H
 0028  e8 00 00 00 00                    call    void near * near operator new( int unsigned )
 002d  85 c0                             test    eax,eax
 002f  74 41                             je      L221
 0031  8b 7a 21                          mov     edi,+21H[edx]
 0034  2b 7a 19                          sub     edi,+19H[edx]
 0037  83 ef 0a                          sub     edi,0000000aH
 003a  8b 4a 1d                          mov     ecx,+1dH[edx]
 003d  89 7d fc                          mov     -4H[ebp],edi
 0040  8b 7a 25                          mov     edi,+25H[edx]
 0043  29 cf                             sub     edi,ecx
 0045  83 ef 16                          sub     edi,00000016H
 0048  57                                push    edi
 0049  bb 03 00 00 00                    mov     ebx,00000003H
 004e  6a 05                             push    00000005H
 0050  31 c9                             xor     ecx,ecx
 0052  8b 7d fc                          mov     edi,-4H[ebp]
 0055  e8 00 00 00 00                    call    near GUIstatictext::GUIstatictext( GUIrect near *, int, char near *, int, int )
 005a  8b 50 19                          mov     edx,+19H[eax]
 005d  01 fa                             add     edx,edi
 005f  89 50 21                          mov     +21H[eax],edx
 0062  8b 50 1d                          mov     edx,+1dH[eax]
 0065  c7 40 29 00 00 00 
       00                                mov     dword ptr +29H[eax],offset void (near * const near __vftbl[])()
 006c  83 c2 0a                          add     edx,0000000aH
 006f  89 50 25                          mov     +25H[eax],edx
 0072  89 46 45          L221            mov     +45H[esi],eax
 0075  b8 8a 00 00 00                    mov     eax,0000008aH
 007a  e8 00 00 00 00                    call    void near * near operator new( int unsigned )
 007f  89 c7                             mov     edi,eax
 0081  85 c0                             test    eax,eax
 0083  74 2d                             je      L222
 0085  8b 46 25                          mov     eax,+25H[esi]
 0088  8b 56 1d                          mov     edx,+1dH[esi]
 008b  8b 5e 19                          mov     ebx,+19H[esi]
 008e  29 d0                             sub     eax,edx
 0090  8b 56 21                          mov     edx,+21H[esi]
 0093  83 e8 0d                          sub     eax,0000000dH
 0096  29 da                             sub     edx,ebx
 0098  50                                push    eax
 0099  89 d0                             mov     eax,edx
 009b  c1 fa 1f                          sar     edx,1fH
 009e  2b c2                             sub     eax,edx
 00a0  d1 f8                             sar     eax,1
 00a2  bb 9c 00 00 00                    mov     ebx,offset L97
 00a7  89 c1                             mov     ecx,eax
 00a9  89 f2                             mov     edx,esi
 00ab  89 f8                             mov     eax,edi
 00ad  e8 00 00 00 00                    call    near GUItextbutton::GUItextbutton( GUIrect near *, char near *, int, int )
 00b2  89 46 49          L222            mov     +49H[esi],eax
 00b5  b8 59 00 00 00                    mov     eax,00000059H
 00ba  e8 00 00 00 00                    call    void near * near operator new( int unsigned )
 00bf  89 c7                             mov     edi,eax
 00c1  85 c0                             test    eax,eax
 00c3  74 3d                             je      L223
 00c5  8b 46 25                          mov     eax,+25H[esi]
 00c8  2b 46 1d                          sub     eax,+1dH[esi]
 00cb  8d 50 e5                          lea     edx,-1bH[eax]
 00ce  bb 0a 00 00 00                    mov     ebx,0000000aH
 00d3  89 d0                             mov     eax,edx
 00d5  c1 fa 1f                          sar     edx,1fH
 00d8  f7 fb                             idiv    ebx
 00da  6a 0a                             push    0000000aH
 00dc  89 c2                             mov     edx,eax
 00de  8b 5e 19                          mov     ebx,+19H[esi]
 00e1  8b 46 21                          mov     eax,+21H[esi]
 00e4  b9 05 00 00 00                    mov     ecx,00000005H
 00e9  29 d8                             sub     eax,ebx
 00eb  52                                push    edx
 00ec  83 e8 0a                          sub     eax,0000000aH
 00ef  89 f2                             mov     edx,esi
 00f1  50                                push    eax
 00f2  89 cb                             mov     ebx,ecx
 00f4  89 f8                             mov     eax,edi
 00f6  e8 00 00 00 00                    call    near GUIlistbox::GUIlistbox( GUIrect near *, int, int, int, int, int )
 00fb  c7 40 29 00 00 00 
       00                                mov     dword ptr +29H[eax],offset void (near * const near __vftbl[])()
 0102  89 46 41          L223            mov     +41H[esi],eax
 0105  89 f0                             mov     eax,esi
 0107  89 ec                             mov     esp,ebp
 0109  5d                                pop     ebp
 010a  5f                                pop     edi
 010b  5e                                pop     esi
 010c  59                                pop     ecx
 010d  5b                                pop     ebx
 010e  c3                                ret     
 010f  90                                nop     

No disassembly errors

------------------------------------------------------------

Comdat: void near e_sound_edit::refresh( int, void near * )  SEGMENT ANY '_TEXT'  00000078 bytes  
 0000  51                                push    ecx
 0001  56                                push    esi
 0002  57                                push    edi
 0003  55                                push    ebp
 0004  89 c7                             mov     edi,eax
 0006  89 58 3d                          mov     +3dH[eax],ebx
 0009  8b 58 39                          mov     ebx,+39H[eax]
 000c  8b 50 3d                          mov     edx,+3dH[eax]
 000f  8b 5b 3d                          mov     ebx,+3dH[ebx]
 0012  85 d2                             test    edx,edx
 0014  74 04                             je      L224
 0016  85 db                             test    ebx,ebx
 0018  75 0f                             jne     L225
 001a  8b 47 41          L224            mov     eax,+41H[edi]
 001d  31 d2                             xor     edx,edx
 001f  e8 00 00 00 00                    call    void near * near * near GUIlistbox::resizeitems( int )
 0024  5d                                pop     ebp
 0025  5f                                pop     edi
 0026  5e                                pop     esi
 0027  59                                pop     ecx
 0028  c3                                ret     
 0029  8b 53 2b          L225            mov     edx,+2bH[ebx]
 002c  8b 40 41                          mov     eax,+41H[eax]
 002f  e8 00 00 00 00                    call    void near * near * near GUIlistbox::resizeitems( int )
 0034  8b 4b 2b                          mov     ecx,+2bH[ebx]
 0037  31 d2                             xor     edx,edx
 0039  85 c9                             test    ecx,ecx
 003b  7e 22                             jle     L229
 003d  31 c9                             xor     ecx,ecx
 003f  8b 6b 63          L226            mov     ebp,+63H[ebx]
 0042  85 ed                             test    ebp,ebp
 0044  74 15                             je      L228
 0046  8d 34 29                          lea     esi,[ecx+ebp]
 0049  89 30                             mov     [eax],esi
 004b  83 c0 04          L227            add     eax,00000004H
 004e  42                                inc     edx
 004f  8b 73 2b                          mov     esi,+2bH[ebx]
 0052  83 c1 09                          add     ecx,00000009H
 0055  39 f2                             cmp     edx,esi
 0057  7d 06                             jge     L229
 0059  eb e4                             jmp     L226
 005b  89 28             L228            mov     [eax],ebp
 005d  eb ec                             jmp     L227
 005f  8b 57 3d          L229            mov     edx,+3dH[edi]
 0062  8a 52 01                          mov     dl,+1H[edx]
 0065  81 e2 ff 00 00 00                 and     edx,000000ffH
 006b  8b 47 41                          mov     eax,+41H[edi]
 006e  e8 00 00 00 00                    call    void near GUIlistbox::setsel( int )
 0073  5d                                pop     ebp
 0074  5f                                pop     edi
 0075  5e                                pop     esi
 0076  59                                pop     ecx
 0077  c3                                ret     

No disassembly errors

------------------------------------------------------------

Comdat: int near e_sound_edit::sendmessage( GUIrect near *, int )  SEGMENT ANY '_TEXT'  000000cc bytes  
 0000  51                                push    ecx
 0001  56                                push    esi
 0002  55                                push    ebp
 0003  83 ec 5c                          sub     esp,0000005cH
 0006  89 c1                             mov     ecx,eax
 0008  89 d6                             mov     esi,edx
 000a  83 78 3d 00                       cmp     dword ptr +3dH[eax],00000000H
 000e  75 07                             jne     L230
 0010  31 c0                             xor     eax,eax
 0012  e9 ab 00 00 00                    jmp     L237
 0017  3b 70 49          L230            cmp     esi,+49H[eax]
 001a  75 19                             jne     L231
 001c  83 fb 01                          cmp     ebx,00000001H
 001f  75 14                             jne     L231
 0021  8b 40 39                          mov     eax,+39H[eax]
 0024  8b 68 39                          mov     ebp,+39H[eax]
 0027  85 ed                             test    ebp,ebp
 0029  74 0a                             je      L231
 002b  89 ea                             mov     edx,ebp
 002d  8b 41 3d                          mov     eax,+3dH[ecx]
 0030  e8 00 00 00 00                    call    void near e_sound::trigger( object near * )
 0035  8b 41 41          L231            mov     eax,+41H[ecx]
 0038  39 c6                             cmp     esi,eax
 003a  0f 85 7d 00 00 00                 jne     L236
 0040  83 fb 05                          cmp     ebx,00000005H
 0043  0f 85 74 00 00 00                 jne     L236
 0049  8b 50 49                          mov     edx,+49H[eax]
 004c  8b 59 39                          mov     ebx,+39H[ecx]
 004f  89 d0                             mov     eax,edx
 0051  8b 5b 3d                          mov     ebx,+3dH[ebx]
 0054  85 d2                             test    edx,edx
 0056  7c 06                             jl      L232
 0058  8b 51 3d                          mov     edx,+3dH[ecx]
 005b  88 42 01                          mov     +1H[edx],al
 005e  85 c0             L232            test    eax,eax
 0060  7c 0e                             jl      L233
 0062  c1 e0 02                          shl     eax,02H
 0065  8b 53 2f                          mov     edx,+2fH[ebx]
 0068  01 d0                             add     eax,edx
 006a  8b 10                             mov     edx,[eax]
 006c  85 d2                             test    edx,edx
 006e  75 07                             jne     L234
 0070  8b 41 45          L233            mov     eax,+45H[ecx]
 0073  31 d2                             xor     edx,edx
 0075  eb 41                             jmp     L235
 0077  8b 02             L234            mov     eax,[edx]
 0079  31 db                             xor     ebx,ebx
 007b  89 44 24 50                       mov     +50H[esp],eax
 007f  89 5c 24 54                       mov     +54H[esp],ebx
 0083  df 6c 24 50                       fild    qword ptr +50H[esp]
 0087  d9 c0                             fld     st(0)
 0089  d8 0d b2 00 00 00                 fmul    dword ptr L99
 008f  83 ec 08                          sub     esp,00000008H
 0092  dd 1c 24                          fstp    qword ptr [esp]
 0095  d8 0d b6 00 00 00                 fmul    dword ptr L100
 009b  83 ec 08                          sub     esp,00000008H
 009e  dd 1c 24                          fstp    qword ptr [esp]
 00a1  68 a1 00 00 00                    push    offset L98
 00a6  8d 44 24 14                       lea     eax,+14H[esp]
 00aa  50                                push    eax
 00ab  e8 00 00 00 00                    call    sprintf_
 00b0  83 c4 18                          add     esp,00000018H
 00b3  89 e2                             mov     edx,esp
 00b5  8b 41 45                          mov     eax,+45H[ecx]
 00b8  e8 00 00 00 00    L235            call    void near GUIstatictext::settext( char near * )
 00bd  b8 01 00 00 00    L236            mov     eax,00000001H
 00c2  83 c4 5c          L237            add     esp,0000005cH
 00c5  5d                                pop     ebp
 00c6  5e                                pop     esi
 00c7  59                                pop     ecx
 00c8  c3                                ret     
 00c9  8d 40 00                          lea     eax,+0H[eax]

No disassembly errors

------------------------------------------------------------

Comdat: int near e_sound_edit::keyhit( char, char )  SEGMENT ANY '_TEXT'  00000004 bytes  
 0000  31 c0                             xor     eax,eax
 0002  c3                                ret     
 0003  90                                nop     

No disassembly errors

------------------------------------------------------------

Comdat: char near * near e_sound_edit::getname()  SEGMENT ANY '_TEXT'  00000008 bytes  
 0000  b8 ba 00 00 00                    mov     eax,offset L101
 0005  c3                                ret     
 0006  8b c0                             mov     eax,eax

No disassembly errors

------------------------------------------------------------

Comdat: near e_dir_edit::e_dir_edit( effectedit near * )  SEGMENT ANY '_TEXT'  00000078 bytes  
 0000  53                                push    ebx
 0001  51                                push    ecx
 0002  56                                push    esi
 0003  89 c6                             mov     esi,eax
 0005  e8 00 00 00 00                    call    near epane::epane( effectedit near * )
 000a  89 c2                             mov     edx,eax
 000c  c7 40 3d 00 00 00 
       00                                mov     dword ptr +3dH[eax],00000000H
 0013  89 c6                             mov     esi,eax
 0015  c7 40 29 00 00 00 
       00                                mov     dword ptr +29H[eax],offset void (near * const near __vftbl[])()
 001c  b8 59 00 00 00                    mov     eax,00000059H
 0021  e8 00 00 00 00                    call    void near * near operator new( int unsigned )
 0026  85 c0                             test    eax,eax
 0028  74 26                             je      L238
 002a  8b 5a 21                          mov     ebx,+21H[edx]
 002d  8b 4a 19                          mov     ecx,+19H[edx]
 0030  6a 0a                             push    0000000aH
 0032  29 cb                             sub     ebx,ecx
 0034  6a 04                             push    00000004H
 0036  83 eb 0a                          sub     ebx,0000000aH
 0039  53                                push    ebx
 003a  b9 0f 00 00 00                    mov     ecx,0000000fH
 003f  bb 05 00 00 00                    mov     ebx,00000005H
 0044  e8 00 00 00 00                    call    near GUIlistbox::GUIlistbox( GUIrect near *, int, int, int, int, int )
 0049  c7 40 29 00 00 00 
       00                                mov     dword ptr +29H[eax],offset void (near * const near __vftbl[])()
 0050  ba 03 00 00 00    L238            mov     edx,00000003H
 0055  89 46 41                          mov     +41H[esi],eax
 0058  e8 00 00 00 00                    call    void near * near * near GUIlistbox::resizeitems( int )
 005d  c7 00 c7 00 00 00                 mov     dword ptr [eax],offset L102
 0063  c7 40 04 cd 00 00 
       00                                mov     dword ptr +4H[eax],offset L103
 006a  c7 40 08 d2 00 00 
       00                                mov     dword ptr +8H[eax],offset L104
 0071  89 f0                             mov     eax,esi
 0073  5e                                pop     esi
 0074  59                                pop     ecx
 0075  5b                                pop     ebx
 0076  c3                                ret     
 0077  90                                nop     

No disassembly errors

------------------------------------------------------------

Comdat: void near e_dir_edit::refresh( int, void near * )  SEGMENT ANY '_TEXT'  00000024 bytes  
 0000  89 58 3d                          mov     +3dH[eax],ebx
 0003  85 db                             test    ebx,ebx
 0005  74 12                             je      L239
 0007  8a 53 01                          mov     dl,+1H[ebx]
 000a  81 e2 ff 00 00 00                 and     edx,000000ffH
 0010  8b 40 41                          mov     eax,+41H[eax]
 0013  e8 00 00 00 00                    call    void near GUIlistbox::setsel( int )
 0018  c3                                ret     
 0019  8b 40 41          L239            mov     eax,+41H[eax]
 001c  e8 00 00 00 00                    call    void near GUIlistbox::clearsel()
 0021  c3                                ret     
 0022  8b c0                             mov     eax,eax

No disassembly errors

------------------------------------------------------------

Comdat: int near e_dir_edit::sendmessage( GUIrect near *, int )  SEGMENT ANY '_TEXT'  00000024 bytes  
 0000  51                                push    ecx
 0001  8b 48 41                          mov     ecx,+41H[eax]
 0004  39 ca                             cmp     edx,ecx
 0006  75 14                             jne     L240
 0008  83 fb 05                          cmp     ebx,00000005H
 000b  75 0f                             jne     L240
 000d  8b 51 49                          mov     edx,+49H[ecx]
 0010  89 d3                             mov     ebx,edx
 0012  85 d2                             test    edx,edx
 0014  7c 06                             jl      L240
 0016  8b 40 3d                          mov     eax,+3dH[eax]
 0019  88 58 01                          mov     +1H[eax],bl
 001c  b8 01 00 00 00    L240            mov     eax,00000001H
 0021  59                                pop     ecx
 0022  c3                                ret     
 0023  90                                nop     

No disassembly errors

------------------------------------------------------------

Comdat: int near e_dir_edit::keyhit( char, char )  SEGMENT ANY '_TEXT'  00000004 bytes  
 0000  31 c0                             xor     eax,eax
 0002  c3                                ret     
 0003  90                                nop     

No disassembly errors

------------------------------------------------------------

Comdat: char near * near e_dir_edit::getname()  SEGMENT ANY '_TEXT'  00000008 bytes  
 0000  b8 d7 00 00 00                    mov     eax,offset L105
 0005  c3                                ret     
 0006  8b c0                             mov     eax,eax

No disassembly errors

------------------------------------------------------------

Comdat: near e_goto_edit::e_goto_edit( effectedit near * )  SEGMENT ANY '_TEXT'  000000ac bytes  
 0000  53                                push    ebx
 0001  51                                push    ecx
 0002  56                                push    esi
 0003  57                                push    edi
 0004  55                                push    ebp
 0005  89 c6                             mov     esi,eax
 0007  e8 00 00 00 00                    call    near epane::epane( effectedit near * )
 000c  89 c7                             mov     edi,eax
 000e  c7 40 3d 00 00 00 
       00                                mov     dword ptr +3dH[eax],00000000H
 0015  89 c6                             mov     esi,eax
 0017  c7 40 29 00 00 00 
       00                                mov     dword ptr +29H[eax],offset void (near * const near __vftbl[])()
 001e  b8 59 00 00 00                    mov     eax,00000059H
 0023  e8 00 00 00 00                    call    void near * near operator new( int unsigned )
 0028  89 c5                             mov     ebp,eax
 002a  85 c0                             test    eax,eax
 002c  74 3d                             je      L241
 002e  8b 47 25                          mov     eax,+25H[edi]
 0031  2b 47 1d                          sub     eax,+1dH[edi]
 0034  8d 50 f1                          lea     edx,-0fH[eax]
 0037  bb 0a 00 00 00                    mov     ebx,0000000aH
 003c  89 d0                             mov     eax,edx
 003e  c1 fa 1f                          sar     edx,1fH
 0041  f7 fb                             idiv    ebx
 0043  6a 0a                             push    0000000aH
 0045  89 c2                             mov     edx,eax
 0047  8b 5f 19                          mov     ebx,+19H[edi]
 004a  8b 47 21                          mov     eax,+21H[edi]
 004d  b9 05 00 00 00                    mov     ecx,00000005H
 0052  29 d8                             sub     eax,ebx
 0054  52                                push    edx
 0055  83 e8 0a                          sub     eax,0000000aH
 0058  89 fa                             mov     edx,edi
 005a  50                                push    eax
 005b  89 cb                             mov     ebx,ecx
 005d  89 e8                             mov     eax,ebp
 005f  e8 00 00 00 00                    call    near GUIlistbox::GUIlistbox( GUIrect near *, int, int, int, int, int )
 0064  c7 40 29 00 00 00 
       00                                mov     dword ptr +29H[eax],offset void (near * const near __vftbl[])()
 006b  8b 56 39          L241            mov     edx,+39H[esi]
 006e  89 46 41                          mov     +41H[esi],eax
 0071  8b 52 3d                          mov     edx,+3dH[edx]
 0074  8b 52 1f                          mov     edx,+1fH[edx]
 0077  31 db                             xor     ebx,ebx
 0079  e8 00 00 00 00                    call    void near * near * near GUIlistbox::resizeitems( int )
 007e  89 c2                             mov     edx,eax
 0080  31 c0                             xor     eax,eax
 0082  eb 12                             jmp     L243
 0084  8b 49 23          L242            mov     ecx,+23H[ecx]
 0087  83 c2 04                          add     edx,00000004H
 008a  01 c1                             add     ecx,eax
 008c  43                                inc     ebx
 008d  83 c1 19                          add     ecx,00000019H
 0090  83 c0 29                          add     eax,00000029H
 0093  89 4a fc                          mov     -4H[edx],ecx
 0096  8b 4e 39          L243            mov     ecx,+39H[esi]
 0099  8b 49 3d                          mov     ecx,+3dH[ecx]
 009c  3b 59 1f                          cmp     ebx,+1fH[ecx]
 009f  7c e3                             jl      L242
 00a1  89 f0                             mov     eax,esi
 00a3  5d                                pop     ebp
 00a4  5f                                pop     edi
 00a5  5e                                pop     esi
 00a6  59                                pop     ecx
 00a7  5b                                pop     ebx
 00a8  c3                                ret     
 00a9  8d 40 00                          lea     eax,+0H[eax]

No disassembly errors

------------------------------------------------------------

Comdat: void near e_goto_edit::refresh( int, void near * )  SEGMENT ANY '_TEXT'  00000024 bytes  
 0000  89 58 3d                          mov     +3dH[eax],ebx
 0003  85 db                             test    ebx,ebx
 0005  74 12                             je      L244
 0007  8a 53 01                          mov     dl,+1H[ebx]
 000a  81 e2 ff 00 00 00                 and     edx,000000ffH
 0010  8b 40 41                          mov     eax,+41H[eax]
 0013  e8 00 00 00 00                    call    void near GUIlistbox::setsel( int )
 0018  c3                                ret     
 0019  8b 40 41          L244            mov     eax,+41H[eax]
 001c  e8 00 00 00 00                    call    void near GUIlistbox::clearsel()
 0021  c3                                ret     
 0022  8b c0                             mov     eax,eax

No disassembly errors

------------------------------------------------------------

Comdat: int near e_goto_edit::sendmessage( GUIrect near *, int )  SEGMENT ANY '_TEXT'  0000002c bytes  
 0000  51                                push    ecx
 0001  56                                push    esi
 0002  8b 48 3d                          mov     ecx,+3dH[eax]
 0005  85 c9                             test    ecx,ecx
 0007  74 18                             je      L245
 0009  8b 70 41                          mov     esi,+41H[eax]
 000c  39 f2                             cmp     edx,esi
 000e  75 11                             jne     L245
 0010  83 fb 05                          cmp     ebx,00000005H
 0013  75 0c                             jne     L245
 0015  8b 56 49                          mov     edx,+49H[esi]
 0018  89 d3                             mov     ebx,edx
 001a  85 d2                             test    edx,edx
 001c  7c 03                             jl      L245
 001e  88 59 01                          mov     +1H[ecx],bl
 0021  b8 01 00 00 00    L245            mov     eax,00000001H
 0026  5e                                pop     esi
 0027  59                                pop     ecx
 0028  c3                                ret     
 0029  8d 40 00                          lea     eax,+0H[eax]

No disassembly errors

------------------------------------------------------------

Comdat: int near e_goto_edit::keyhit( char, char )  SEGMENT ANY '_TEXT'  00000004 bytes  
 0000  31 c0                             xor     eax,eax
 0002  c3                                ret     
 0003  90                                nop     

No disassembly errors

------------------------------------------------------------

Comdat: char near * near e_goto_edit::getname()  SEGMENT ANY '_TEXT'  00000008 bytes  
 0000  b8 e2 00 00 00                    mov     eax,offset L106
 0005  c3                                ret     
 0006  8b c0                             mov     eax,eax

No disassembly errors

------------------------------------------------------------

Comdat: near e_gotoseriesname_edit::e_gotoseriesname_edit( effectedit near * )  SEGMENT ANY '_TEXT'  00000050 bytes  
 0000  53                                push    ebx
 0001  51                                push    ecx
 0002  56                                push    esi
 0003  89 c6                             mov     esi,eax
 0005  e8 00 00 00 00                    call    near epane::epane( effectedit near * )
 000a  89 c2                             mov     edx,eax
 000c  c7 40 3d 00 00 00 
       00                                mov     dword ptr +3dH[eax],00000000H
 0013  89 c6                             mov     esi,eax
 0015  c7 40 29 00 00 00 
       00                                mov     dword ptr +29H[eax],offset void (near * const near __vftbl[])()
 001c  b8 e5 00 00 00                    mov     eax,000000e5H
 0021  e8 00 00 00 00                    call    void near * near operator new( int unsigned )
 0026  85 c0                             test    eax,eax
 0028  74 1c                             je      L246
 002a  8b 5a 21                          mov     ebx,+21H[edx]
 002d  2b 5a 19                          sub     ebx,+19H[edx]
 0030  6a 0f                             push    0000000fH
 0032  83 eb 0a                          sub     ebx,0000000aH
 0035  53                                push    ebx
 0036  6a 05                             push    00000005H
 0038  6a 05                             push    00000005H
 003a  31 c9                             xor     ecx,ecx
 003c  bb ee 00 00 00                    mov     ebx,offset L107
 0041  e8 00 00 00 00                    call    near GUItextedit::GUItextedit( GUIrect near *, char near *, char near *, int, int, int, int )
 0046  89 46 41          L246            mov     +41H[esi],eax
 0049  89 f0                             mov     eax,esi
 004b  5e                                pop     esi
 004c  59                                pop     ecx
 004d  5b                                pop     ebx
 004e  c3                                ret     
 004f  90                                nop     

No disassembly errors

------------------------------------------------------------

Comdat: void near e_gotoseriesname_edit::refresh( int, void near * )  SEGMENT ANY '_TEXT'  0000001c bytes  
 0000  89 58 3d                          mov     +3dH[eax],ebx
 0003  85 db                             test    ebx,ebx
 0005  74 05                             je      L247
 0007  8d 53 01                          lea     edx,+1H[ebx]
 000a  eb 05                             jmp     L248
 000c  ba ef 00 00 00    L247            mov     edx,offset L108
 0011  8b 40 41          L248            mov     eax,+41H[eax]
 0014  e8 00 00 00 00                    call    void near GUItextedit::setinput( char near * )
 0019  c3                                ret     
 001a  8b c0                             mov     eax,eax

No disassembly errors

------------------------------------------------------------

Comdat: int near e_gotoseriesname_edit::sendmessage( GUIrect near *, int )  SEGMENT ANY '_TEXT'  00000044 bytes  
 0000  51                                push    ecx
 0001  56                                push    esi
 0002  57                                push    edi
 0003  8b 48 3d                          mov     ecx,+3dH[eax]
 0006  85 c9                             test    ecx,ecx
 0008  74 2f                             je      L251
 000a  8b 70 41                          mov     esi,+41H[eax]
 000d  39 f2                             cmp     edx,esi
 000f  75 28                             jne     L251
 0011  83 fb 07                          cmp     ebx,00000007H
 0014  75 23                             jne     L251
 0016  81 c6 95 00 00 00                 add     esi,00000095H
 001c  8d 79 01                          lea     edi,+1H[ecx]
 001f  57                                push    edi
 0020  8a 06             L249            mov     al,[esi]
 0022  88 07                             mov     [edi],al
 0024  3c 00                             cmp     al,00H
 0026  74 10                             je      L250
 0028  8a 46 01                          mov     al,+1H[esi]
 002b  83 c6 02                          add     esi,00000002H
 002e  88 47 01                          mov     +1H[edi],al
 0031  83 c7 02                          add     edi,00000002H
 0034  3c 00                             cmp     al,00H
 0036  75 e8                             jne     L249
 0038  5f                L250            pop     edi
 0039  b8 01 00 00 00    L251            mov     eax,00000001H
 003e  5f                                pop     edi
 003f  5e                                pop     esi
 0040  59                                pop     ecx
 0041  c3                                ret     
 0042  8b c0                             mov     eax,eax

No disassembly errors

------------------------------------------------------------

Comdat: char near * near e_gotoseriesname_edit::getname()  SEGMENT ANY '_TEXT'  00000008 bytes  
 0000  b8 f0 00 00 00                    mov     eax,offset L109
 0005  c3                                ret     
 0006  8b c0                             mov     eax,eax

No disassembly errors

------------------------------------------------------------

Comdat: near e_newobject_edit::e_newobject_edit( effectedit near * )  SEGMENT ANY '_TEXT'  0000011c bytes  
 0000  53                                push    ebx
 0001  51                                push    ecx
 0002  56                                push    esi
 0003  57                                push    edi
 0004  55                                push    ebp
 0005  89 c7                             mov     edi,eax
 0007  89 d6                             mov     esi,edx
 0009  e8 00 00 00 00                    call    near epane::epane( effectedit near * )
 000e  89 c2                             mov     edx,eax
 0010  c7 40 3d 00 00 00 
       00                                mov     dword ptr +3dH[eax],00000000H
 0017  89 c7                             mov     edi,eax
 0019  c7 40 29 00 00 00 
       00                                mov     dword ptr +29H[eax],offset void (near * const near __vftbl[])()
 0020  b8 59 00 00 00                    mov     eax,00000059H
 0025  e8 00 00 00 00                    call    void near * near operator new( int unsigned )
 002a  85 c0                             test    eax,eax
 002c  74 26                             je      L252
 002e  8b 5a 21                          mov     ebx,+21H[edx]
 0031  8b 4a 19                          mov     ecx,+19H[edx]
 0034  6a 0a                             push    0000000aH
 0036  29 cb                             sub     ebx,ecx
 0038  6a 04                             push    00000004H
 003a  83 eb 0a                          sub     ebx,0000000aH
 003d  53                                push    ebx
 003e  b9 03 00 00 00                    mov     ecx,00000003H
 0043  bb 05 00 00 00                    mov     ebx,00000005H
 0048  e8 00 00 00 00                    call    near GUIlistbox::GUIlistbox( GUIrect near *, int, int, int, int, int )
 004d  c7 40 29 00 00 00 
       00                                mov     dword ptr +29H[eax],offset void (near * const near __vftbl[])()
 0054  89 47 45          L252            mov     +45H[edi],eax
 0057  b8 59 00 00 00                    mov     eax,00000059H
 005c  e8 00 00 00 00                    call    void near * near operator new( int unsigned )
 0061  85 c0                             test    eax,eax
 0063  74 28                             je      L253
 0065  8b 57 21                          mov     edx,+21H[edi]
 0068  8b 6f 19                          mov     ebp,+19H[edi]
 006b  6a 0a                             push    0000000aH
 006d  29 ea                             sub     edx,ebp
 006f  6a 06                             push    00000006H
 0071  83 ea 0a                          sub     edx,0000000aH
 0074  b9 2e 00 00 00                    mov     ecx,0000002eH
 0079  52                                push    edx
 007a  bb 05 00 00 00                    mov     ebx,00000005H
 007f  89 fa                             mov     edx,edi
 0081  e8 00 00 00 00                    call    near GUIlistbox::GUIlistbox( GUIrect near *, int, int, int, int, int )
 0086  c7 40 29 00 00 00 
       00                                mov     dword ptr +29H[eax],offset void (near * const near __vftbl[])()
 008d  89 47 49          L253            mov     +49H[edi],eax
 0090  8b 56 35                          mov     edx,+35H[esi]
 0093  8b 47 45                          mov     eax,+45H[edi]
 0096  8b 52 51                          mov     edx,+51H[edx]
 0099  e8 00 00 00 00                    call    void near * near * near GUIlistbox::resizeitems( int )
 009e  89 c2                             mov     edx,eax
 00a0  89 c5                             mov     ebp,eax
 00a2  31 c0                             xor     eax,eax
 00a4  eb 10                             jmp     L255
 00a6  8b 5b 55          L254            mov     ebx,+55H[ebx]
 00a9  8b 1c 83                          mov     ebx,[ebx+eax*4]
 00ac  83 c2 04                          add     edx,00000004H
 00af  83 c3 07                          add     ebx,00000007H
 00b2  40                                inc     eax
 00b3  89 5a fc                          mov     -4H[edx],ebx
 00b6  8b 5e 35          L255            mov     ebx,+35H[esi]
 00b9  3b 43 51                          cmp     eax,+51H[ebx]
 00bc  7c e8                             jl      L254
 00be  b8 81 00 00 00                    mov     eax,00000081H
 00c3  c7 45 00 06 01 00 
       00                                mov     dword ptr +0H[ebp],offset L110
 00ca  e8 00 00 00 00                    call    void near * near operator new( int unsigned )
 00cf  85 c0                             test    eax,eax
 00d1  74 3c                             je      L256
 00d3  8b 57 21                          mov     edx,+21H[edi]
 00d6  2b 57 19                          sub     edx,+19H[edi]
 00d9  8b 6f 1d                          mov     ebp,+1dH[edi]
 00dc  89 d6                             mov     esi,edx
 00de  8b 57 25                          mov     edx,+25H[edi]
 00e1  29 ea                             sub     edx,ebp
 00e3  83 ea 0a                          sub     edx,0000000aH
 00e6  52                                push    edx
 00e7  bb 01 00 00 00                    mov     ebx,00000001H
 00ec  6a 00                             push    00000000H
 00ee  31 c9                             xor     ecx,ecx
 00f0  89 fa                             mov     edx,edi
 00f2  e8 00 00 00 00                    call    near GUIstatictext::GUIstatictext( GUIrect near *, int, char near *, int, int )
 00f7  8b 50 19                          mov     edx,+19H[eax]
 00fa  01 f2                             add     edx,esi
 00fc  89 50 21                          mov     +21H[eax],edx
 00ff  8b 50 1d                          mov     edx,+1dH[eax]
 0102  c7 40 29 00 00 00 
       00                                mov     dword ptr +29H[eax],offset void (near * const near __vftbl[])()
 0109  83 c2 0a                          add     edx,0000000aH
 010c  89 50 25                          mov     +25H[eax],edx
 010f  89 47 41          L256            mov     +41H[edi],eax
 0112  89 f8                             mov     eax,edi
 0114  5d                                pop     ebp
 0115  5f                                pop     edi
 0116  5e                                pop     esi
 0117  59                                pop     ecx
 0118  5b                                pop     ebx
 0119  c3                                ret     
 011a  8b c0                             mov     eax,eax

No disassembly errors

------------------------------------------------------------

Comdat: void near e_newobject_edit::refresh( int, void near * )  SEGMENT ANY '_TEXT'  00000088 bytes  
 0000  51                                push    ecx
 0001  83 ec 50                          sub     esp,00000050H
 0004  89 c1                             mov     ecx,eax
 0006  89 58 3d                          mov     +3dH[eax],ebx
 0009  85 db                             test    ebx,ebx
 000b  74 5f                             je      L259
 000d  8a 53 01                          mov     dl,+1H[ebx]
 0010  81 e2 ff 00 00 00                 and     edx,000000ffH
 0016  8b 40 45                          mov     eax,+45H[eax]
 0019  e8 00 00 00 00                    call    void near GUIlistbox::setsel( int )
 001e  8b 41 3d                          mov     eax,+3dH[ecx]
 0021  8a 58 05                          mov     bl,+5H[eax]
 0024  89 ca                             mov     edx,ecx
 0026  f6 c3 80                          test    bl,80H
 0029  74 07                             je      L257
 002b  b8 0d 01 00 00                    mov     eax,offset L111
 0030  eb 05                             jmp     L258
 0032  b8 13 01 00 00    L257            mov     eax,offset L112
 0037  8b 4a 3d          L258            mov     ecx,+3dH[edx]
 003a  50                                push    eax
 003b  66 8b 41 04                       mov     ax,+4H[ecx]
 003f  01 c0                             add     eax,eax
 0041  66 d1 f8                          sar     ax,1
 0044  98                                cwde    
 0045  50                                push    eax
 0046  8b 41 04                          mov     eax,+4H[ecx]
 0049  c1 f8 10                          sar     eax,10H
 004c  50                                push    eax
 004d  8b 01                             mov     eax,[ecx]
 004f  c1 f8 10                          sar     eax,10H
 0052  50                                push    eax
 0053  68 14 01 00 00                    push    offset L113
 0058  8d 44 24 14                       lea     eax,+14H[esp]
 005c  50                                push    eax
 005d  e8 00 00 00 00                    call    sprintf_
 0062  83 c4 18                          add     esp,00000018H
 0065  8b 42 41                          mov     eax,+41H[edx]
 0068  89 e2                             mov     edx,esp
 006a  eb 10                             jmp     L260
 006c  8b 40 45          L259            mov     eax,+45H[eax]
 006f  ba 22 01 00 00                    mov     edx,offset L114
 0074  e8 00 00 00 00                    call    void near GUIlistbox::clearsel()
 0079  8b 41 41                          mov     eax,+41H[ecx]
 007c  e8 00 00 00 00    L260            call    void near GUIstatictext::settext( char near * )
 0081  83 c4 50                          add     esp,00000050H
 0084  59                                pop     ecx
 0085  c3                                ret     
 0086  8b c0                             mov     eax,eax

No disassembly errors

------------------------------------------------------------

Comdat: int near e_newobject_edit::sendmessage( GUIrect near *, int )  SEGMENT ANY '_TEXT'  000000dc bytes  
 0000  51                                push    ecx
 0001  56                                push    esi
 0002  57                                push    edi
 0003  55                                push    ebp
 0004  83 ec 08                          sub     esp,00000008H
 0007  89 c7                             mov     edi,eax
 0009  89 54 24 04                       mov     +4H[esp],edx
 000d  89 1c 24                          mov     [esp],ebx
 0010  83 78 3d 00                       cmp     dword ptr +3dH[eax],00000000H
 0014  0f 84 b4 00 00 00                 je      L265
 001a  8b 44 24 04                       mov     eax,+4H[esp]
 001e  8b 5f 45                          mov     ebx,+45H[edi]
 0021  39 d8                             cmp     eax,ebx
 0023  0f 85 85 00 00 00                 jne     L264
 0029  83 3c 24 05                       cmp     dword ptr [esp],00000005H
 002d  0f 85 7b 00 00 00                 jne     L264
 0033  8b 43 49                          mov     eax,+49H[ebx]
 0036  89 c2                             mov     edx,eax
 0038  85 c0                             test    eax,eax
 003a  0f 8c 8e 00 00 00                 jl      L265
 0040  8b 5f 3d                          mov     ebx,+3dH[edi]
 0043  88 43 01                          mov     +1H[ebx],al
 0046  75 0e                             jne     L261
 0048  8b 47 39                          mov     eax,+39H[edi]
 004b  8b 40 39                          mov     eax,+39H[eax]
 004e  8a 40 10                          mov     al,+10H[eax]
 0051  25 ff 00 00 00                    and     eax,000000ffH
 0056  8d 14 85 00 00 00 
       00                L261            lea     edx,+0H[eax*4]
 005d  8b 47 39                          mov     eax,+39H[edi]
 0060  8b 48 35                          mov     ecx,+35H[eax]
 0063  8b 49 55                          mov     ecx,+55H[ecx]
 0066  8b 0c 11                          mov     ecx,[ecx+edx]
 0069  8b 47 49                          mov     eax,+49H[edi]
 006c  8b 51 1f                          mov     edx,+1fH[ecx]
 006f  e8 00 00 00 00                    call    void near * near * near GUIlistbox::resizeitems( int )
 0074  8b 71 1f                          mov     esi,+1fH[ecx]
 0077  31 d2                             xor     edx,edx
 0079  85 f6                             test    esi,esi
 007b  7e 1d                             jle     L263
 007d  89 c3                             mov     ebx,eax
 007f  31 c0                             xor     eax,eax
 0081  8b 71 23          L262            mov     esi,+23H[ecx]
 0084  01 c6                             add     esi,eax
 0086  83 c3 04                          add     ebx,00000004H
 0089  83 c6 19                          add     esi,00000019H
 008c  89 73 fc                          mov     -4H[ebx],esi
 008f  42                                inc     edx
 0090  8b 69 1f                          mov     ebp,+1fH[ecx]
 0093  83 c0 29                          add     eax,00000029H
 0096  39 ea                             cmp     edx,ebp
 0098  7c e7                             jl      L262
 009a  8b 57 3d          L263            mov     edx,+3dH[edi]
 009d  8a 52 08                          mov     dl,+8H[edx]
 00a0  81 e2 ff 00 00 00                 and     edx,000000ffH
 00a6  8b 47 49                          mov     eax,+49H[edi]
 00a9  e8 00 00 00 00                    call    void near GUIlistbox::setsel( int )
 00ae  8b 44 24 04       L264            mov     eax,+4H[esp]
 00b2  8b 57 49                          mov     edx,+49H[edi]
 00b5  39 d0                             cmp     eax,edx
 00b7  75 15                             jne     L265
 00b9  83 3c 24 05                       cmp     dword ptr [esp],00000005H
 00bd  75 0f                             jne     L265
 00bf  8b 42 49                          mov     eax,+49H[edx]
 00c2  89 c2                             mov     edx,eax
 00c4  85 c0                             test    eax,eax
 00c6  7c 06                             jl      L265
 00c8  8b 47 3d                          mov     eax,+3dH[edi]
 00cb  88 50 08                          mov     +8H[eax],dl
 00ce  b8 01 00 00 00    L265            mov     eax,00000001H
 00d3  83 c4 08                          add     esp,00000008H
 00d6  5d                                pop     ebp
 00d7  5f                                pop     edi
 00d8  5e                                pop     esi
 00d9  59                                pop     ecx
 00da  c3                                ret     
 00db  90                                nop     

No disassembly errors

------------------------------------------------------------

Comdat: int near e_newobject_edit::keyhit( char, char )  SEGMENT ANY '_TEXT'  00000004 bytes  
 0000  31 c0                             xor     eax,eax
 0002  c3                                ret     
 0003  90                                nop     

No disassembly errors

------------------------------------------------------------

Comdat: void near e_newobject_edit::draweffect( char near * )  SEGMENT ANY '_TEXT'  0000001c bytes  
 0000  53                                push    ebx
 0001  51                                push    ecx
 0002  8b 58 39                          mov     ebx,+39H[eax]
 0005  8b 48 3d                          mov     ecx,+3dH[eax]
 0008  8b 5b 39                          mov     ebx,+39H[ebx]
 000b  85 c9                             test    ecx,ecx
 000d  74 07                             je      L266
 000f  89 c8                             mov     eax,ecx
 0011  e8 00 00 00 00                    call    void near e_newobject::draw( char near *, object near * )
 0016  59                L266            pop     ecx
 0017  5b                                pop     ebx
 0018  c3                                ret     
 0019  8d 40 00                          lea     eax,+0H[eax]

No disassembly errors

------------------------------------------------------------

Comdat: GUIrect near * near e_newobject_edit::click( mouse near & )  SEGMENT ANY '_TEXT'  000000cc bytes  
 0000  53                                push    ebx
 0001  51                                push    ecx
 0002  56                                push    esi
 0003  57                                push    edi
 0004  55                                push    ebp
 0005  83 ec 08                          sub     esp,00000008H
 0008  89 c7                             mov     edi,eax
 000a  89 d1                             mov     ecx,edx
 000c  8b 70 39                          mov     esi,+39H[eax]
 000f  8b 46 35                          mov     eax,+35H[esi]
 0012  8b 76 39                          mov     esi,+39H[esi]
 0015  8b 5e 30                          mov     ebx,+30H[esi]
 0018  8b 50 19                          mov     edx,+19H[eax]
 001b  c1 fb 10                          sar     ebx,10H
 001e  01 d3                             add     ebx,edx
 0020  8b 56 34                          mov     edx,+34H[esi]
 0023  8b 40 1d                          mov     eax,+1dH[eax]
 0026  c1 fa 10                          sar     edx,10H
 0029  01 d0                             add     eax,edx
 002b  89 04 24                          mov     [esp],eax
 002e  8b 47 3d                          mov     eax,+3dH[edi]
 0031  8b 50 04                          mov     edx,+4H[eax]
 0034  8b 2c 24                          mov     ebp,[esp]
 0037  c1 fa 10                          sar     edx,10H
 003a  01 d5                             add     ebp,edx
 003c  89 2c 24                          mov     [esp],ebp
 003f  8b 6e 38                          mov     ebp,+38H[esi]
 0042  8b 14 24                          mov     edx,[esp]
 0045  c1 fd 10                          sar     ebp,10H
 0048  01 d5                             add     ebp,edx
 004a  66 8b 50 04                       mov     dx,+4H[eax]
 004e  01 d2                             add     edx,edx
 0050  66 d1 fa                          sar     dx,1
 0053  66 89 54 24 04                    mov     +4H[esp],dx
 0058  8b 54 24 02                       mov     edx,+2H[esp]
 005c  c1 fa 10                          sar     edx,10H
 005f  01 d5                             add     ebp,edx
 0061  80 7e 40 00                       cmp     byte ptr +40H[esi],00H
 0065  75 09                             jne     L267
 0067  8b 00                             mov     eax,[eax]
 0069  c1 f8 10                          sar     eax,10H
 006c  01 c3                             add     ebx,eax
 006e  eb 07                             jmp     L268
 0070  8b 00             L267            mov     eax,[eax]
 0072  c1 f8 10                          sar     eax,10H
 0075  29 c3                             sub     ebx,eax
 0077  8b 35 3c 00 00 00 L268            mov     esi,A95VOL near a95vol+3cH
 007d  8b 56 08                          mov     edx,+8H[esi]
 0080  89 d0                             mov     eax,edx
 0082  c1 fa 1f                          sar     edx,1fH
 0085  2b c2                             sub     eax,edx
 0087  d1 f8                             sar     eax,1
 0089  89 da                             mov     edx,ebx
 008b  29 c2                             sub     edx,eax
 008d  89 14 24                          mov     [esp],edx
 0090  8b 51 10                          mov     edx,+10H[ecx]
 0093  8b 76 0c                          mov     esi,+0cH[esi]
 0096  3b 14 24                          cmp     edx,[esp]
 0099  7e 26                             jle     L269
 009b  01 d8                             add     eax,ebx
 009d  39 d0                             cmp     eax,edx
 009f  7e 20                             jle     L269
 00a1  89 f2                             mov     edx,esi
 00a3  89 f0                             mov     eax,esi
 00a5  c1 fa 1f                          sar     edx,1fH
 00a8  2b c2                             sub     eax,edx
 00aa  d1 f8                             sar     eax,1
 00ac  89 ea                             mov     edx,ebp
 00ae  8b 71 14                          mov     esi,+14H[ecx]
 00b1  29 c2                             sub     edx,eax
 00b3  39 f2                             cmp     edx,esi
 00b5  7d 0a                             jge     L269
 00b7  01 e8                             add     eax,ebp
 00b9  39 f0                             cmp     eax,esi
 00bb  7e 04                             jle     L269
 00bd  89 f8                             mov     eax,edi
 00bf  eb 02                             jmp     L270
 00c1  31 c0             L269            xor     eax,eax
 00c3  83 c4 08          L270            add     esp,00000008H
 00c6  5d                                pop     ebp
 00c7  5f                                pop     edi
 00c8  5e                                pop     esi
 00c9  59                                pop     ecx
 00ca  5b                                pop     ebx
 00cb  c3                                ret     

No disassembly errors

------------------------------------------------------------

Comdat: int near e_newobject_edit::drag( mouse near & )  SEGMENT ANY '_TEXT'  00000094 bytes  
 0000  53                                push    ebx
 0001  51                                push    ecx
 0002  56                                push    esi
 0003  57                                push    edi
 0004  83 ec 50                          sub     esp,00000050H
 0007  8b 48 3d                          mov     ecx,+3dH[eax]
 000a  66 8b 5a 10                       mov     bx,+10H[edx]
 000e  66 8b 72 08                       mov     si,+8H[edx]
 0012  66 8b 79 02                       mov     di,+2H[ecx]
 0016  29 f3                             sub     ebx,esi
 0018  01 df                             add     edi,ebx
 001a  66 89 79 02                       mov     +2H[ecx],di
 001e  8b 48 3d                          mov     ecx,+3dH[eax]
 0021  66 8b 5a 14                       mov     bx,+14H[edx]
 0025  66 8b 72 0c                       mov     si,+0cH[edx]
 0029  66 8b 79 06                       mov     di,+6H[ecx]
 002d  29 f3                             sub     ebx,esi
 002f  01 df                             add     edi,ebx
 0031  66 89 79 06                       mov     +6H[ecx],di
 0035  89 c2                             mov     edx,eax
 0037  8b 40 3d                          mov     eax,+3dH[eax]
 003a  f6 40 05 80                       test    byte ptr +5H[eax],80H
 003e  74 07                             je      L271
 0040  b8 0d 01 00 00                    mov     eax,offset L111
 0045  eb 05                             jmp     L272
 0047  b8 13 01 00 00    L271            mov     eax,offset L112
 004c  50                L272            push    eax
 004d  8b 42 3d                          mov     eax,+3dH[edx]
 0050  66 8b 58 04                       mov     bx,+4H[eax]
 0054  01 db                             add     ebx,ebx
 0056  66 d1 fb                          sar     bx,1
 0059  0f bf cb                          movsx   ecx,bx
 005c  51                                push    ecx
 005d  8b 48 04                          mov     ecx,+4H[eax]
 0060  c1 f9 10                          sar     ecx,10H
 0063  8b 00                             mov     eax,[eax]
 0065  51                                push    ecx
 0066  c1 f8 10                          sar     eax,10H
 0069  50                                push    eax
 006a  68 14 01 00 00                    push    offset L113
 006f  8d 44 24 14                       lea     eax,+14H[esp]
 0073  50                                push    eax
 0074  e8 00 00 00 00                    call    sprintf_
 0079  83 c4 18                          add     esp,00000018H
 007c  8b 42 41                          mov     eax,+41H[edx]
 007f  89 e2                             mov     edx,esp
 0081  e8 00 00 00 00                    call    void near GUIstatictext::settext( char near * )
 0086  b8 01 00 00 00                    mov     eax,00000001H
 008b  83 c4 50                          add     esp,00000050H
 008e  5f                                pop     edi
 008f  5e                                pop     esi
 0090  59                                pop     ecx
 0091  5b                                pop     ebx
 0092  c3                                ret     
 0093  90                                nop     

No disassembly errors

------------------------------------------------------------

Comdat: int near e_newobject_edit::release( mouse near & )  SEGMENT ANY '_TEXT'  00000008 bytes  
 0000  b8 01 00 00 00                    mov     eax,00000001H
 0005  c3                                ret     
 0006  8b c0                             mov     eax,eax

No disassembly errors

------------------------------------------------------------

Comdat: char near * near e_newobject_edit::getname()  SEGMENT ANY '_TEXT'  00000008 bytes  
 0000  b8 23 01 00 00                    mov     eax,offset L115
 0005  c3                                ret     
 0006  8b c0                             mov     eax,eax

No disassembly errors

------------------------------------------------------------

Comdat: near e_blood_edit::e_blood_edit( effectedit near * )  SEGMENT ANY '_TEXT'  000000c8 bytes  
 0000  53                                push    ebx
 0001  51                                push    ecx
 0002  56                                push    esi
 0003  57                                push    edi
 0004  55                                push    ebp
 0005  89 c6                             mov     esi,eax
 0007  e8 00 00 00 00                    call    near epane::epane( effectedit near * )
 000c  89 c2                             mov     edx,eax
 000e  89 c6                             mov     esi,eax
 0010  c7 40 29 00 00 00 
       00                                mov     dword ptr +29H[eax],offset void (near * const near __vftbl[])()
 0017  b8 59 00 00 00                    mov     eax,00000059H
 001c  e8 00 00 00 00                    call    void near * near operator new( int unsigned )
 0021  85 c0                             test    eax,eax
 0023  74 23                             je      L273
 0025  8b 5a 21                          mov     ebx,+21H[edx]
 0028  8b 4a 19                          mov     ecx,+19H[edx]
 002b  6a 0a                             push    0000000aH
 002d  29 cb                             sub     ebx,ecx
 002f  6a 07                             push    00000007H
 0031  83 eb 0a                          sub     ebx,0000000aH
 0034  b9 05 00 00 00                    mov     ecx,00000005H
 0039  53                                push    ebx
 003a  89 cb                             mov     ebx,ecx
 003c  e8 00 00 00 00                    call    near GUIlistbox::GUIlistbox( GUIrect near *, int, int, int, int, int )
 0041  c7 40 29 00 00 00 
       00                                mov     dword ptr +29H[eax],offset void (near * const near __vftbl[])()
 0048  ba 04 00 00 00    L273            mov     edx,00000004H
 004d  89 46 45                          mov     +45H[esi],eax
 0050  e8 00 00 00 00                    call    void near * near * near GUIlistbox::resizeitems( int )
 0055  c7 00 34 01 00 00                 mov     dword ptr [eax],offset L116
 005b  c7 40 04 3b 01 00 
       00                                mov     dword ptr +4H[eax],offset L117
 0062  c7 40 08 40 01 00 
       00                                mov     dword ptr +8H[eax],offset L118
 0069  c7 40 0c 4a 01 00 
       00                                mov     dword ptr +0cH[eax],offset L119
 0070  b8 81 00 00 00                    mov     eax,00000081H
 0075  e8 00 00 00 00                    call    void near * near operator new( int unsigned )
 007a  85 c0                             test    eax,eax
 007c  74 3c                             je      L274
 007e  8b 56 21                          mov     edx,+21H[esi]
 0081  2b 56 19                          sub     edx,+19H[esi]
 0084  8b 6e 1d                          mov     ebp,+1dH[esi]
 0087  89 d7                             mov     edi,edx
 0089  8b 56 25                          mov     edx,+25H[esi]
 008c  29 ea                             sub     edx,ebp
 008e  83 ea 0a                          sub     edx,0000000aH
 0091  52                                push    edx
 0092  bb 01 00 00 00                    mov     ebx,00000001H
 0097  6a 00                             push    00000000H
 0099  31 c9                             xor     ecx,ecx
 009b  89 f2                             mov     edx,esi
 009d  e8 00 00 00 00                    call    near GUIstatictext::GUIstatictext( GUIrect near *, int, char near *, int, int )
 00a2  8b 50 19                          mov     edx,+19H[eax]
 00a5  01 fa                             add     edx,edi
 00a7  89 50 21                          mov     +21H[eax],edx
 00aa  8b 50 1d                          mov     edx,+1dH[eax]
 00ad  c7 40 29 00 00 00 
       00                                mov     dword ptr +29H[eax],offset void (near * const near __vftbl[])()
 00b4  83 c2 0a                          add     edx,0000000aH
 00b7  89 50 25                          mov     +25H[eax],edx
 00ba  89 46 41          L274            mov     +41H[esi],eax
 00bd  89 f0                             mov     eax,esi
 00bf  5d                                pop     ebp
 00c0  5f                                pop     edi
 00c1  5e                                pop     esi
 00c2  59                                pop     ecx
 00c3  5b                                pop     ebx
 00c4  c3                                ret     
 00c5  8d 40 00                          lea     eax,+0H[eax]

No disassembly errors

------------------------------------------------------------

Comdat: void near e_blood_edit::refresh( int, void near * )  SEGMENT ANY '_TEXT'  00000088 bytes  
 0000  51                                push    ecx
 0001  83 ec 50                          sub     esp,00000050H
 0004  89 c1                             mov     ecx,eax
 0006  89 58 3d                          mov     +3dH[eax],ebx
 0009  85 db                             test    ebx,ebx
 000b  74 5f                             je      L277
 000d  8a 53 01                          mov     dl,+1H[ebx]
 0010  81 e2 ff 00 00 00                 and     edx,000000ffH
 0016  8b 40 45                          mov     eax,+45H[eax]
 0019  e8 00 00 00 00                    call    void near GUIlistbox::setsel( int )
 001e  8b 41 3d                          mov     eax,+3dH[ecx]
 0021  8a 58 05                          mov     bl,+5H[eax]
 0024  89 ca                             mov     edx,ecx
 0026  f6 c3 80                          test    bl,80H
 0029  74 07                             je      L275
 002b  b8 50 01 00 00                    mov     eax,offset L120
 0030  eb 05                             jmp     L276
 0032  b8 56 01 00 00    L275            mov     eax,offset L121
 0037  8b 4a 3d          L276            mov     ecx,+3dH[edx]
 003a  50                                push    eax
 003b  66 8b 41 04                       mov     ax,+4H[ecx]
 003f  01 c0                             add     eax,eax
 0041  66 d1 f8                          sar     ax,1
 0044  98                                cwde    
 0045  50                                push    eax
 0046  8b 41 04                          mov     eax,+4H[ecx]
 0049  c1 f8 10                          sar     eax,10H
 004c  50                                push    eax
 004d  8b 01                             mov     eax,[ecx]
 004f  c1 f8 10                          sar     eax,10H
 0052  50                                push    eax
 0053  68 57 01 00 00                    push    offset L122
 0058  8d 44 24 14                       lea     eax,+14H[esp]
 005c  50                                push    eax
 005d  e8 00 00 00 00                    call    sprintf_
 0062  83 c4 18                          add     esp,00000018H
 0065  8b 42 41                          mov     eax,+41H[edx]
 0068  89 e2                             mov     edx,esp
 006a  eb 10                             jmp     L278
 006c  8b 40 45          L277            mov     eax,+45H[eax]
 006f  ba 65 01 00 00                    mov     edx,offset L123
 0074  e8 00 00 00 00                    call    void near GUIlistbox::clearsel()
 0079  8b 41 41                          mov     eax,+41H[ecx]
 007c  e8 00 00 00 00    L278            call    void near GUIstatictext::settext( char near * )
 0081  83 c4 50                          add     esp,00000050H
 0084  59                                pop     ecx
 0085  c3                                ret     
 0086  8b c0                             mov     eax,eax

No disassembly errors

------------------------------------------------------------

Comdat: int near e_blood_edit::keyhit( char, char )  SEGMENT ANY '_TEXT'  00000004 bytes  
 0000  31 c0                             xor     eax,eax
 0002  c3                                ret     
 0003  90                                nop     

No disassembly errors

------------------------------------------------------------

Comdat: int near e_blood_edit::sendmessage( GUIrect near *, int )  SEGMENT ANY '_TEXT'  00000024 bytes  
 0000  51                                push    ecx
 0001  8b 48 45                          mov     ecx,+45H[eax]
 0004  39 ca                             cmp     edx,ecx
 0006  75 14                             jne     L279
 0008  83 fb 05                          cmp     ebx,00000005H
 000b  75 0f                             jne     L279
 000d  8b 51 49                          mov     edx,+49H[ecx]
 0010  89 d3                             mov     ebx,edx
 0012  85 d2                             test    edx,edx
 0014  7c 06                             jl      L279
 0016  8b 40 3d                          mov     eax,+3dH[eax]
 0019  88 58 01                          mov     +1H[eax],bl
 001c  b8 01 00 00 00    L279            mov     eax,00000001H
 0021  59                                pop     ecx
 0022  c3                                ret     
 0023  90                                nop     

No disassembly errors

------------------------------------------------------------

Comdat: void near e_blood_edit::draweffect( char near * )  SEGMENT ANY '_TEXT'  00000018 bytes  
 0000  53                                push    ebx
 0001  83 78 3d 00                       cmp     dword ptr +3dH[eax],00000000H
 0005  74 0e                             je      L280
 0007  8b 58 39                          mov     ebx,+39H[eax]
 000a  8b 5b 39                          mov     ebx,+39H[ebx]
 000d  8b 40 3d                          mov     eax,+3dH[eax]
 0010  e8 00 00 00 00                    call    void near e_blood::draw( char near *, object near * )
 0015  5b                L280            pop     ebx
 0016  c3                                ret     
 0017  90                                nop     

No disassembly errors

------------------------------------------------------------

Comdat: GUIrect near * near e_blood_edit::click( mouse near & )  SEGMENT ANY '_TEXT'  000000cc bytes  
 0000  53                                push    ebx
 0001  51                                push    ecx
 0002  56                                push    esi
 0003  57                                push    edi
 0004  55                                push    ebp
 0005  83 ec 08                          sub     esp,00000008H
 0008  89 c7                             mov     edi,eax
 000a  89 d1                             mov     ecx,edx
 000c  8b 70 39                          mov     esi,+39H[eax]
 000f  8b 46 35                          mov     eax,+35H[esi]
 0012  8b 76 39                          mov     esi,+39H[esi]
 0015  8b 5e 30                          mov     ebx,+30H[esi]
 0018  8b 50 19                          mov     edx,+19H[eax]
 001b  c1 fb 10                          sar     ebx,10H
 001e  01 d3                             add     ebx,edx
 0020  8b 56 34                          mov     edx,+34H[esi]
 0023  8b 40 1d                          mov     eax,+1dH[eax]
 0026  c1 fa 10                          sar     edx,10H
 0029  01 d0                             add     eax,edx
 002b  89 04 24                          mov     [esp],eax
 002e  8b 47 3d                          mov     eax,+3dH[edi]
 0031  8b 50 04                          mov     edx,+4H[eax]
 0034  8b 2c 24                          mov     ebp,[esp]
 0037  c1 fa 10                          sar     edx,10H
 003a  01 d5                             add     ebp,edx
 003c  89 2c 24                          mov     [esp],ebp
 003f  8b 6e 38                          mov     ebp,+38H[esi]
 0042  8b 14 24                          mov     edx,[esp]
 0045  c1 fd 10                          sar     ebp,10H
 0048  01 d5                             add     ebp,edx
 004a  66 8b 50 04                       mov     dx,+4H[eax]
 004e  01 d2                             add     edx,edx
 0050  66 d1 fa                          sar     dx,1
 0053  66 89 54 24 04                    mov     +4H[esp],dx
 0058  8b 54 24 02                       mov     edx,+2H[esp]
 005c  c1 fa 10                          sar     edx,10H
 005f  01 d5                             add     ebp,edx
 0061  80 7e 40 00                       cmp     byte ptr +40H[esi],00H
 0065  75 09                             jne     L281
 0067  8b 00                             mov     eax,[eax]
 0069  c1 f8 10                          sar     eax,10H
 006c  01 c3                             add     ebx,eax
 006e  eb 07                             jmp     L282
 0070  8b 00             L281            mov     eax,[eax]
 0072  c1 f8 10                          sar     eax,10H
 0075  29 c3                             sub     ebx,eax
 0077  8b 35 3c 00 00 00 L282            mov     esi,A95VOL near a95vol+3cH
 007d  8b 56 08                          mov     edx,+8H[esi]
 0080  89 d0                             mov     eax,edx
 0082  c1 fa 1f                          sar     edx,1fH
 0085  2b c2                             sub     eax,edx
 0087  d1 f8                             sar     eax,1
 0089  89 da                             mov     edx,ebx
 008b  29 c2                             sub     edx,eax
 008d  89 14 24                          mov     [esp],edx
 0090  8b 51 10                          mov     edx,+10H[ecx]
 0093  8b 76 0c                          mov     esi,+0cH[esi]
 0096  3b 14 24                          cmp     edx,[esp]
 0099  7e 26                             jle     L283
 009b  01 d8                             add     eax,ebx
 009d  39 d0                             cmp     eax,edx
 009f  7e 20                             jle     L283
 00a1  89 f2                             mov     edx,esi
 00a3  89 f0                             mov     eax,esi
 00a5  c1 fa 1f                          sar     edx,1fH
 00a8  2b c2                             sub     eax,edx
 00aa  d1 f8                             sar     eax,1
 00ac  89 ea                             mov     edx,ebp
 00ae  8b 71 14                          mov     esi,+14H[ecx]
 00b1  29 c2                             sub     edx,eax
 00b3  39 f2                             cmp     edx,esi
 00b5  7d 0a                             jge     L283
 00b7  01 e8                             add     eax,ebp
 00b9  39 f0                             cmp     eax,esi
 00bb  7e 04                             jle     L283
 00bd  89 f8                             mov     eax,edi
 00bf  eb 02                             jmp     L284
 00c1  31 c0             L283            xor     eax,eax
 00c3  83 c4 08          L284            add     esp,00000008H
 00c6  5d                                pop     ebp
 00c7  5f                                pop     edi
 00c8  5e                                pop     esi
 00c9  59                                pop     ecx
 00ca  5b                                pop     ebx
 00cb  c3                                ret     

No disassembly errors

------------------------------------------------------------

Comdat: int near e_blood_edit::drag( mouse near & )  SEGMENT ANY '_TEXT'  00000094 bytes  
 0000  53                                push    ebx
 0001  51                                push    ecx
 0002  56                                push    esi
 0003  57                                push    edi
 0004  83 ec 50                          sub     esp,00000050H
 0007  8b 48 3d                          mov     ecx,+3dH[eax]
 000a  66 8b 5a 10                       mov     bx,+10H[edx]
 000e  66 8b 72 08                       mov     si,+8H[edx]
 0012  66 8b 79 02                       mov     di,+2H[ecx]
 0016  29 f3                             sub     ebx,esi
 0018  01 df                             add     edi,ebx
 001a  66 89 79 02                       mov     +2H[ecx],di
 001e  8b 48 3d                          mov     ecx,+3dH[eax]
 0021  66 8b 5a 14                       mov     bx,+14H[edx]
 0025  66 8b 72 0c                       mov     si,+0cH[edx]
 0029  66 8b 79 06                       mov     di,+6H[ecx]
 002d  29 f3                             sub     ebx,esi
 002f  01 df                             add     edi,ebx
 0031  66 89 79 06                       mov     +6H[ecx],di
 0035  89 c2                             mov     edx,eax
 0037  8b 40 3d                          mov     eax,+3dH[eax]
 003a  f6 40 05 80                       test    byte ptr +5H[eax],80H
 003e  74 07                             je      L285
 0040  b8 50 01 00 00                    mov     eax,offset L120
 0045  eb 05                             jmp     L286
 0047  b8 56 01 00 00    L285            mov     eax,offset L121
 004c  50                L286            push    eax
 004d  8b 42 3d                          mov     eax,+3dH[edx]
 0050  66 8b 58 04                       mov     bx,+4H[eax]
 0054  01 db                             add     ebx,ebx
 0056  66 d1 fb                          sar     bx,1
 0059  0f bf cb                          movsx   ecx,bx
 005c  51                                push    ecx
 005d  8b 48 04                          mov     ecx,+4H[eax]
 0060  c1 f9 10                          sar     ecx,10H
 0063  8b 00                             mov     eax,[eax]
 0065  51                                push    ecx
 0066  c1 f8 10                          sar     eax,10H
 0069  50                                push    eax
 006a  68 57 01 00 00                    push    offset L122
 006f  8d 44 24 14                       lea     eax,+14H[esp]
 0073  50                                push    eax
 0074  e8 00 00 00 00                    call    sprintf_
 0079  83 c4 18                          add     esp,00000018H
 007c  8b 42 41                          mov     eax,+41H[edx]
 007f  89 e2                             mov     edx,esp
 0081  e8 00 00 00 00                    call    void near GUIstatictext::settext( char near * )
 0086  b8 01 00 00 00                    mov     eax,00000001H
 008b  83 c4 50                          add     esp,00000050H
 008e  5f                                pop     edi
 008f  5e                                pop     esi
 0090  59                                pop     ecx
 0091  5b                                pop     ebx
 0092  c3                                ret     
 0093  90                                nop     

No disassembly errors

------------------------------------------------------------

Comdat: int near e_blood_edit::release( mouse near & )  SEGMENT ANY '_TEXT'  00000008 bytes  
 0000  b8 01 00 00 00                    mov     eax,00000001H
 0005  c3                                ret     
 0006  8b c0                             mov     eax,eax

No disassembly errors

------------------------------------------------------------

Comdat: char near * near e_blood_edit::getname()  SEGMENT ANY '_TEXT'  00000008 bytes  
 0000  b8 66 01 00 00                    mov     eax,offset L124
 0005  c3                                ret     
 0006  8b c0                             mov     eax,eax

No disassembly errors

------------------------------------------------------------

Comdat: void near impermflags::refresh( int, void near * )  SEGMENT ANY '_TEXT'  0000003c bytes  
 0000  51                                push    ecx
 0001  56                                push    esi
 0002  57                                push    edi
 0003  89 c6                             mov     esi,eax
 0005  89 58 3d                          mov     +3dH[eax],ebx
 0008  85 db                             test    ebx,ebx
 000a  74 29                             je      L288
 000c  89 f2                             mov     edx,esi
 000e  31 c0                             xor     eax,eax
 0010  8b 5e 3d          L287            mov     ebx,+3dH[esi]
 0013  8a 1b                             mov     bl,[ebx]
 0015  bf 01 00 00 00                    mov     edi,00000001H
 001a  81 e3 ff 00 00 00                 and     ebx,000000ffH
 0020  88 c1                             mov     cl,al
 0022  83 c2 04                          add     edx,00000004H
 0025  d3 e7                             shl     edi,cl
 0027  8b 4a 3d                          mov     ecx,+3dH[edx]
 002a  21 fb                             and     ebx,edi
 002c  40                                inc     eax
 002d  89 59 2d                          mov     +2dH[ecx],ebx
 0030  83 f8 05                          cmp     eax,00000005H
 0033  7c db                             jl      L287
 0035  5f                L288            pop     edi
 0036  5e                                pop     esi
 0037  59                                pop     ecx
 0038  c3                                ret     
 0039  8d 40 00                          lea     eax,+0H[eax]

No disassembly errors

------------------------------------------------------------

Comdat: int near impermflags::sendmessage( GUIrect near *, int )  SEGMENT ANY '_TEXT'  00000058 bytes  
 0000  51                                push    ecx
 0001  56                                push    esi
 0002  89 c6                             mov     esi,eax
 0004  89 d1                             mov     ecx,edx
 0006  83 78 3d 00                       cmp     dword ptr +3dH[eax],00000000H
 000a  74 44                             je      L293
 000c  83 fb 03                          cmp     ebx,00000003H
 000f  74 12                             je      L290
 0011  83 fb 04                          cmp     ebx,00000004H
 0014  74 0d                             je      L290
 0016  eb 38                             jmp     L293
 0018  40                L289            inc     eax
 0019  83 c2 04                          add     edx,00000004H
 001c  83 f8 05                          cmp     eax,00000005H
 001f  7c 06                             jl      L291
 0021  eb 2d                             jmp     L293
 0023  89 f2             L290            mov     edx,esi
 0025  31 c0                             xor     eax,eax
 0027  3b 4a 41          L291            cmp     ecx,+41H[edx]
 002a  75 ec                             jne     L289
 002c  83 fb 03                          cmp     ebx,00000003H
 002f  75 0d                             jne     L292
 0031  b2 01                             mov     dl,01H
 0033  88 c1                             mov     cl,al
 0035  d2 e2                             shl     dl,cl
 0037  88 d1                             mov     cl,dl
 0039  8b 56 3d                          mov     edx,+3dH[esi]
 003c  08 0a                             or      [edx],cl
 003e  83 fb 04          L292            cmp     ebx,00000004H
 0041  75 0d                             jne     L293
 0043  b2 01                             mov     dl,01H
 0045  88 c1                             mov     cl,al
 0047  d2 e2                             shl     dl,cl
 0049  8b 46 3d                          mov     eax,+3dH[esi]
 004c  f6 d2                             not     dl
 004e  20 10                             and     [eax],dl
 0050  b8 01 00 00 00    L293            mov     eax,00000001H
 0055  5e                                pop     esi
 0056  59                                pop     ecx
 0057  c3                                ret     

No disassembly errors

------------------------------------------------------------

Comdat: int near impermflags::acceptfocus()  SEGMENT ANY '_TEXT'  00000008 bytes  
 0000  b8 01 00 00 00                    mov     eax,00000001H
 0005  c3                                ret     
 0006  8b c0                             mov     eax,eax

No disassembly errors

------------------------------------------------------------

Comdat: void near vulnflags::refresh( int, void near * )  SEGMENT ANY '_TEXT'  0000003c bytes  
 0000  51                                push    ecx
 0001  56                                push    esi
 0002  57                                push    edi
 0003  89 c6                             mov     esi,eax
 0005  89 58 3d                          mov     +3dH[eax],ebx
 0008  85 db                             test    ebx,ebx
 000a  74 29                             je      L295
 000c  89 f2                             mov     edx,esi
 000e  31 c0                             xor     eax,eax
 0010  8b 5e 3d          L294            mov     ebx,+3dH[esi]
 0013  8a 1b                             mov     bl,[ebx]
 0015  bf 01 00 00 00                    mov     edi,00000001H
 001a  81 e3 ff 00 00 00                 and     ebx,000000ffH
 0020  88 c1                             mov     cl,al
 0022  83 c2 04                          add     edx,00000004H
 0025  d3 e7                             shl     edi,cl
 0027  8b 4a 3d                          mov     ecx,+3dH[edx]
 002a  21 fb                             and     ebx,edi
 002c  40                                inc     eax
 002d  89 59 2d                          mov     +2dH[ecx],ebx
 0030  83 f8 03                          cmp     eax,00000003H
 0033  7c db                             jl      L294
 0035  5f                L295            pop     edi
 0036  5e                                pop     esi
 0037  59                                pop     ecx
 0038  c3                                ret     
 0039  8d 40 00                          lea     eax,+0H[eax]

No disassembly errors

------------------------------------------------------------

Comdat: int near vulnflags::sendmessage( GUIrect near *, int )  SEGMENT ANY '_TEXT'  00000058 bytes  
 0000  51                                push    ecx
 0001  56                                push    esi
 0002  89 c6                             mov     esi,eax
 0004  89 d1                             mov     ecx,edx
 0006  83 78 3d 00                       cmp     dword ptr +3dH[eax],00000000H
 000a  74 44                             je      L300
 000c  83 fb 03                          cmp     ebx,00000003H
 000f  74 12                             je      L297
 0011  83 fb 04                          cmp     ebx,00000004H
 0014  74 0d                             je      L297
 0016  eb 38                             jmp     L300
 0018  40                L296            inc     eax
 0019  83 c2 04                          add     edx,00000004H
 001c  83 f8 03                          cmp     eax,00000003H
 001f  7c 06                             jl      L298
 0021  eb 2d                             jmp     L300
 0023  89 f2             L297            mov     edx,esi
 0025  31 c0                             xor     eax,eax
 0027  3b 4a 41          L298            cmp     ecx,+41H[edx]
 002a  75 ec                             jne     L296
 002c  83 fb 03                          cmp     ebx,00000003H
 002f  75 0d                             jne     L299
 0031  b2 01                             mov     dl,01H
 0033  88 c1                             mov     cl,al
 0035  d2 e2                             shl     dl,cl
 0037  88 d1                             mov     cl,dl
 0039  8b 56 3d                          mov     edx,+3dH[esi]
 003c  08 0a                             or      [edx],cl
 003e  83 fb 04          L299            cmp     ebx,00000004H
 0041  75 0d                             jne     L300
 0043  b2 01                             mov     dl,01H
 0045  88 c1                             mov     cl,al
 0047  d2 e2                             shl     dl,cl
 0049  8b 46 3d                          mov     eax,+3dH[esi]
 004c  f6 d2                             not     dl
 004e  20 10                             and     [eax],dl
 0050  b8 01 00 00 00    L300            mov     eax,00000001H
 0055  5e                                pop     esi
 0056  59                                pop     ecx
 0057  c3                                ret     

No disassembly errors

------------------------------------------------------------

Comdat: int near vulnflags::acceptfocus()  SEGMENT ANY '_TEXT'  00000008 bytes  
 0000  b8 01 00 00 00                    mov     eax,00000001H
 0005  c3                                ret     
 0006  8b c0                             mov     eax,eax

No disassembly errors

------------------------------------------------------------

Comdat: void near attackflags::refresh( int, void near * )  SEGMENT ANY '_TEXT'  0000003c bytes  
 0000  51                                push    ecx
 0001  56                                push    esi
 0002  57                                push    edi
 0003  89 c6                             mov     esi,eax
 0005  89 58 3d                          mov     +3dH[eax],ebx
 0008  85 db                             test    ebx,ebx
 000a  74 29                             je      L302
 000c  89 f2                             mov     edx,esi
 000e  31 c0                             xor     eax,eax
 0010  8b 5e 3d          L301            mov     ebx,+3dH[esi]
 0013  8a 1b                             mov     bl,[ebx]
 0015  bf 01 00 00 00                    mov     edi,00000001H
 001a  81 e3 ff 00 00 00                 and     ebx,000000ffH
 0020  88 c1                             mov     cl,al
 0022  83 c2 04                          add     edx,00000004H
 0025  d3 e7                             shl     edi,cl
 0027  8b 4a 3d                          mov     ecx,+3dH[edx]
 002a  21 fb                             and     ebx,edi
 002c  40                                inc     eax
 002d  89 59 2d                          mov     +2dH[ecx],ebx
 0030  83 f8 03                          cmp     eax,00000003H
 0033  7c db                             jl      L301
 0035  5f                L302            pop     edi
 0036  5e                                pop     esi
 0037  59                                pop     ecx
 0038  c3                                ret     
 0039  8d 40 00                          lea     eax,+0H[eax]

No disassembly errors

------------------------------------------------------------

Comdat: int near attackflags::sendmessage( GUIrect near *, int )  SEGMENT ANY '_TEXT'  00000058 bytes  
 0000  51                                push    ecx
 0001  56                                push    esi
 0002  89 c6                             mov     esi,eax
 0004  89 d1                             mov     ecx,edx
 0006  83 78 3d 00                       cmp     dword ptr +3dH[eax],00000000H
 000a  74 44                             je      L307
 000c  83 fb 03                          cmp     ebx,00000003H
 000f  74 12                             je      L304
 0011  83 fb 04                          cmp     ebx,00000004H
 0014  74 0d                             je      L304
 0016  eb 38                             jmp     L307
 0018  40                L303            inc     eax
 0019  83 c2 04                          add     edx,00000004H
 001c  83 f8 03                          cmp     eax,00000003H
 001f  7c 06                             jl      L305
 0021  eb 2d                             jmp     L307
 0023  89 f2             L304            mov     edx,esi
 0025  31 c0                             xor     eax,eax
 0027  3b 4a 41          L305            cmp     ecx,+41H[edx]
 002a  75 ec                             jne     L303
 002c  83 fb 03                          cmp     ebx,00000003H
 002f  75 0d                             jne     L306
 0031  b2 01                             mov     dl,01H
 0033  88 c1                             mov     cl,al
 0035  d2 e2                             shl     dl,cl
 0037  88 d1                             mov     cl,dl
 0039  8b 56 3d                          mov     edx,+3dH[esi]
 003c  08 0a                             or      [edx],cl
 003e  83 fb 04          L306            cmp     ebx,00000004H
 0041  75 0d                             jne     L307
 0043  b2 01                             mov     dl,01H
 0045  88 c1                             mov     cl,al
 0047  d2 e2                             shl     dl,cl
 0049  8b 46 3d                          mov     eax,+3dH[esi]
 004c  f6 d2                             not     dl
 004e  20 10                             and     [eax],dl
 0050  b8 01 00 00 00    L307            mov     eax,00000001H
 0055  5e                                pop     esi
 0056  59                                pop     ecx
 0057  c3                                ret     

No disassembly errors

------------------------------------------------------------

Comdat: int near attackflags::acceptfocus()  SEGMENT ANY '_TEXT'  00000008 bytes  
 0000  b8 01 00 00 00                    mov     eax,00000001H
 0005  c3                                ret     
 0006  8b c0                             mov     eax,eax

No disassembly errors

------------------------------------------------------------

Comdat: void near regioneffectlist::refresh( int, void near * )  SEGMENT ANY '_TEXT'  00000150 bytes  
 0000  51                                push    ecx
 0001  56                                push    esi
 0002  57                                push    edi
 0003  55                                push    ebp
 0004  83 ec 04                          sub     esp,00000004H
 0007  89 c7                             mov     edi,eax
 0009  89 58 3d                          mov     +3dH[eax],ebx
 000c  85 db                             test    ebx,ebx
 000e  0f 84 8d 00 00 00                 je      L313
 0014  83 c3 11                          add     ebx,00000011H
 0017  31 d2                             xor     edx,edx
 0019  8b 68 41                          mov     ebp,+41H[eax]
 001c  8a 53 fe                          mov     dl,-2H[ebx]
 001f  89 e8                             mov     eax,ebp
 0021  89 d6                             mov     esi,edx
 0023  e8 00 00 00 00                    call    void near * near * near GUIlistbox::resizeitems( int )
 0028  89 c2                             mov     edx,eax
 002a  89 f0                             mov     eax,esi
 002c  31 c9                             xor     ecx,ecx
 002e  85 c0                             test    eax,eax
 0030  7e 13                             jle     L309
 0032  41                L308            inc     ecx
 0033  89 d8                             mov     eax,ebx
 0035  89 1a                             mov     [edx],ebx
 0037  83 c2 04                          add     edx,00000004H
 003a  e8 00 00 00 00                    call    int near effect::size()
 003f  01 c3                             add     ebx,eax
 0041  39 f1                             cmp     ecx,esi
 0043  7c ed                             jl      L308
 0045  85 f6             L309            test    esi,esi
 0047  74 09                             je      L310
 0049  89 e8                             mov     eax,ebp
 004b  31 d2                             xor     edx,edx
 004d  e8 00 00 00 00                    call    void near GUIlistbox::setsel( int )
 0052  8b 57 3d          L310            mov     edx,+3dH[edi]
 0055  31 c0                             xor     eax,eax
 0057  8a 42 10                          mov     al,+10H[edx]
 005a  89 04 24                          mov     [esp],eax
 005d  8b 34 24                          mov     esi,[esp]
 0060  89 d0                             mov     eax,edx
 0062  83 c2 11                          add     edx,00000011H
 0065  e8 00 00 00 00                    call    int near e_region::getlesize()
 006a  8d 1c 02                          lea     ebx,[edx+eax]
 006d  8b 6f 45                          mov     ebp,+45H[edi]
 0070  89 f2                             mov     edx,esi
 0072  89 e8                             mov     eax,ebp
 0074  31 c9                             xor     ecx,ecx
 0076  e8 00 00 00 00                    call    void near * near * near GUIlistbox::resizeitems( int )
 007b  89 c2                             mov     edx,eax
 007d  85 f6                             test    esi,esi
 007f  7e 13                             jle     L312
 0081  41                L311            inc     ecx
 0082  89 d8                             mov     eax,ebx
 0084  89 1a                             mov     [edx],ebx
 0086  83 c2 04                          add     edx,00000004H
 0089  e8 00 00 00 00                    call    int near effect::size()
 008e  01 c3                             add     ebx,eax
 0090  39 f1                             cmp     ecx,esi
 0092  7c ed                             jl      L311
 0094  85 f6             L312            test    esi,esi
 0096  74 09                             je      L313
 0098  89 e8                             mov     eax,ebp
 009a  31 d2                             xor     edx,edx
 009c  e8 00 00 00 00                    call    void near GUIlistbox::setsel( int )
 00a1  8b 47 41          L313            mov     eax,+41H[edi]
 00a4  e8 00 00 00 00                    call    void near GUIlistbox::clearsel()
 00a9  8b 47 45                          mov     eax,+45H[edi]
 00ac  e8 00 00 00 00                    call    void near GUIlistbox::clearsel()
 00b1  8b 57 35                          mov     edx,+35H[edi]
 00b4  89 fb                             mov     ebx,edi
 00b6  85 d2                             test    edx,edx
 00b8  74 0e                             je      L314
 00ba  89 d0                             mov     eax,edx
 00bc  74 0a                             je      L314
 00be  8b 4a 29                          mov     ecx,+29H[edx]
 00c1  ba 02 00 00 00                    mov     edx,00000002H
 00c6  ff 11                             call    dword ptr [ecx]
 00c8  8b 53 39          L314            mov     edx,+39H[ebx]
 00cb  83 7a 35 00                       cmp     dword ptr +35H[edx],00000000H
 00cf  0f 84 70 00 00 00                 je      L321
 00d5  8b 43 41                          mov     eax,+41H[ebx]
 00d8  e8 00 00 00 00                    call    void near * near GUIlistbox::getselptr()
 00dd  85 c0                             test    eax,eax
 00df  74 05                             je      L315
 00e1  8b 43 41                          mov     eax,+41H[ebx]
 00e4  eb 0f                             jmp     L316
 00e6  8b 43 45          L315            mov     eax,+45H[ebx]
 00e9  e8 00 00 00 00                    call    void near * near GUIlistbox::getselptr()
 00ee  85 c0                             test    eax,eax
 00f0  74 08                             je      L317
 00f2  8b 43 45                          mov     eax,+45H[ebx]
 00f5  e8 00 00 00 00    L316            call    void near * near GUIlistbox::getselptr()
 00fa  e8 00 00 00 00    L317            call    epane near * near neweffectpane( effect near *, effectedit near * )
 00ff  8b 53 39                          mov     edx,+39H[ebx]
 0102  8b 52 35                          mov     edx,+35H[edx]
 0105  89 42 31                          mov     +31H[edx],eax
 0108  8b 73 35                          mov     esi,+35H[ebx]
 010b  85 f6                             test    esi,esi
 010d  74 36                             je      L321
 010f  89 f1                             mov     ecx,esi
 0111  8b 43 41                          mov     eax,+41H[ebx]
 0114  8b 76 29                          mov     esi,+29H[esi]
 0117  e8 00 00 00 00                    call    void near * near GUIlistbox::getselptr()
 011c  85 c0                             test    eax,eax
 011e  74 05                             je      L318
 0120  8b 43 41                          mov     eax,+41H[ebx]
 0123  eb 0f                             jmp     L319
 0125  8b 43 45          L318            mov     eax,+45H[ebx]
 0128  e8 00 00 00 00                    call    void near * near GUIlistbox::getselptr()
 012d  85 c0                             test    eax,eax
 012f  74 08                             je      L320
 0131  8b 43 45                          mov     eax,+45H[ebx]
 0134  e8 00 00 00 00    L319            call    void near * near GUIlistbox::getselptr()
 0139  ba 00 80 00 00    L320            mov     edx,00008000H
 013e  89 c3                             mov     ebx,eax
 0140  89 c8                             mov     eax,ecx
 0142  ff 56 10                          call    dword ptr +10H[esi]
 0145  83 c4 04          L321            add     esp,00000004H
 0148  5d                                pop     ebp
 0149  5f                                pop     edi
 014a  5e                                pop     esi
 014b  59                                pop     ecx
 014c  c3                                ret     
 014d  8d 40 00                          lea     eax,+0H[eax]

No disassembly errors

------------------------------------------------------------

Comdat: int near regioneffectlist::sendmessage( GUIrect near *, int )  SEGMENT ANY '_TEXT'  000004d0 bytes  
 0000  51                                push    ecx
 0001  56                                push    esi
 0002  57                                push    edi
 0003  55                                push    ebp
 0004  83 ec 14                          sub     esp,00000014H
 0007  89 c5                             mov     ebp,eax
 0009  89 d7                             mov     edi,edx
 000b  89 de                             mov     esi,ebx
 000d  85 d2                             test    edx,edx
 000f  0f 84 a9 04 00 00                 je      L348
 0015  3b 78 59                          cmp     edi,+59H[eax]
 0018  0f 85 de 00 00 00                 jne     L323
 001e  83 fb 09                          cmp     ebx,00000009H
 0021  0f 84 bf 00 00 00                 je      L322
 0027  8b 58 39                          mov     ebx,+39H[eax]
 002a  85 db                             test    ebx,ebx
 002c  0f 84 b4 00 00 00                 je      L322
 0032  8b 53 45                          mov     edx,+45H[ebx]
 0035  85 d2                             test    edx,edx
 0037  0f 84 a9 00 00 00                 je      L322
 003d  89 f0                             mov     eax,esi
 003f  e8 00 00 00 00                    call    effect near * near neweffect( int )
 0044  89 44 24 04                       mov     +4H[esp],eax
 0048  85 c0                             test    eax,eax
 004a  0f 84 96 00 00 00                 je      L322
 0050  e8 00 00 00 00                    call    void near _disable()
 0055  8b 44 24 04                       mov     eax,+4H[esp]
 0059  8b 4d 3d                          mov     ecx,+3dH[ebp]
 005c  e8 00 00 00 00                    call    int near effect::size()
 0061  66 01 02                          add     [edx],ax
 0064  8b 45 3d                          mov     eax,+3dH[ebp]
 0067  fe 40 0f                          inc     byte ptr +0fH[eax]
 006a  8b 44 24 04                       mov     eax,+4H[esp]
 006e  83 c1 11                          add     ecx,00000011H
 0071  e8 00 00 00 00                    call    int near effect::size()
 0076  8b 75 39                          mov     esi,+39H[ebp]
 0079  89 ca                             mov     edx,ecx
 007b  8b 76 41                          mov     esi,+41H[esi]
 007e  89 c3                             mov     ebx,eax
 0080  89 f0                             mov     eax,esi
 0082  e8 00 00 00 00                    call    void near * near series::insertbytes( void near *, int )
 0087  89 c7                             mov     edi,eax
 0089  8b 44 24 04                       mov     eax,+4H[esp]
 008d  8b 74 24 04                       mov     esi,+4H[esp]
 0091  e8 00 00 00 00                    call    int near effect::size()
 0096  89 c1                             mov     ecx,eax
 0098  57                                push    edi
 0099  89 c8                             mov     eax,ecx
 009b  c1 e9 02                          shr     ecx,02H
 009e  f2 a5                             repne   movsd    
 00a0  8a c8                             mov     cl,al
 00a2  80 e1 03                          and     cl,03H
 00a5  f2 a4                             repne   movsb    
 00a7  5f                                pop     edi
 00a8  8b 44 24 04                       mov     eax,+4H[esp]
 00ac  e8 00 00 00 00                    call    void near operator delete( void near * )
 00b1  8b 45 39                          mov     eax,+39H[ebp]
 00b4  8b 50 39                          mov     edx,+39H[eax]
 00b7  8a 52 10                          mov     dl,+10H[edx]
 00ba  81 e2 ff 00 00 00                 and     edx,000000ffH
 00c0  8b 40 35                          mov     eax,+35H[eax]
 00c3  e8 00 00 00 00                    call    void near objectspace::resetodf( int )
 00c8  8b 5d 39                          mov     ebx,+39H[ebp]
 00cb  a1 00 00 00 00                    mov     eax,ROOT near * near root
 00d0  8b 5b 39                          mov     ebx,+39H[ebx]
 00d3  8b 48 29                          mov     ecx,+29H[eax]
 00d6  ba 07 00 00 00                    mov     edx,00000007H
 00db  8b 5b 26                          mov     ebx,+26H[ebx]
 00de  ff 51 10                          call    dword ptr +10H[ecx]
 00e1  e8 00 00 00 00                    call    void near _enable()
 00e6  ba 01 00 00 00    L322            mov     edx,00000001H
 00eb  c7 45 59 00 00 00 
       00                                mov     dword ptr +59H[ebp],00000000H
 00f2  89 d0                             mov     eax,edx
 00f4  83 c4 14                          add     esp,00000014H
 00f7  5d                                pop     ebp
 00f8  5f                                pop     edi
 00f9  5e                                pop     esi
 00fa  59                                pop     ecx
 00fb  c3                                ret     
 00fc  3b 78 5d          L323            cmp     edi,+5dH[eax]
 00ff  0f 85 e7 00 00 00                 jne     L325
 0105  83 fe 09                          cmp     esi,00000009H
 0108  0f 84 c8 00 00 00                 je      L324
 010e  83 78 39 00                       cmp     dword ptr +39H[eax],00000000H
 0112  0f 84 be 00 00 00                 je      L324
 0118  8b 5d 39                          mov     ebx,+39H[ebp]
 011b  8b 5b 45                          mov     ebx,+45H[ebx]
 011e  85 db                             test    ebx,ebx
 0120  0f 84 b0 00 00 00                 je      L324
 0126  89 f0                             mov     eax,esi
 0128  e8 00 00 00 00                    call    effect near * near neweffect( int )
 012d  89 44 24 10                       mov     +10H[esp],eax
 0131  85 c0                             test    eax,eax
 0133  0f 84 9d 00 00 00                 je      L324
 0139  e8 00 00 00 00                    call    void near _disable()
 013e  8b 55 3d                          mov     edx,+3dH[ebp]
 0141  89 d0                             mov     eax,edx
 0143  83 c2 11                          add     edx,00000011H
 0146  e8 00 00 00 00                    call    int near e_region::getlesize()
 014b  01 c2                             add     edx,eax
 014d  8b 44 24 10                       mov     eax,+10H[esp]
 0151  e8 00 00 00 00                    call    int near effect::size()
 0156  66 01 03                          add     [ebx],ax
 0159  8b 45 3d                          mov     eax,+3dH[ebp]
 015c  fe 40 10                          inc     byte ptr +10H[eax]
 015f  8b 44 24 10                       mov     eax,+10H[esp]
 0163  e8 00 00 00 00                    call    int near effect::size()
 0168  8b 4d 39                          mov     ecx,+39H[ebp]
 016b  8b 49 41                          mov     ecx,+41H[ecx]
 016e  89 c3                             mov     ebx,eax
 0170  89 c8                             mov     eax,ecx
 0172  e8 00 00 00 00                    call    void near * near series::insertbytes( void near *, int )
 0177  89 c7                             mov     edi,eax
 0179  8b 44 24 10                       mov     eax,+10H[esp]
 017d  8b 74 24 10                       mov     esi,+10H[esp]
 0181  e8 00 00 00 00                    call    int near effect::size()
 0186  89 c1                             mov     ecx,eax
 0188  57                                push    edi
 0189  89 c8                             mov     eax,ecx
 018b  c1 e9 02                          shr     ecx,02H
 018e  f2 a5                             repne   movsd    
 0190  8a c8                             mov     cl,al
 0192  80 e1 03                          and     cl,03H
 0195  f2 a4                             repne   movsb    
 0197  5f                                pop     edi
 0198  8b 44 24 10                       mov     eax,+10H[esp]
 019c  e8 00 00 00 00                    call    void near operator delete( void near * )
 01a1  8b 45 39                          mov     eax,+39H[ebp]
 01a4  8b 50 39                          mov     edx,+39H[eax]
 01a7  8a 52 10                          mov     dl,+10H[edx]
 01aa  81 e2 ff 00 00 00                 and     edx,000000ffH
 01b0  8b 40 35                          mov     eax,+35H[eax]
 01b3  e8 00 00 00 00                    call    void near objectspace::resetodf( int )
 01b8  8b 55 39                          mov     edx,+39H[ebp]
 01bb  a1 00 00 00 00                    mov     eax,ROOT near * near root
 01c0  8b 5a 39                          mov     ebx,+39H[edx]
 01c3  8b 48 29                          mov     ecx,+29H[eax]
 01c6  ba 07 00 00 00                    mov     edx,00000007H
 01cb  8b 5b 26                          mov     ebx,+26H[ebx]
 01ce  ff 51 10                          call    dword ptr +10H[ecx]
 01d1  e8 00 00 00 00                    call    void near _enable()
 01d6  ba 01 00 00 00    L324            mov     edx,00000001H
 01db  c7 45 5d 00 00 00 
       00                                mov     dword ptr +5dH[ebp],00000000H
 01e2  89 d0                             mov     eax,edx
 01e4  83 c4 14                          add     esp,00000014H
 01e7  5d                                pop     ebp
 01e8  5f                                pop     edi
 01e9  5e                                pop     esi
 01ea  59                                pop     ecx
 01eb  c3                                ret     
 01ec  3b 78 49          L325            cmp     edi,+49H[eax]
 01ef  75 39                             jne     L327
 01f1  83 fe 01                          cmp     esi,00000001H
 01f4  75 34                             jne     L327
 01f6  b8 39 00 00 00                    mov     eax,00000039H
 01fb  e8 00 00 00 00                    call    void near * near operator new( int unsigned )
 0200  89 44 24 0c                       mov     +0cH[esp],eax
 0204  85 c0                             test    eax,eax
 0206  74 1f                             je      L326
 0208  8b 15 14 00 00 00                 mov     edx,mouse near m+14H
 020e  52                                push    edx
 020f  8b 0d 10 00 00 00                 mov     ecx,mouse near m+10H
 0215  e8 00 00 00 00                    call    menu near * near getneweffectmenu()
 021a  89 c3                             mov     ebx,eax
 021c  89 ea                             mov     edx,ebp
 021e  8b 44 24 10                       mov     eax,+10H[esp]
 0222  e8 00 00 00 00                    call    near GUIpopupmenu::GUIpopupmenu( GUIrect near *, menu near *, int, int )
 0227  89 45 59          L326            mov     +59H[ebp],eax
 022a  3b 7d 51          L327            cmp     edi,+51H[ebp]
 022d  75 38                             jne     L329
 022f  83 fe 01                          cmp     esi,00000001H
 0232  75 33                             jne     L329
 0234  b8 39 00 00 00                    mov     eax,00000039H
 0239  e8 00 00 00 00                    call    void near * near operator new( int unsigned )
 023e  89 44 24 08                       mov     +8H[esp],eax
 0242  85 c0                             test    eax,eax
 0244  74 1e                             je      L328
 0246  a1 14 00 00 00                    mov     eax,mouse near m+14H
 024b  50                                push    eax
 024c  8b 0d 10 00 00 00                 mov     ecx,mouse near m+10H
 0252  89 ea                             mov     edx,ebp
 0254  e8 00 00 00 00                    call    menu near * near getneweffectmenu()
 0259  89 c3                             mov     ebx,eax
 025b  8b 44 24 0c                       mov     eax,+0cH[esp]
 025f  e8 00 00 00 00                    call    near GUIpopupmenu::GUIpopupmenu( GUIrect near *, menu near *, int, int )
 0264  89 45 5d          L328            mov     +5dH[ebp],eax
 0267  3b 7d 4d          L329            cmp     edi,+4dH[ebp]
 026a  0f 85 bf 00 00 00                 jne     L333
 0270  83 fe 01                          cmp     esi,00000001H
 0273  0f 85 b6 00 00 00                 jne     L333
 0279  8b 5d 39                          mov     ebx,+39H[ebp]
 027c  89 e9                             mov     ecx,ebp
 027e  85 db                             test    ebx,ebx
 0280  0f 84 a9 00 00 00                 je      L333
 0286  8b 55 41                          mov     edx,+41H[ebp]
 0289  8b 42 49                          mov     eax,+49H[edx]
 028c  85 c0                             test    eax,eax
 028e  7c 06                             jl      L330
 0290  83 7a 41 00                       cmp     dword ptr +41H[edx],00000000H
 0294  75 04                             jne     L331
 0296  31 d2             L330            xor     edx,edx
 0298  eb 06                             jmp     L332
 029a  8b 52 45          L331            mov     edx,+45H[edx]
 029d  8b 14 82                          mov     edx,[edx+eax*4]
 02a0  83 79 3d 00       L332            cmp     dword ptr +3dH[ecx],00000000H
 02a4  0f 84 85 00 00 00                 je      L333
 02aa  85 d2                             test    edx,edx
 02ac  0f 84 7d 00 00 00                 je      L333
 02b2  8b 41 39                          mov     eax,+39H[ecx]
 02b5  83 78 45 00                       cmp     dword ptr +45H[eax],00000000H
 02b9  74 74                             je      L333
 02bb  e8 00 00 00 00                    call    void near _disable()
 02c0  89 d0                             mov     eax,edx
 02c2  8b 59 39                          mov     ebx,+39H[ecx]
 02c5  e8 00 00 00 00                    call    int near effect::size()
 02ca  89 04 24                          mov     [esp],eax
 02cd  8b 43 45                          mov     eax,+45H[ebx]
 02d0  8b 1c 24                          mov     ebx,[esp]
 02d3  66 29 18                          sub     [eax],bx
 02d6  8b 41 3d                          mov     eax,+3dH[ecx]
 02d9  fe 48 0f                          dec     byte ptr +0fH[eax]
 02dc  89 d0                             mov     eax,edx
 02de  e8 00 00 00 00                    call    int near effect::size()
 02e3  89 04 24                          mov     [esp],eax
 02e6  8b 41 39                          mov     eax,+39H[ecx]
 02e9  8b 1c 24                          mov     ebx,[esp]
 02ec  8b 40 41                          mov     eax,+41H[eax]
 02ef  e8 00 00 00 00                    call    void near * near series::deletebytes( void near *, int )
 02f4  8b 41 39                          mov     eax,+39H[ecx]
 02f7  8b 50 39                          mov     edx,+39H[eax]
 02fa  8a 52 10                          mov     dl,+10H[edx]
 02fd  81 e2 ff 00 00 00                 and     edx,000000ffH
 0303  8b 40 35                          mov     eax,+35H[eax]
 0306  e8 00 00 00 00                    call    void near objectspace::resetodf( int )
 030b  a1 00 00 00 00                    mov     eax,ROOT near * near root
 0310  8b 50 29                          mov     edx,+29H[eax]
 0313  89 14 24                          mov     [esp],edx
 0316  8b 51 39                          mov     edx,+39H[ecx]
 0319  8b 5a 39                          mov     ebx,+39H[edx]
 031c  8b 0c 24                          mov     ecx,[esp]
 031f  ba 07 00 00 00                    mov     edx,00000007H
 0324  8b 5b 26                          mov     ebx,+26H[ebx]
 0327  ff 51 10                          call    dword ptr +10H[ecx]
 032a  e8 00 00 00 00                    call    void near _enable()
 032f  3b 7d 55          L333            cmp     edi,+55H[ebp]
 0332  0f 85 c1 00 00 00                 jne     L337
 0338  83 fe 01                          cmp     esi,00000001H
 033b  0f 85 b8 00 00 00                 jne     L337
 0341  8b 45 39                          mov     eax,+39H[ebp]
 0344  89 e9                             mov     ecx,ebp
 0346  85 c0                             test    eax,eax
 0348  0f 84 ab 00 00 00                 je      L337
 034e  8b 55 45                          mov     edx,+45H[ebp]
 0351  8b 5a 49                          mov     ebx,+49H[edx]
 0354  85 db                             test    ebx,ebx
 0356  7c 06                             jl      L334
 0358  83 7a 41 00                       cmp     dword ptr +41H[edx],00000000H
 035c  75 04                             jne     L335
 035e  31 d2             L334            xor     edx,edx
 0360  eb 08                             jmp     L336
 0362  89 d8             L335            mov     eax,ebx
 0364  8b 52 45                          mov     edx,+45H[edx]
 0367  8b 14 82                          mov     edx,[edx+eax*4]
 036a  83 79 3d 00       L336            cmp     dword ptr +3dH[ecx],00000000H
 036e  0f 84 85 00 00 00                 je      L337
 0374  85 d2                             test    edx,edx
 0376  0f 84 7d 00 00 00                 je      L337
 037c  8b 41 39                          mov     eax,+39H[ecx]
 037f  83 78 45 00                       cmp     dword ptr +45H[eax],00000000H
 0383  74 74                             je      L337
 0385  e8 00 00 00 00                    call    void near _disable()
 038a  89 d0                             mov     eax,edx
 038c  8b 59 39                          mov     ebx,+39H[ecx]
 038f  e8 00 00 00 00                    call    int near effect::size()
 0394  89 04 24                          mov     [esp],eax
 0397  8b 43 45                          mov     eax,+45H[ebx]
 039a  8b 1c 24                          mov     ebx,[esp]
 039d  66 29 18                          sub     [eax],bx
 03a0  8b 41 3d                          mov     eax,+3dH[ecx]
 03a3  fe 48 10                          dec     byte ptr +10H[eax]
 03a6  89 d0                             mov     eax,edx
 03a8  e8 00 00 00 00                    call    int near effect::size()
 03ad  89 04 24                          mov     [esp],eax
 03b0  8b 41 39                          mov     eax,+39H[ecx]
 03b3  8b 1c 24                          mov     ebx,[esp]
 03b6  8b 40 41                          mov     eax,+41H[eax]
 03b9  e8 00 00 00 00                    call    void near * near series::deletebytes( void near *, int )
 03be  8b 41 39                          mov     eax,+39H[ecx]
 03c1  8b 50 39                          mov     edx,+39H[eax]
 03c4  8a 52 10                          mov     dl,+10H[edx]
 03c7  81 e2 ff 00 00 00                 and     edx,000000ffH
 03cd  8b 40 35                          mov     eax,+35H[eax]
 03d0  e8 00 00 00 00                    call    void near objectspace::resetodf( int )
 03d5  a1 00 00 00 00                    mov     eax,ROOT near * near root
 03da  8b 50 29                          mov     edx,+29H[eax]
 03dd  8b 59 39                          mov     ebx,+39H[ecx]
 03e0  89 14 24                          mov     [esp],edx
 03e3  8b 5b 39                          mov     ebx,+39H[ebx]
 03e6  8b 0c 24                          mov     ecx,[esp]
 03e9  8b 5b 26                          mov     ebx,+26H[ebx]
 03ec  ba 07 00 00 00                    mov     edx,00000007H
 03f1  ff 51 10                          call    dword ptr +10H[ecx]
 03f4  e8 00 00 00 00                    call    void near _enable()
 03f9  3b 7d 41          L337            cmp     edi,+41H[ebp]
 03fc  74 09                             je      L338
 03fe  3b 7d 45                          cmp     edi,+45H[ebp]
 0401  0f 85 b7 00 00 00                 jne     L348
 0407  83 fe 05          L338            cmp     esi,00000005H
 040a  0f 85 ae 00 00 00                 jne     L348
 0410  3b 7d 41                          cmp     edi,+41H[ebp]
 0413  75 08                             jne     L339
 0415  8b 45 45                          mov     eax,+45H[ebp]
 0418  e8 00 00 00 00                    call    void near GUIlistbox::clearsel()
 041d  3b 7d 45          L339            cmp     edi,+45H[ebp]
 0420  75 08                             jne     L340
 0422  8b 45 41                          mov     eax,+41H[ebp]
 0425  e8 00 00 00 00                    call    void near GUIlistbox::clearsel()
 042a  8b 4d 35          L340            mov     ecx,+35H[ebp]
 042d  89 eb                             mov     ebx,ebp
 042f  85 c9                             test    ecx,ecx
 0431  74 0e                             je      L341
 0433  89 c8                             mov     eax,ecx
 0435  74 0a                             je      L341
 0437  8b 49 29                          mov     ecx,+29H[ecx]
 043a  ba 02 00 00 00                    mov     edx,00000002H
 043f  ff 11                             call    dword ptr [ecx]
 0441  8b 53 39          L341            mov     edx,+39H[ebx]
 0444  83 7a 35 00                       cmp     dword ptr +35H[edx],00000000H
 0448  0f 84 70 00 00 00                 je      L348
 044e  8b 43 41                          mov     eax,+41H[ebx]
 0451  e8 00 00 00 00                    call    void near * near GUIlistbox::getselptr()
 0456  85 c0                             test    eax,eax
 0458  74 05                             je      L342
 045a  8b 43 41                          mov     eax,+41H[ebx]
 045d  eb 0f                             jmp     L343
 045f  8b 43 45          L342            mov     eax,+45H[ebx]
 0462  e8 00 00 00 00                    call    void near * near GUIlistbox::getselptr()
 0467  85 c0                             test    eax,eax
 0469  74 08                             je      L344
 046b  8b 43 45                          mov     eax,+45H[ebx]
 046e  e8 00 00 00 00    L343            call    void near * near GUIlistbox::getselptr()
 0473  e8 00 00 00 00    L344            call    epane near * near neweffectpane( effect near *, effectedit near * )
 0478  8b 53 39                          mov     edx,+39H[ebx]
 047b  8b 52 35                          mov     edx,+35H[edx]
 047e  89 42 31                          mov     +31H[edx],eax
 0481  8b 7b 35                          mov     edi,+35H[ebx]
 0484  85 ff                             test    edi,edi
 0486  74 36                             je      L348
 0488  89 f9                             mov     ecx,edi
 048a  8b 43 41                          mov     eax,+41H[ebx]
 048d  8b 77 29                          mov     esi,+29H[edi]
 0490  e8 00 00 00 00                    call    void near * near GUIlistbox::getselptr()
 0495  85 c0                             test    eax,eax
 0497  74 05                             je      L345
 0499  8b 43 41                          mov     eax,+41H[ebx]
 049c  eb 0f                             jmp     L346
 049e  8b 43 45          L345            mov     eax,+45H[ebx]
 04a1  e8 00 00 00 00                    call    void near * near GUIlistbox::getselptr()
 04a6  85 c0                             test    eax,eax
 04a8  74 08                             je      L347
 04aa  8b 43 45                          mov     eax,+45H[ebx]
 04ad  e8 00 00 00 00    L346            call    void near * near GUIlistbox::getselptr()
 04b2  ba 00 80 00 00    L347            mov     edx,00008000H
 04b7  89 c3                             mov     ebx,eax
 04b9  89 c8                             mov     eax,ecx
 04bb  ff 56 10                          call    dword ptr +10H[esi]
 04be  ba 01 00 00 00    L348            mov     edx,00000001H
 04c3  89 d0                             mov     eax,edx
 04c5  83 c4 14                          add     esp,00000014H
 04c8  5d                                pop     ebp
 04c9  5f                                pop     edi
 04ca  5e                                pop     esi
 04cb  59                                pop     ecx
 04cc  c3                                ret     
 04cd  8d 40 00                          lea     eax,+0H[eax]

No disassembly errors

------------------------------------------------------------

Comdat: int near regioneffectlist::acceptfocus()  SEGMENT ANY '_TEXT'  00000008 bytes  
 0000  b8 01 00 00 00                    mov     eax,00000001H
 0005  c3                                ret     
 0006  8b c0                             mov     eax,eax

No disassembly errors

------------------------------------------------------------

Comdat: char near * near regioneffectlist::getname()  SEGMENT ANY '_TEXT'  00000008 bytes  
 0000  b8 73 01 00 00                    mov     eax,offset L125
 0005  c3                                ret     
 0006  8b c0                             mov     eax,eax

No disassembly errors

------------------------------------------------------------

Comdat: near e_region_edit::e_region_edit( effectedit near * )  SEGMENT ANY '_TEXT'  000001a8 bytes  
 0000  53                                push    ebx
 0001  51                                push    ecx
 0002  56                                push    esi
 0003  57                                push    edi
 0004  89 c6                             mov     esi,eax
 0006  e8 00 00 00 00                    call    near epane::epane( effectedit near * )
 000b  89 c2                             mov     edx,eax
 000d  c7 40 29 00 00 00 
       00                                mov     dword ptr +29H[eax],offset void (near * const near __vftbl[])()
 0014  89 c6                             mov     esi,eax
 0016  c7 40 55 00 00 00 
       00                                mov     dword ptr +55H[eax],00000000H
 001d  b8 59 00 00 00                    mov     eax,00000059H
 0022  e8 00 00 00 00                    call    void near * near operator new( int unsigned )
 0027  85 c0                             test    eax,eax
 0029  74 23                             je      L349
 002b  8b 7a 21                          mov     edi,+21H[edx]
 002e  8b 5a 19                          mov     ebx,+19H[edx]
 0031  6a 0a                             push    0000000aH
 0033  29 df                             sub     edi,ebx
 0035  6a 03                             push    00000003H
 0037  83 ef 0a                          sub     edi,0000000aH
 003a  b9 05 00 00 00                    mov     ecx,00000005H
 003f  57                                push    edi
 0040  89 cb                             mov     ebx,ecx
 0042  e8 00 00 00 00                    call    near GUIlistbox::GUIlistbox( GUIrect near *, int, int, int, int, int )
 0047  c7 40 29 00 00 00 
       00                                mov     dword ptr +29H[eax],offset void (near * const near __vftbl[])()
 004e  ba 03 00 00 00    L349            mov     edx,00000003H
 0053  89 46 41                          mov     +41H[esi],eax
 0056  e8 00 00 00 00                    call    void near * near * near GUIlistbox::resizeitems( int )
 005b  c7 00 84 01 00 00                 mov     dword ptr [eax],offset L126
 0061  c7 40 04 8b 01 00 
       00                                mov     dword ptr +4H[eax],offset L127
 0068  c7 40 08 90 01 00 
       00                                mov     dword ptr +8H[eax],offset L128
 006f  b8 85 00 00 00                    mov     eax,00000085H
 0074  e8 00 00 00 00                    call    void near * near operator new( int unsigned )
 0079  85 c0                             test    eax,eax
 007b  74 15                             je      L350
 007d  6a 00                             push    00000000H
 007f  b9 0a 00 00 00                    mov     ecx,0000000aH
 0084  6a 26                             push    00000026H
 0086  bb 97 01 00 00                    mov     ebx,offset L129
 008b  89 f2                             mov     edx,esi
 008d  e8 00 00 00 00                    call    near GUIcheckbox::GUIcheckbox( GUIrect near *, char near *, int, int, int )
 0092  89 46 45          L350            mov     +45H[esi],eax
 0095  b8 8a 00 00 00                    mov     eax,0000008aH
 009a  e8 00 00 00 00                    call    void near * near operator new( int unsigned )
 009f  89 c7                             mov     edi,eax
 00a1  85 c0                             test    eax,eax
 00a3  74 2b                             je      L351
 00a5  8b 46 25                          mov     eax,+25H[esi]
 00a8  2b 46 1d                          sub     eax,+1dH[esi]
 00ab  83 e8 1b                          sub     eax,0000001bH
 00ae  8b 56 21                          mov     edx,+21H[esi]
 00b1  50                                push    eax
 00b2  8b 46 19                          mov     eax,+19H[esi]
 00b5  29 c2                             sub     edx,eax
 00b7  89 d0                             mov     eax,edx
 00b9  c1 fa 1f                          sar     edx,1fH
 00bc  2b c2                             sub     eax,edx
 00be  d1 f8                             sar     eax,1
 00c0  bb 9e 01 00 00                    mov     ebx,offset L130
 00c5  89 c1                             mov     ecx,eax
 00c7  89 f2                             mov     edx,esi
 00c9  89 f8                             mov     eax,edi
 00cb  e8 00 00 00 00                    call    near GUItextbutton::GUItextbutton( GUIrect near *, char near *, int, int )
 00d0  89 46 5d          L351            mov     +5dH[esi],eax
 00d3  b8 8a 00 00 00                    mov     eax,0000008aH
 00d8  e8 00 00 00 00                    call    void near * near operator new( int unsigned )
 00dd  89 c7                             mov     edi,eax
 00df  85 c0                             test    eax,eax
 00e1  74 2d                             je      L352
 00e3  8b 46 25                          mov     eax,+25H[esi]
 00e6  8b 56 1d                          mov     edx,+1dH[esi]
 00e9  8b 5e 19                          mov     ebx,+19H[esi]
 00ec  29 d0                             sub     eax,edx
 00ee  8b 56 21                          mov     edx,+21H[esi]
 00f1  83 e8 0d                          sub     eax,0000000dH
 00f4  29 da                             sub     edx,ebx
 00f6  50                                push    eax
 00f7  89 d0                             mov     eax,edx
 00f9  c1 fa 1f                          sar     edx,1fH
 00fc  2b c2                             sub     eax,edx
 00fe  d1 f8                             sar     eax,1
 0100  bb a6 01 00 00                    mov     ebx,offset L131
 0105  89 c1                             mov     ecx,eax
 0107  89 f2                             mov     edx,esi
 0109  89 f8                             mov     eax,edi
 010b  e8 00 00 00 00                    call    near GUItextbutton::GUItextbutton( GUIrect near *, char near *, int, int )
 0110  89 46 59          L352            mov     +59H[esi],eax
 0113  b8 81 00 00 00                    mov     eax,00000081H
 0118  e8 00 00 00 00                    call    void near * near operator new( int unsigned )
 011d  85 c0                             test    eax,eax
 011f  74 35                             je      L353
 0121  6a 32                             push    00000032H
 0123  8b 56 21                          mov     edx,+21H[esi]
 0126  8b 4e 19                          mov     ecx,+19H[esi]
 0129  bb 03 00 00 00                    mov     ebx,00000003H
 012e  29 ca                             sub     edx,ecx
 0130  6a 05                             push    00000005H
 0132  8d 7a f6                          lea     edi,-0aH[edx]
 0135  31 c9                             xor     ecx,ecx
 0137  89 f2                             mov     edx,esi
 0139  e8 00 00 00 00                    call    near GUIstatictext::GUIstatictext( GUIrect near *, int, char near *, int, int )
 013e  8b 50 19                          mov     edx,+19H[eax]
 0141  01 fa                             add     edx,edi
 0143  89 50 21                          mov     +21H[eax],edx
 0146  8b 50 1d                          mov     edx,+1dH[eax]
 0149  c7 40 29 00 00 00 
       00                                mov     dword ptr +29H[eax],offset void (near * const near __vftbl[])()
 0150  83 c2 0a                          add     edx,0000000aH
 0153  89 50 25                          mov     +25H[eax],edx
 0156  89 46 61          L353            mov     +61H[esi],eax
 0159  b8 81 00 00 00                    mov     eax,00000081H
 015e  e8 00 00 00 00                    call    void near * near operator new( int unsigned )
 0163  85 c0                             test    eax,eax
 0165  74 35                             je      L354
 0167  6a 3d                             push    0000003dH
 0169  8b 56 21                          mov     edx,+21H[esi]
 016c  8b 7e 19                          mov     edi,+19H[esi]
 016f  bb 03 00 00 00                    mov     ebx,00000003H
 0174  29 fa                             sub     edx,edi
 0176  6a 05                             push    00000005H
 0178  8d 7a f6                          lea     edi,-0aH[edx]
 017b  31 c9                             xor     ecx,ecx
 017d  89 f2                             mov     edx,esi
 017f  e8 00 00 00 00                    call    near GUIstatictext::GUIstatictext( GUIrect near *, int, char near *, int, int )
 0184  8b 50 19                          mov     edx,+19H[eax]
 0187  01 fa                             add     edx,edi
 0189  89 50 21                          mov     +21H[eax],edx
 018c  8b 50 1d                          mov     edx,+1dH[eax]
 018f  c7 40 29 00 00 00 
       00                                mov     dword ptr +29H[eax],offset void (near * const near __vftbl[])()
 0196  83 c2 0a                          add     edx,0000000aH
 0199  89 50 25                          mov     +25H[eax],edx
 019c  89 46 65          L354            mov     +65H[esi],eax
 019f  89 f0                             mov     eax,esi
 01a1  5f                                pop     edi
 01a2  5e                                pop     esi
 01a3  59                                pop     ecx
 01a4  5b                                pop     ebx
 01a5  c3                                ret     
 01a6  8b c0                             mov     eax,eax

No disassembly errors

------------------------------------------------------------

Comdat: void near e_region_edit::refresh( int, void near * )  SEGMENT ANY '_TEXT'  00000664 bytes  
 0000  51                                push    ecx
 0001  56                                push    esi
 0002  57                                push    edi
 0003  55                                push    ebp
 0004  83 ec 54                          sub     esp,00000054H
 0007  89 c6                             mov     esi,eax
 0009  89 58 3d                          mov     +3dH[eax],ebx
 000c  85 db                             test    ebx,ebx
 000e  0f 84 da 05 00 00                 je      L390
 0014  8a 43 01                          mov     al,+1H[ebx]
 0017  31 d2                             xor     edx,edx
 0019  24 07                             and     al,07H
 001b  88 c2                             mov     dl,al
 001d  8b 46 41                          mov     eax,+41H[esi]
 0020  e8 00 00 00 00                    call    void near GUIlistbox::setsel( int )
 0025  8b 46 3d                          mov     eax,+3dH[esi]
 0028  8a 40 01                          mov     al,+1H[eax]
 002b  c0 e0 04                          shl     al,04H
 002e  c0 e8 07                          shr     al,07H
 0031  8b 56 45                          mov     edx,+45H[esi]
 0034  25 ff 00 00 00                    and     eax,000000ffH
 0039  89 42 2d                          mov     +2dH[edx],eax
 003c  83 3d 00 00 00 00 
       00                                cmp     dword ptr int near e_region_edit::showingflags,00000000H
 0043  0f 84 1b 03 00 00                 je      L375
 0049  8b 56 35                          mov     edx,+35H[esi]
 004c  89 74 24 50                       mov     +50H[esp],esi
 0050  85 d2                             test    edx,edx
 0052  74 4e                             je      L357
 0054  89 f3                             mov     ebx,esi
 0056  74 0e                             je      L355
 0058  89 d0                             mov     eax,edx
 005a  74 0a                             je      L355
 005c  8b 7a 29                          mov     edi,+29H[edx]
 005f  ba 02 00 00 00                    mov     edx,00000002H
 0064  ff 17                             call    dword ptr [edi]
 0066  83 3d 00 00 00 00 
       00                L355            cmp     dword ptr int near e_region_edit::showingflags,00000000H
 006d  74 15                             je      L356
 006f  ba b0 01 00 00                    mov     edx,offset L132
 0074  8b 43 5d                          mov     eax,+5dH[ebx]
 0077  31 ed                             xor     ebp,ebp
 0079  e8 00 00 00 00                    call    void near GUItextbutton::settext( char near * )
 007e  89 2d 00 00 00 00                 mov     int near e_region_edit::showingflags,ebp
 0084  83 3d 00 00 00 00 
       00                L356            cmp     dword ptr int near e_region_edit::showingeffects,00000000H
 008b  74 15                             je      L357
 008d  ba b8 01 00 00                    mov     edx,offset L133
 0092  8b 43 59                          mov     eax,+59H[ebx]
 0095  e8 00 00 00 00                    call    void near GUItextbutton::settext( char near * )
 009a  31 d2                             xor     edx,edx
 009c  89 15 00 00 00 00                 mov     int near e_region_edit::showingeffects,edx
 00a2  8b 44 24 50       L357            mov     eax,+50H[esp]
 00a6  8b 58 3d                          mov     ebx,+3dH[eax]
 00a9  85 db                             test    ebx,ebx
 00ab  0f 85 50 02 00 00                 jne     L372
 00b1  e9 c9 04 00 00                    jmp     L389
 00b6  b8 55 00 00 00    L358            mov     eax,00000055H
 00bb  e8 00 00 00 00                    call    void near * near operator new( int unsigned )
 00c0  85 c0                             test    eax,eax
 00c2  0f 84 5a 02 00 00                 je      L374
 00c8  8b 54 24 50                       mov     edx,+50H[esp]
 00cc  8b 52 39                          mov     edx,+39H[edx]
 00cf  e8 00 00 00 00                    call    near epane::epane( effectedit near * )
 00d4  89 c2                             mov     edx,eax
 00d6  89 c7                             mov     edi,eax
 00d8  c7 40 29 00 00 00 
       00                                mov     dword ptr +29H[eax],offset void (near * const near __vftbl[])()
 00df  b8 85 00 00 00                    mov     eax,00000085H
 00e4  bd 05 00 00 00                    mov     ebp,00000005H
 00e9  e8 00 00 00 00                    call    void near * near operator new( int unsigned )
 00ee  85 c0                             test    eax,eax
 00f0  74 0f                             je      L359
 00f2  6a 00                             push    00000000H
 00f4  55                                push    ebp
 00f5  bb c2 01 00 00                    mov     ebx,offset L134
 00fa  31 c9                             xor     ecx,ecx
 00fc  e8 00 00 00 00                    call    near GUIcheckbox::GUIcheckbox( GUIrect near *, char near *, int, int, int )
 0101  89 47 41          L359            mov     +41H[edi],eax
 0104  b8 85 00 00 00                    mov     eax,00000085H
 0109  83 c5 0a                          add     ebp,0000000aH
 010c  e8 00 00 00 00                    call    void near * near operator new( int unsigned )
 0111  85 c0                             test    eax,eax
 0113  74 11                             je      L360
 0115  6a 00                             push    00000000H
 0117  bb c9 01 00 00                    mov     ebx,offset L135
 011c  55                                push    ebp
 011d  89 fa                             mov     edx,edi
 011f  31 c9                             xor     ecx,ecx
 0121  e8 00 00 00 00                    call    near GUIcheckbox::GUIcheckbox( GUIrect near *, char near *, int, int, int )
 0126  89 47 45          L360            mov     +45H[edi],eax
 0129  b8 85 00 00 00                    mov     eax,00000085H
 012e  83 c5 0a                          add     ebp,0000000aH
 0131  e8 00 00 00 00                    call    void near * near operator new( int unsigned )
 0136  85 c0                             test    eax,eax
 0138  74 11                             je      L361
 013a  6a 00                             push    00000000H
 013c  bb d2 01 00 00                    mov     ebx,offset L136
 0141  55                                push    ebp
 0142  89 fa                             mov     edx,edi
 0144  31 c9                             xor     ecx,ecx
 0146  e8 00 00 00 00                    call    near GUIcheckbox::GUIcheckbox( GUIrect near *, char near *, int, int, int )
 014b  89 47 49          L361            mov     +49H[edi],eax
 014e  b8 85 00 00 00                    mov     eax,00000085H
 0153  83 c5 0a                          add     ebp,0000000aH
 0156  e8 00 00 00 00                    call    void near * near operator new( int unsigned )
 015b  85 c0                             test    eax,eax
 015d  74 11                             je      L362
 015f  6a 00                             push    00000000H
 0161  bb e1 01 00 00                    mov     ebx,offset L137
 0166  55                                push    ebp
 0167  89 fa                             mov     edx,edi
 0169  31 c9                             xor     ecx,ecx
 016b  e8 00 00 00 00                    call    near GUIcheckbox::GUIcheckbox( GUIrect near *, char near *, int, int, int )
 0170  89 47 4d          L362            mov     +4dH[edi],eax
 0173  b8 85 00 00 00                    mov     eax,00000085H
 0178  83 c5 0a                          add     ebp,0000000aH
 017b  e8 00 00 00 00                    call    void near * near operator new( int unsigned )
 0180  85 c0                             test    eax,eax
 0182  74 11                             je      L363
 0184  6a 00                             push    00000000H
 0186  bb e8 01 00 00                    mov     ebx,offset L138
 018b  55                                push    ebp
 018c  89 fa                             mov     edx,edi
 018e  31 c9                             xor     ecx,ecx
 0190  e8 00 00 00 00                    call    near GUIcheckbox::GUIcheckbox( GUIrect near *, char near *, int, int, int )
 0195  c7 47 3d 00 00 00 
       00                L363            mov     dword ptr +3dH[edi],00000000H
 019c  8b 57 29                          mov     edx,+29H[edi]
 019f  89 47 51                          mov     +51H[edi],eax
 01a2  89 f8                             mov     eax,edi
 01a4  ff 52 20                          call    dword ptr +20H[edx]
 01a7  e9 76 01 00 00                    jmp     L374
 01ac  b8 4d 00 00 00    L364            mov     eax,0000004dH
 01b1  e8 00 00 00 00                    call    void near * near operator new( int unsigned )
 01b6  85 c0                             test    eax,eax
 01b8  0f 84 64 01 00 00                 je      L374
 01be  8b 54 24 50                       mov     edx,+50H[esp]
 01c2  8b 52 39                          mov     edx,+39H[edx]
 01c5  e8 00 00 00 00                    call    near epane::epane( effectedit near * )
 01ca  89 c2                             mov     edx,eax
 01cc  89 c7                             mov     edi,eax
 01ce  c7 40 29 00 00 00 
       00                                mov     dword ptr +29H[eax],offset void (near * const near __vftbl[])()
 01d5  b8 85 00 00 00                    mov     eax,00000085H
 01da  bd 05 00 00 00                    mov     ebp,00000005H
 01df  e8 00 00 00 00                    call    void near * near operator new( int unsigned )
 01e4  85 c0                             test    eax,eax
 01e6  74 0f                             je      L365
 01e8  6a 00                             push    00000000H
 01ea  55                                push    ebp
 01eb  bb f3 01 00 00                    mov     ebx,offset L139
 01f0  31 c9                             xor     ecx,ecx
 01f2  e8 00 00 00 00                    call    near GUIcheckbox::GUIcheckbox( GUIrect near *, char near *, int, int, int )
 01f7  89 47 41          L365            mov     +41H[edi],eax
 01fa  b8 85 00 00 00                    mov     eax,00000085H
 01ff  83 c5 0a                          add     ebp,0000000aH
 0202  e8 00 00 00 00                    call    void near * near operator new( int unsigned )
 0207  85 c0                             test    eax,eax
 0209  74 11                             je      L366
 020b  6a 00                             push    00000000H
 020d  bb fa 01 00 00                    mov     ebx,offset L140
 0212  55                                push    ebp
 0213  89 fa                             mov     edx,edi
 0215  31 c9                             xor     ecx,ecx
 0217  e8 00 00 00 00                    call    near GUIcheckbox::GUIcheckbox( GUIrect near *, char near *, int, int, int )
 021c  89 47 45          L366            mov     +45H[edi],eax
 021f  b8 85 00 00 00                    mov     eax,00000085H
 0224  83 c5 0a                          add     ebp,0000000aH
 0227  e8 00 00 00 00                    call    void near * near operator new( int unsigned )
 022c  85 c0                             test    eax,eax
 022e  74 11                             je      L367
 0230  6a 00                             push    00000000H
 0232  bb 00 02 00 00                    mov     ebx,offset L141
 0237  55                                push    ebp
 0238  89 fa                             mov     edx,edi
 023a  31 c9                             xor     ecx,ecx
 023c  e8 00 00 00 00                    call    near GUIcheckbox::GUIcheckbox( GUIrect near *, char near *, int, int, int )
 0241  c7 47 3d 00 00 00 
       00                L367            mov     dword ptr +3dH[edi],00000000H
 0248  8b 57 29                          mov     edx,+29H[edi]
 024b  89 47 49                          mov     +49H[edi],eax
 024e  89 f8                             mov     eax,edi
 0250  ff 52 20                          call    dword ptr +20H[edx]
 0253  e9 ca 00 00 00                    jmp     L374
 0258  b8 4d 00 00 00    L368            mov     eax,0000004dH
 025d  e8 00 00 00 00                    call    void near * near operator new( int unsigned )
 0262  85 c0                             test    eax,eax
 0264  0f 84 b8 00 00 00                 je      L374
 026a  8b 54 24 50                       mov     edx,+50H[esp]
 026e  8b 52 39                          mov     edx,+39H[edx]
 0271  e8 00 00 00 00                    call    near epane::epane( effectedit near * )
 0276  89 c2                             mov     edx,eax
 0278  89 c7                             mov     edi,eax
 027a  c7 40 29 00 00 00 
       00                                mov     dword ptr +29H[eax],offset void (near * const near __vftbl[])()
 0281  b8 85 00 00 00                    mov     eax,00000085H
 0286  bd 05 00 00 00                    mov     ebp,00000005H
 028b  e8 00 00 00 00                    call    void near * near operator new( int unsigned )
 0290  85 c0                             test    eax,eax
 0292  74 0f                             je      L369
 0294  6a 00                             push    00000000H
 0296  55                                push    ebp
 0297  bb 06 02 00 00                    mov     ebx,offset L142
 029c  31 c9                             xor     ecx,ecx
 029e  e8 00 00 00 00                    call    near GUIcheckbox::GUIcheckbox( GUIrect near *, char near *, int, int, int )
 02a3  89 47 41          L369            mov     +41H[edi],eax
 02a6  b8 85 00 00 00                    mov     eax,00000085H
 02ab  83 c5 0a                          add     ebp,0000000aH
 02ae  e8 00 00 00 00                    call    void near * near operator new( int unsigned )
 02b3  85 c0                             test    eax,eax
 02b5  74 11                             je      L370
 02b7  6a 00                             push    00000000H
 02b9  bb 12 02 00 00                    mov     ebx,offset L143
 02be  55                                push    ebp
 02bf  89 fa                             mov     edx,edi
 02c1  31 c9                             xor     ecx,ecx
 02c3  e8 00 00 00 00                    call    near GUIcheckbox::GUIcheckbox( GUIrect near *, char near *, int, int, int )
 02c8  89 47 45          L370            mov     +45H[edi],eax
 02cb  b8 85 00 00 00                    mov     eax,00000085H
 02d0  83 c5 0a                          add     ebp,0000000aH
 02d3  e8 00 00 00 00                    call    void near * near operator new( int unsigned )
 02d8  85 c0                             test    eax,eax
 02da  74 11                             je      L371
 02dc  6a 00                             push    00000000H
 02de  bb 1d 02 00 00                    mov     ebx,offset L144
 02e3  55                                push    ebp
 02e4  89 fa                             mov     edx,edi
 02e6  31 c9                             xor     ecx,ecx
 02e8  e8 00 00 00 00                    call    near GUIcheckbox::GUIcheckbox( GUIrect near *, char near *, int, int, int )
 02ed  c7 47 3d 00 00 00 
       00                L371            mov     dword ptr +3dH[edi],00000000H
 02f4  8b 57 29                          mov     edx,+29H[edi]
 02f7  89 47 49                          mov     +49H[edi],eax
 02fa  89 f8                             mov     eax,edi
 02fc  ff 52 20                          call    dword ptr +20H[edx]
 02ff  eb 21                             jmp     L374
 0301  8a 43 01          L372            mov     al,+1H[ebx]
 0304  24 07                             and     al,07H
 0306  3c 01                             cmp     al,01H
 0308  72 10                             jb      L373
 030a  0f 86 9c fe ff ff                 jbe     L364
 0310  3c 02                             cmp     al,02H
 0312  0f 84 40 ff ff ff                 je      L368
 0318  eb 08                             jmp     L374
 031a  84 c0             L373            test    al,al
 031c  0f 84 94 fd ff ff                 je      L358
 0322  8b 44 24 50       L374            mov     eax,+50H[esp]
 0326  8b 48 35                          mov     ecx,+35H[eax]
 0329  85 c9                             test    ecx,ecx
 032b  0f 84 4e 02 00 00                 je      L389
 0331  8b 5c 24 50                       mov     ebx,+50H[esp]
 0335  ba 00 80 00 00                    mov     edx,00008000H
 033a  8b 79 29                          mov     edi,+29H[ecx]
 033d  8b 5b 3d                          mov     ebx,+3dH[ebx]
 0340  89 c8                             mov     eax,ecx
 0342  83 c3 0e                          add     ebx,0000000eH
 0345  ff 57 10                          call    dword ptr +10H[edi]
 0348  8b 44 24 50                       mov     eax,+50H[esp]
 034c  bf 01 00 00 00                    mov     edi,00000001H
 0351  ba 28 02 00 00                    mov     edx,offset L145
 0356  8b 40 5d                          mov     eax,+5dH[eax]
 0359  89 3d 00 00 00 00                 mov     int near e_region_edit::showingflags,edi
 035f  e9 16 02 00 00                    jmp     L388
 0364  83 3d 00 00 00 00 
       00                L375            cmp     dword ptr int near e_region_edit::showingeffects,00000000H
 036b  0f 84 0e 02 00 00                 je      L389
 0371  8b 4e 35                          mov     ecx,+35H[esi]
 0374  89 f5                             mov     ebp,esi
 0376  85 c9                             test    ecx,ecx
 0378  74 4e                             je      L378
 037a  89 f3                             mov     ebx,esi
 037c  74 0e                             je      L376
 037e  89 c8                             mov     eax,ecx
 0380  74 0a                             je      L376
 0382  8b 79 29                          mov     edi,+29H[ecx]
 0385  ba 02 00 00 00                    mov     edx,00000002H
 038a  ff 17                             call    dword ptr [edi]
 038c  83 3d 00 00 00 00 
       00                L376            cmp     dword ptr int near e_region_edit::showingflags,00000000H
 0393  74 15                             je      L377
 0395  ba b0 01 00 00                    mov     edx,offset L132
 039a  8b 43 5d                          mov     eax,+5dH[ebx]
 039d  e8 00 00 00 00                    call    void near GUItextbutton::settext( char near * )
 03a2  31 d2                             xor     edx,edx
 03a4  89 15 00 00 00 00                 mov     int near e_region_edit::showingflags,edx
 03aa  83 3d 00 00 00 00 
       00                L377            cmp     dword ptr int near e_region_edit::showingeffects,00000000H
 03b1  74 15                             je      L378
 03b3  ba b8 01 00 00                    mov     edx,offset L133
 03b8  8b 43 59                          mov     eax,+59H[ebx]
 03bb  31 ff                             xor     edi,edi
 03bd  e8 00 00 00 00                    call    void near GUItextbutton::settext( char near * )
 03c2  89 3d 00 00 00 00                 mov     int near e_region_edit::showingeffects,edi
 03c8  83 7d 3d 00       L378            cmp     dword ptr +3dH[ebp],00000000H
 03cc  0f 84 ad 01 00 00                 je      L389
 03d2  b8 61 00 00 00                    mov     eax,00000061H
 03d7  e8 00 00 00 00                    call    void near * near operator new( int unsigned )
 03dc  85 c0                             test    eax,eax
 03de  0f 84 6d 01 00 00                 je      L387
 03e4  8b 55 39                          mov     edx,+39H[ebp]
 03e7  e8 00 00 00 00                    call    near epane::epane( effectedit near * )
 03ec  c7 40 3d 00 00 00 
       00                                mov     dword ptr +3dH[eax],00000000H
 03f3  c7 40 29 00 00 00 
       00                                mov     dword ptr +29H[eax],offset void (near * const near __vftbl[])()
 03fa  89 c2                             mov     edx,eax
 03fc  c7 40 5d 00 00 00 
       00                                mov     dword ptr +5dH[eax],00000000H
 0403  89 c7                             mov     edi,eax
 0405  8b 40 5d                          mov     eax,+5dH[eax]
 0408  89 42 59                          mov     +59H[edx],eax
 040b  b8 81 00 00 00                    mov     eax,00000081H
 0410  e8 00 00 00 00                    call    void near * near operator new( int unsigned )
 0415  85 c0                             test    eax,eax
 0417  74 13                             je      L379
 0419  6a 05                             push    00000005H
 041b  6a 05                             push    00000005H
 041d  b9 30 02 00 00                    mov     ecx,offset L146
 0422  bb 01 00 00 00                    mov     ebx,00000001H
 0427  e8 00 00 00 00                    call    near GUIstatictext::GUIstatictext( GUIrect near *, int, char near *, int, int )
 042c  b8 59 00 00 00    L379            mov     eax,00000059H
 0431  e8 00 00 00 00                    call    void near * near operator new( int unsigned )
 0436  85 c0                             test    eax,eax
 0438  74 28                             je      L380
 043a  8b 57 21                          mov     edx,+21H[edi]
 043d  8b 5f 19                          mov     ebx,+19H[edi]
 0440  6a 0a                             push    0000000aH
 0442  29 da                             sub     edx,ebx
 0444  6a 03                             push    00000003H
 0446  83 ea 0a                          sub     edx,0000000aH
 0449  b9 0f 00 00 00                    mov     ecx,0000000fH
 044e  52                                push    edx
 044f  bb 05 00 00 00                    mov     ebx,00000005H
 0454  89 fa                             mov     edx,edi
 0456  e8 00 00 00 00                    call    near GUIlistbox::GUIlistbox( GUIrect near *, int, int, int, int, int )
 045b  c7 40 29 00 00 00 
       00                                mov     dword ptr +29H[eax],offset void (near * const near __vftbl[])()
 0462  89 47 41          L380            mov     +41H[edi],eax
 0465  b8 8a 00 00 00                    mov     eax,0000008aH
 046a  e8 00 00 00 00                    call    void near * near operator new( int unsigned )
 046f  85 c0                             test    eax,eax
 0471  74 13                             je      L381
 0473  6a 30                             push    00000030H
 0475  b9 14 00 00 00                    mov     ecx,00000014H
 047a  bb 37 02 00 00                    mov     ebx,offset L147
 047f  89 fa                             mov     edx,edi
 0481  e8 00 00 00 00                    call    near GUItextbutton::GUItextbutton( GUIrect near *, char near *, int, int )
 0486  89 47 49          L381            mov     +49H[edi],eax
 0489  b8 8a 00 00 00                    mov     eax,0000008aH
 048e  e8 00 00 00 00                    call    void near * near operator new( int unsigned )
 0493  85 c0                             test    eax,eax
 0495  74 13                             je      L382
 0497  6a 30                             push    00000030H
 0499  b9 3c 00 00 00                    mov     ecx,0000003cH
 049e  bb 3b 02 00 00                    mov     ebx,offset L148
 04a3  89 fa                             mov     edx,edi
 04a5  e8 00 00 00 00                    call    near GUItextbutton::GUItextbutton( GUIrect near *, char near *, int, int )
 04aa  89 47 4d          L382            mov     +4dH[edi],eax
 04ad  b8 81 00 00 00                    mov     eax,00000081H
 04b2  e8 00 00 00 00                    call    void near * near operator new( int unsigned )
 04b7  85 c0                             test    eax,eax
 04b9  74 15                             je      L383
 04bb  6a 3e                             push    0000003eH
 04bd  b9 42 02 00 00                    mov     ecx,offset L149
 04c2  6a 05                             push    00000005H
 04c4  bb 01 00 00 00                    mov     ebx,00000001H
 04c9  89 fa                             mov     edx,edi
 04cb  e8 00 00 00 00                    call    near GUIstatictext::GUIstatictext( GUIrect near *, int, char near *, int, int )
 04d0  b8 59 00 00 00    L383            mov     eax,00000059H
 04d5  e8 00 00 00 00                    call    void near * near operator new( int unsigned )
 04da  85 c0                             test    eax,eax
 04dc  74 28                             je      L384
 04de  8b 57 21                          mov     edx,+21H[edi]
 04e1  8b 4f 19                          mov     ecx,+19H[edi]
 04e4  6a 0a                             push    0000000aH
 04e6  29 ca                             sub     edx,ecx
 04e8  6a 03                             push    00000003H
 04ea  83 ea 0a                          sub     edx,0000000aH
 04ed  bb 05 00 00 00                    mov     ebx,00000005H
 04f2  52                                push    edx
 04f3  b9 48 00 00 00                    mov     ecx,00000048H
 04f8  89 fa                             mov     edx,edi
 04fa  e8 00 00 00 00                    call    near GUIlistbox::GUIlistbox( GUIrect near *, int, int, int, int, int )
 04ff  c7 40 29 00 00 00 
       00                                mov     dword ptr +29H[eax],offset void (near * const near __vftbl[])()
 0506  89 47 45          L384            mov     +45H[edi],eax
 0509  b8 8a 00 00 00                    mov     eax,0000008aH
 050e  e8 00 00 00 00                    call    void near * near operator new( int unsigned )
 0513  85 c0                             test    eax,eax
 0515  74 13                             je      L385
 0517  6a 69                             push    00000069H
 0519  b9 14 00 00 00                    mov     ecx,00000014H
 051e  bb 4a 02 00 00                    mov     ebx,offset L150
 0523  89 fa                             mov     edx,edi
 0525  e8 00 00 00 00                    call    near GUItextbutton::GUItextbutton( GUIrect near *, char near *, int, int )
 052a  89 47 51          L385            mov     +51H[edi],eax
 052d  b8 8a 00 00 00                    mov     eax,0000008aH
 0532  e8 00 00 00 00                    call    void near * near operator new( int unsigned )
 0537  85 c0                             test    eax,eax
 0539  74 13                             je      L386
 053b  6a 69                             push    00000069H
 053d  b9 3c 00 00 00                    mov     ecx,0000003cH
 0542  bb 4e 02 00 00                    mov     ebx,offset L151
 0547  89 fa                             mov     edx,edi
 0549  e8 00 00 00 00                    call    near GUItextbutton::GUItextbutton( GUIrect near *, char near *, int, int )
 054e  89 47 55          L386            mov     +55H[edi],eax
 0551  8b 7d 35          L387            mov     edi,+35H[ebp]
 0554  85 ff                             test    edi,edi
 0556  74 27                             je      L389
 0558  89 f8                             mov     eax,edi
 055a  8b 7f 29                          mov     edi,+29H[edi]
 055d  ba 00 80 00 00                    mov     edx,00008000H
 0562  8b 5d 3d                          mov     ebx,+3dH[ebp]
 0565  ff 57 10                          call    dword ptr +10H[edi]
 0568  b8 01 00 00 00                    mov     eax,00000001H
 056d  ba 55 02 00 00                    mov     edx,offset L152
 0572  a3 00 00 00 00                    mov     int near e_region_edit::showingeffects,eax
 0577  8b 45 59                          mov     eax,+59H[ebp]
 057a  e8 00 00 00 00    L388            call    void near GUItextbutton::settext( char near * )
 057f  8b 46 3d          L389            mov     eax,+3dH[esi]
 0582  8b 50 02                          mov     edx,+2H[eax]
 0585  c1 fa 10                          sar     edx,10H
 0588  52                                push    edx
 0589  8b 50 04                          mov     edx,+4H[eax]
 058c  c1 fa 10                          sar     edx,10H
 058f  8b 00                             mov     eax,[eax]
 0591  52                                push    edx
 0592  c1 f8 10                          sar     eax,10H
 0595  50                                push    eax
 0596  68 5f 02 00 00                    push    offset L153
 059b  8d 44 24 10                       lea     eax,+10H[esp]
 059f  50                                push    eax
 05a0  e8 00 00 00 00                    call    sprintf_
 05a5  83 c4 14                          add     esp,00000014H
 05a8  89 e2                             mov     edx,esp
 05aa  8b 46 61                          mov     eax,+61H[esi]
 05ad  e8 00 00 00 00                    call    void near GUIstatictext::settext( char near * )
 05b2  8b 46 3d                          mov     eax,+3dH[esi]
 05b5  8b 50 08                          mov     edx,+8H[eax]
 05b8  c1 fa 10                          sar     edx,10H
 05bb  52                                push    edx
 05bc  8b 50 0a                          mov     edx,+0aH[eax]
 05bf  c1 fa 10                          sar     edx,10H
 05c2  8b 40 06                          mov     eax,+6H[eax]
 05c5  52                                push    edx
 05c6  c1 f8 10                          sar     eax,10H
 05c9  50                                push    eax
 05ca  68 6a 02 00 00                    push    offset L154
 05cf  8d 44 24 10                       lea     eax,+10H[esp]
 05d3  50                                push    eax
 05d4  e8 00 00 00 00                    call    sprintf_
 05d9  83 c4 14                          add     esp,00000014H
 05dc  89 e2                             mov     edx,esp
 05de  8b 46 65                          mov     eax,+65H[esi]
 05e1  e8 00 00 00 00                    call    void near GUIstatictext::settext( char near * )
 05e6  83 c4 54                          add     esp,00000054H
 05e9  5d                                pop     ebp
 05ea  5f                                pop     edi
 05eb  5e                                pop     esi
 05ec  59                                pop     ecx
 05ed  c3                                ret     
 05ee  8b 40 41          L390            mov     eax,+41H[eax]
 05f1  e8 00 00 00 00                    call    void near GUIlistbox::clearsel()
 05f6  31 d2                             xor     edx,edx
 05f8  8b 46 61                          mov     eax,+61H[esi]
 05fb  e8 00 00 00 00                    call    void near GUIstatictext::settext( char near * )
 0600  8b 46 65                          mov     eax,+65H[esi]
 0603  31 d2                             xor     edx,edx
 0605  e8 00 00 00 00                    call    void near GUIstatictext::settext( char near * )
 060a  8b 5e 35                          mov     ebx,+35H[esi]
 060d  89 f7                             mov     edi,esi
 060f  85 db                             test    ebx,ebx
 0611  74 0e                             je      L391
 0613  89 d8                             mov     eax,ebx
 0615  74 0a                             je      L391
 0617  8b 5b 29                          mov     ebx,+29H[ebx]
 061a  ba 02 00 00 00                    mov     edx,00000002H
 061f  ff 13                             call    dword ptr [ebx]
 0621  83 3d 00 00 00 00 
       00                L391            cmp     dword ptr int near e_region_edit::showingflags,00000000H
 0628  74 15                             je      L392
 062a  ba b0 01 00 00                    mov     edx,offset L132
 062f  8b 47 5d                          mov     eax,+5dH[edi]
 0632  31 f6                             xor     esi,esi
 0634  e8 00 00 00 00                    call    void near GUItextbutton::settext( char near * )
 0639  89 35 00 00 00 00                 mov     int near e_region_edit::showingflags,esi
 063f  83 3d 00 00 00 00 
       00                L392            cmp     dword ptr int near e_region_edit::showingeffects,00000000H
 0646  74 14                             je      L393
 0648  ba b8 01 00 00                    mov     edx,offset L133
 064d  8b 47 59                          mov     eax,+59H[edi]
 0650  e8 00 00 00 00                    call    void near GUItextbutton::settext( char near * )
 0655  31 c0                             xor     eax,eax
 0657  a3 00 00 00 00                    mov     int near e_region_edit::showingeffects,eax
 065c  83 c4 54          L393            add     esp,00000054H
 065f  5d                                pop     ebp
 0660  5f                                pop     edi
 0661  5e                                pop     esi
 0662  59                                pop     ecx
 0663  c3                                ret     

No disassembly errors

------------------------------------------------------------

Comdat: int near e_region_edit::keyhit( char, char )  SEGMENT ANY '_TEXT'  00000004 bytes  
 0000  31 c0                             xor     eax,eax
 0002  c3                                ret     
 0003  90                                nop     

No disassembly errors

------------------------------------------------------------

Comdat: int near e_region_edit::sendmessage( GUIrect near *, int )  SEGMENT ANY '_TEXT'  000009d4 bytes  
 0000  51                                push    ecx
 0001  56                                push    esi
 0002  57                                push    edi
 0003  55                                push    ebp
 0004  83 ec 10                          sub     esp,00000010H
 0007  89 c6                             mov     esi,eax
 0009  89 14 24                          mov     [esp],edx
 000c  89 5c 24 04                       mov     +4H[esp],ebx
 0010  83 78 3d 00                       cmp     dword ptr +3dH[eax],00000000H
 0014  0f 84 ab 09 00 00                 je      L456
 001a  8b 04 24                          mov     eax,[esp]
 001d  8b 5e 41                          mov     ebx,+41H[esi]
 0020  39 d8                             cmp     eax,ebx
 0022  0f 85 52 03 00 00                 jne     L415
 0028  83 7c 24 04 05                    cmp     dword ptr +4H[esp],00000005H
 002d  0f 85 47 03 00 00                 jne     L415
 0033  8b 53 49                          mov     edx,+49H[ebx]
 0036  85 d2                             test    edx,edx
 0038  0f 8c 3c 03 00 00                 jl      L415
 003e  8b 46 3d                          mov     eax,+3dH[esi]
 0041  8a 58 01                          mov     bl,+1H[eax]
 0044  80 e3 07                          and     bl,07H
 0047  81 e3 ff 00 00 00                 and     ebx,000000ffH
 004d  39 da                             cmp     edx,ebx
 004f  74 05                             je      L394
 0051  e8 00 00 00 00                    call    void near e_region::settype( int )
 0056  83 3d 00 00 00 00 
       00                L394            cmp     dword ptr int near e_region_edit::showingflags,00000000H
 005d  0f 84 17 03 00 00                 je      L415
 0063  8b 6e 35                          mov     ebp,+35H[esi]
 0066  89 74 24 08                       mov     +8H[esp],esi
 006a  85 ed                             test    ebp,ebp
 006c  74 4e                             je      L397
 006e  89 f3                             mov     ebx,esi
 0070  74 0e                             je      L395
 0072  89 e8                             mov     eax,ebp
 0074  74 0a                             je      L395
 0076  8b 7d 29                          mov     edi,+29H[ebp]
 0079  ba 02 00 00 00                    mov     edx,00000002H
 007e  ff 17                             call    dword ptr [edi]
 0080  83 3d 00 00 00 00 
       00                L395            cmp     dword ptr int near e_region_edit::showingflags,00000000H
 0087  74 15                             je      L396
 0089  ba b0 01 00 00                    mov     edx,offset L132
 008e  8b 43 5d                          mov     eax,+5dH[ebx]
 0091  31 c9                             xor     ecx,ecx
 0093  e8 00 00 00 00                    call    void near GUItextbutton::settext( char near * )
 0098  89 0d 00 00 00 00                 mov     int near e_region_edit::showingflags,ecx
 009e  83 3d 00 00 00 00 
       00                L396            cmp     dword ptr int near e_region_edit::showingeffects,00000000H
 00a5  74 15                             je      L397
 00a7  ba b8 01 00 00                    mov     edx,offset L133
 00ac  8b 43 59                          mov     eax,+59H[ebx]
 00af  31 ed                             xor     ebp,ebp
 00b1  e8 00 00 00 00                    call    void near GUItextbutton::settext( char near * )
 00b6  89 2d 00 00 00 00                 mov     int near e_region_edit::showingeffects,ebp
 00bc  8b 44 24 08       L397            mov     eax,+8H[esp]
 00c0  8b 50 3d                          mov     edx,+3dH[eax]
 00c3  85 d2                             test    edx,edx
 00c5  0f 85 50 02 00 00                 jne     L412
 00cb  e9 aa 02 00 00                    jmp     L415
 00d0  b8 55 00 00 00    L398            mov     eax,00000055H
 00d5  e8 00 00 00 00                    call    void near * near operator new( int unsigned )
 00da  85 c0                             test    eax,eax
 00dc  0f 84 5a 02 00 00                 je      L414
 00e2  8b 54 24 08                       mov     edx,+8H[esp]
 00e6  8b 52 39                          mov     edx,+39H[edx]
 00e9  e8 00 00 00 00                    call    near epane::epane( effectedit near * )
 00ee  89 c2                             mov     edx,eax
 00f0  89 c7                             mov     edi,eax
 00f2  c7 40 29 00 00 00 
       00                                mov     dword ptr +29H[eax],offset void (near * const near __vftbl[])()
 00f9  b8 85 00 00 00                    mov     eax,00000085H
 00fe  bd 05 00 00 00                    mov     ebp,00000005H
 0103  e8 00 00 00 00                    call    void near * near operator new( int unsigned )
 0108  85 c0                             test    eax,eax
 010a  74 0f                             je      L399
 010c  6a 00                             push    00000000H
 010e  55                                push    ebp
 010f  bb c2 01 00 00                    mov     ebx,offset L134
 0114  31 c9                             xor     ecx,ecx
 0116  e8 00 00 00 00                    call    near GUIcheckbox::GUIcheckbox( GUIrect near *, char near *, int, int, int )
 011b  89 47 41          L399            mov     +41H[edi],eax
 011e  b8 85 00 00 00                    mov     eax,00000085H
 0123  83 c5 0a                          add     ebp,0000000aH
 0126  e8 00 00 00 00                    call    void near * near operator new( int unsigned )
 012b  85 c0                             test    eax,eax
 012d  74 11                             je      L400
 012f  6a 00                             push    00000000H
 0131  bb c9 01 00 00                    mov     ebx,offset L135
 0136  55                                push    ebp
 0137  89 fa                             mov     edx,edi
 0139  31 c9                             xor     ecx,ecx
 013b  e8 00 00 00 00                    call    near GUIcheckbox::GUIcheckbox( GUIrect near *, char near *, int, int, int )
 0140  89 47 45          L400            mov     +45H[edi],eax
 0143  b8 85 00 00 00                    mov     eax,00000085H
 0148  83 c5 0a                          add     ebp,0000000aH
 014b  e8 00 00 00 00                    call    void near * near operator new( int unsigned )
 0150  85 c0                             test    eax,eax
 0152  74 11                             je      L401
 0154  6a 00                             push    00000000H
 0156  bb d2 01 00 00                    mov     ebx,offset L136
 015b  55                                push    ebp
 015c  89 fa                             mov     edx,edi
 015e  31 c9                             xor     ecx,ecx
 0160  e8 00 00 00 00                    call    near GUIcheckbox::GUIcheckbox( GUIrect near *, char near *, int, int, int )
 0165  89 47 49          L401            mov     +49H[edi],eax
 0168  b8 85 00 00 00                    mov     eax,00000085H
 016d  83 c5 0a                          add     ebp,0000000aH
 0170  e8 00 00 00 00                    call    void near * near operator new( int unsigned )
 0175  85 c0                             test    eax,eax
 0177  74 11                             je      L402
 0179  6a 00                             push    00000000H
 017b  bb e1 01 00 00                    mov     ebx,offset L137
 0180  55                                push    ebp
 0181  89 fa                             mov     edx,edi
 0183  31 c9                             xor     ecx,ecx
 0185  e8 00 00 00 00                    call    near GUIcheckbox::GUIcheckbox( GUIrect near *, char near *, int, int, int )
 018a  89 47 4d          L402            mov     +4dH[edi],eax
 018d  b8 85 00 00 00                    mov     eax,00000085H
 0192  83 c5 0a                          add     ebp,0000000aH
 0195  e8 00 00 00 00                    call    void near * near operator new( int unsigned )
 019a  85 c0                             test    eax,eax
 019c  74 11                             je      L403
 019e  6a 00                             push    00000000H
 01a0  bb e8 01 00 00                    mov     ebx,offset L138
 01a5  55                                push    ebp
 01a6  89 fa                             mov     edx,edi
 01a8  31 c9                             xor     ecx,ecx
 01aa  e8 00 00 00 00                    call    near GUIcheckbox::GUIcheckbox( GUIrect near *, char near *, int, int, int )
 01af  c7 47 3d 00 00 00 
       00                L403            mov     dword ptr +3dH[edi],00000000H
 01b6  8b 57 29                          mov     edx,+29H[edi]
 01b9  89 47 51                          mov     +51H[edi],eax
 01bc  89 f8                             mov     eax,edi
 01be  ff 52 20                          call    dword ptr +20H[edx]
 01c1  e9 76 01 00 00                    jmp     L414
 01c6  b8 4d 00 00 00    L404            mov     eax,0000004dH
 01cb  e8 00 00 00 00                    call    void near * near operator new( int unsigned )
 01d0  85 c0                             test    eax,eax
 01d2  0f 84 64 01 00 00                 je      L414
 01d8  8b 54 24 08                       mov     edx,+8H[esp]
 01dc  8b 52 39                          mov     edx,+39H[edx]
 01df  e8 00 00 00 00                    call    near epane::epane( effectedit near * )
 01e4  89 c2                             mov     edx,eax
 01e6  89 c7                             mov     edi,eax
 01e8  c7 40 29 00 00 00 
       00                                mov     dword ptr +29H[eax],offset void (near * const near __vftbl[])()
 01ef  b8 85 00 00 00                    mov     eax,00000085H
 01f4  bd 05 00 00 00                    mov     ebp,00000005H
 01f9  e8 00 00 00 00                    call    void near * near operator new( int unsigned )
 01fe  85 c0                             test    eax,eax
 0200  74 0f                             je      L405
 0202  6a 00                             push    00000000H
 0204  55                                push    ebp
 0205  bb f3 01 00 00                    mov     ebx,offset L139
 020a  31 c9                             xor     ecx,ecx
 020c  e8 00 00 00 00                    call    near GUIcheckbox::GUIcheckbox( GUIrect near *, char near *, int, int, int )
 0211  89 47 41          L405            mov     +41H[edi],eax
 0214  b8 85 00 00 00                    mov     eax,00000085H
 0219  83 c5 0a                          add     ebp,0000000aH
 021c  e8 00 00 00 00                    call    void near * near operator new( int unsigned )
 0221  85 c0                             test    eax,eax
 0223  74 11                             je      L406
 0225  6a 00                             push    00000000H
 0227  bb fa 01 00 00                    mov     ebx,offset L140
 022c  55                                push    ebp
 022d  89 fa                             mov     edx,edi
 022f  31 c9                             xor     ecx,ecx
 0231  e8 00 00 00 00                    call    near GUIcheckbox::GUIcheckbox( GUIrect near *, char near *, int, int, int )
 0236  89 47 45          L406            mov     +45H[edi],eax
 0239  b8 85 00 00 00                    mov     eax,00000085H
 023e  83 c5 0a                          add     ebp,0000000aH
 0241  e8 00 00 00 00                    call    void near * near operator new( int unsigned )
 0246  85 c0                             test    eax,eax
 0248  74 11                             je      L407
 024a  6a 00                             push    00000000H
 024c  bb 00 02 00 00                    mov     ebx,offset L141
 0251  55                                push    ebp
 0252  89 fa                             mov     edx,edi
 0254  31 c9                             xor     ecx,ecx
 0256  e8 00 00 00 00                    call    near GUIcheckbox::GUIcheckbox( GUIrect near *, char near *, int, int, int )
 025b  c7 47 3d 00 00 00 
       00                L407            mov     dword ptr +3dH[edi],00000000H
 0262  8b 57 29                          mov     edx,+29H[edi]
 0265  89 47 49                          mov     +49H[edi],eax
 0268  89 f8                             mov     eax,edi
 026a  ff 52 20                          call    dword ptr +20H[edx]
 026d  e9 ca 00 00 00                    jmp     L414
 0272  b8 4d 00 00 00    L408            mov     eax,0000004dH
 0277  e8 00 00 00 00                    call    void near * near operator new( int unsigned )
 027c  85 c0                             test    eax,eax
 027e  0f 84 b8 00 00 00                 je      L414
 0284  8b 54 24 08                       mov     edx,+8H[esp]
 0288  8b 52 39                          mov     edx,+39H[edx]
 028b  e8 00 00 00 00                    call    near epane::epane( effectedit near * )
 0290  89 c2                             mov     edx,eax
 0292  89 c7                             mov     edi,eax
 0294  c7 40 29 00 00 00 
       00                                mov     dword ptr +29H[eax],offset void (near * const near __vftbl[])()
 029b  b8 85 00 00 00                    mov     eax,00000085H
 02a0  bd 05 00 00 00                    mov     ebp,00000005H
 02a5  e8 00 00 00 00                    call    void near * near operator new( int unsigned )
 02aa  85 c0                             test    eax,eax
 02ac  74 0f                             je      L409
 02ae  6a 00                             push    00000000H
 02b0  55                                push    ebp
 02b1  bb 06 02 00 00                    mov     ebx,offset L142
 02b6  31 c9                             xor     ecx,ecx
 02b8  e8 00 00 00 00                    call    near GUIcheckbox::GUIcheckbox( GUIrect near *, char near *, int, int, int )
 02bd  89 47 41          L409            mov     +41H[edi],eax
 02c0  b8 85 00 00 00                    mov     eax,00000085H
 02c5  83 c5 0a                          add     ebp,0000000aH
 02c8  e8 00 00 00 00                    call    void near * near operator new( int unsigned )
 02cd  85 c0                             test    eax,eax
 02cf  74 11                             je      L410
 02d1  6a 00                             push    00000000H
 02d3  bb 12 02 00 00                    mov     ebx,offset L143
 02d8  55                                push    ebp
 02d9  89 fa                             mov     edx,edi
 02db  31 c9                             xor     ecx,ecx
 02dd  e8 00 00 00 00                    call    near GUIcheckbox::GUIcheckbox( GUIrect near *, char near *, int, int, int )
 02e2  89 47 45          L410            mov     +45H[edi],eax
 02e5  b8 85 00 00 00                    mov     eax,00000085H
 02ea  83 c5 0a                          add     ebp,0000000aH
 02ed  e8 00 00 00 00                    call    void near * near operator new( int unsigned )
 02f2  85 c0                             test    eax,eax
 02f4  74 11                             je      L411
 02f6  6a 00                             push    00000000H
 02f8  bb 1d 02 00 00                    mov     ebx,offset L144
 02fd  55                                push    ebp
 02fe  89 fa                             mov     edx,edi
 0300  31 c9                             xor     ecx,ecx
 0302  e8 00 00 00 00                    call    near GUIcheckbox::GUIcheckbox( GUIrect near *, char near *, int, int, int )
 0307  c7 47 3d 00 00 00 
       00                L411            mov     dword ptr +3dH[edi],00000000H
 030e  8b 57 29                          mov     edx,+29H[edi]
 0311  89 47 49                          mov     +49H[edi],eax
 0314  89 f8                             mov     eax,edi
 0316  ff 52 20                          call    dword ptr +20H[edx]
 0319  eb 21                             jmp     L414
 031b  8a 42 01          L412            mov     al,+1H[edx]
 031e  24 07                             and     al,07H
 0320  3c 01                             cmp     al,01H
 0322  72 10                             jb      L413
 0324  0f 86 9c fe ff ff                 jbe     L404
 032a  3c 02                             cmp     al,02H
 032c  0f 84 40 ff ff ff                 je      L408
 0332  eb 08                             jmp     L414
 0334  84 c0             L413            test    al,al
 0336  0f 84 94 fd ff ff                 je      L398
 033c  8b 44 24 08       L414            mov     eax,+8H[esp]
 0340  8b 58 35                          mov     ebx,+35H[eax]
 0343  85 db                             test    ebx,ebx
 0345  74 33                             je      L415
 0347  89 d8                             mov     eax,ebx
 0349  8b 7b 29                          mov     edi,+29H[ebx]
 034c  8b 5c 24 08                       mov     ebx,+8H[esp]
 0350  8b 5b 3d                          mov     ebx,+3dH[ebx]
 0353  ba 00 80 00 00                    mov     edx,00008000H
 0358  83 c3 0e                          add     ebx,0000000eH
 035b  ff 57 10                          call    dword ptr +10H[edi]
 035e  8b 44 24 08                       mov     eax,+8H[esp]
 0362  b9 01 00 00 00                    mov     ecx,00000001H
 0367  ba 28 02 00 00                    mov     edx,offset L145
 036c  8b 40 5d                          mov     eax,+5dH[eax]
 036f  89 0d 00 00 00 00                 mov     int near e_region_edit::showingflags,ecx
 0375  e8 00 00 00 00                    call    void near GUItextbutton::settext( char near * )
 037a  8b 04 24          L415            mov     eax,[esp]
 037d  8b 7e 45                          mov     edi,+45H[esi]
 0380  39 f8                             cmp     eax,edi
 0382  75 1c                             jne     L416
 0384  8b 57 2d                          mov     edx,+2dH[edi]
 0387  8b 46 3d                          mov     eax,+3dH[esi]
 038a  80 e2 01                          and     dl,01H
 038d  8a 70 01                          mov     dh,+1H[eax]
 0390  80 e6 f7                          and     dh,0f7H
 0393  88 70 01                          mov     +1H[eax],dh
 0396  c0 e2 03                          shl     dl,03H
 0399  88 f3                             mov     bl,dh
 039b  40                                inc     eax
 039c  08 d3                             or      bl,dl
 039e  88 18                             mov     [eax],bl
 03a0  8b 04 24          L416            mov     eax,[esp]
 03a3  3b 46 5d                          cmp     eax,+5dH[esi]
 03a6  0f 85 8c 03 00 00                 jne     L440
 03ac  83 7c 24 04 01                    cmp     dword ptr +4H[esp],00000001H
 03b1  0f 85 81 03 00 00                 jne     L440
 03b7  83 3d 00 00 00 00 
       00                                cmp     dword ptr int near e_region_edit::showingflags,00000000H
 03be  74 5c                             je      L419
 03c0  8b 6e 35                          mov     ebp,+35H[esi]
 03c3  89 f3                             mov     ebx,esi
 03c5  85 ed                             test    ebp,ebp
 03c7  74 0e                             je      L417
 03c9  89 e8                             mov     eax,ebp
 03cb  74 0a                             je      L417
 03cd  8b 7d 29                          mov     edi,+29H[ebp]
 03d0  ba 02 00 00 00                    mov     edx,00000002H
 03d5  ff 17                             call    dword ptr [edi]
 03d7  83 3d 00 00 00 00 
       00                L417            cmp     dword ptr int near e_region_edit::showingflags,00000000H
 03de  74 15                             je      L418
 03e0  ba b0 01 00 00                    mov     edx,offset L132
 03e5  8b 43 5d                          mov     eax,+5dH[ebx]
 03e8  e8 00 00 00 00                    call    void near GUItextbutton::settext( char near * )
 03ed  31 d2                             xor     edx,edx
 03ef  89 15 00 00 00 00                 mov     int near e_region_edit::showingflags,edx
 03f5  83 3d 00 00 00 00 
       00                L418            cmp     dword ptr int near e_region_edit::showingeffects,00000000H
 03fc  0f 84 36 03 00 00                 je      L440
 0402  ba b8 01 00 00                    mov     edx,offset L133
 0407  8b 43 59                          mov     eax,+59H[ebx]
 040a  31 ff                             xor     edi,edi
 040c  e8 00 00 00 00                    call    void near GUItextbutton::settext( char near * )
 0411  89 3d 00 00 00 00                 mov     int near e_region_edit::showingeffects,edi
 0417  e9 1c 03 00 00                    jmp     L440
 041c  8b 5e 35          L419            mov     ebx,+35H[esi]
 041f  89 74 24 0c                       mov     +0cH[esp],esi
 0423  85 db                             test    ebx,ebx
 0425  74 53                             je      L422
 0427  8b 4e 35                          mov     ecx,+35H[esi]
 042a  89 f3                             mov     ebx,esi
 042c  85 c9                             test    ecx,ecx
 042e  74 0e                             je      L420
 0430  89 c8                             mov     eax,ecx
 0432  74 0a                             je      L420
 0434  8b 79 29                          mov     edi,+29H[ecx]
 0437  ba 02 00 00 00                    mov     edx,00000002H
 043c  ff 17                             call    dword ptr [edi]
 043e  83 3d 00 00 00 00 
       00                L420            cmp     dword ptr int near e_region_edit::showingflags,00000000H
 0445  74 15                             je      L421
 0447  ba b0 01 00 00                    mov     edx,offset L132
 044c  8b 43 5d                          mov     eax,+5dH[ebx]
 044f  31 ed                             xor     ebp,ebp
 0451  e8 00 00 00 00                    call    void near GUItextbutton::settext( char near * )
 0456  89 2d 00 00 00 00                 mov     int near e_region_edit::showingflags,ebp
 045c  83 3d 00 00 00 00 
       00                L421            cmp     dword ptr int near e_region_edit::showingeffects,00000000H
 0463  74 15                             je      L422
 0465  ba b8 01 00 00                    mov     edx,offset L133
 046a  8b 43 59                          mov     eax,+59H[ebx]
 046d  e8 00 00 00 00                    call    void near GUItextbutton::settext( char near * )
 0472  31 d2                             xor     edx,edx
 0474  89 15 00 00 00 00                 mov     int near e_region_edit::showingeffects,edx
 047a  8b 44 24 0c       L422            mov     eax,+0cH[esp]
 047e  8b 58 3d                          mov     ebx,+3dH[eax]
 0481  85 db                             test    ebx,ebx
 0483  0f 85 50 02 00 00                 jne     L437
 0489  e9 aa 02 00 00                    jmp     L440
 048e  b8 55 00 00 00    L423            mov     eax,00000055H
 0493  e8 00 00 00 00                    call    void near * near operator new( int unsigned )
 0498  85 c0                             test    eax,eax
 049a  0f 84 5a 02 00 00                 je      L439
 04a0  8b 54 24 0c                       mov     edx,+0cH[esp]
 04a4  8b 52 39                          mov     edx,+39H[edx]
 04a7  e8 00 00 00 00                    call    near epane::epane( effectedit near * )
 04ac  89 c2                             mov     edx,eax
 04ae  89 c7                             mov     edi,eax
 04b0  c7 40 29 00 00 00 
       00                                mov     dword ptr +29H[eax],offset void (near * const near __vftbl[])()
 04b7  b8 85 00 00 00                    mov     eax,00000085H
 04bc  bd 05 00 00 00                    mov     ebp,00000005H
 04c1  e8 00 00 00 00                    call    void near * near operator new( int unsigned )
 04c6  85 c0                             test    eax,eax
 04c8  74 0f                             je      L424
 04ca  6a 00                             push    00000000H
 04cc  55                                push    ebp
 04cd  bb c2 01 00 00                    mov     ebx,offset L134
 04d2  31 c9                             xor     ecx,ecx
 04d4  e8 00 00 00 00                    call    near GUIcheckbox::GUIcheckbox( GUIrect near *, char near *, int, int, int )
 04d9  89 47 41          L424            mov     +41H[edi],eax
 04dc  b8 85 00 00 00                    mov     eax,00000085H
 04e1  83 c5 0a                          add     ebp,0000000aH
 04e4  e8 00 00 00 00                    call    void near * near operator new( int unsigned )
 04e9  85 c0                             test    eax,eax
 04eb  74 11                             je      L425
 04ed  6a 00                             push    00000000H
 04ef  bb c9 01 00 00                    mov     ebx,offset L135
 04f4  55                                push    ebp
 04f5  89 fa                             mov     edx,edi
 04f7  31 c9                             xor     ecx,ecx
 04f9  e8 00 00 00 00                    call    near GUIcheckbox::GUIcheckbox( GUIrect near *, char near *, int, int, int )
 04fe  89 47 45          L425            mov     +45H[edi],eax
 0501  b8 85 00 00 00                    mov     eax,00000085H
 0506  83 c5 0a                          add     ebp,0000000aH
 0509  e8 00 00 00 00                    call    void near * near operator new( int unsigned )
 050e  85 c0                             test    eax,eax
 0510  74 11                             je      L426
 0512  6a 00                             push    00000000H
 0514  bb d2 01 00 00                    mov     ebx,offset L136
 0519  55                                push    ebp
 051a  89 fa                             mov     edx,edi
 051c  31 c9                             xor     ecx,ecx
 051e  e8 00 00 00 00                    call    near GUIcheckbox::GUIcheckbox( GUIrect near *, char near *, int, int, int )
 0523  89 47 49          L426            mov     +49H[edi],eax
 0526  b8 85 00 00 00                    mov     eax,00000085H
 052b  83 c5 0a                          add     ebp,0000000aH
 052e  e8 00 00 00 00                    call    void near * near operator new( int unsigned )
 0533  85 c0                             test    eax,eax
 0535  74 11                             je      L427
 0537  6a 00                             push    00000000H
 0539  bb e1 01 00 00                    mov     ebx,offset L137
 053e  55                                push    ebp
 053f  89 fa                             mov     edx,edi
 0541  31 c9                             xor     ecx,ecx
 0543  e8 00 00 00 00                    call    near GUIcheckbox::GUIcheckbox( GUIrect near *, char near *, int, int, int )
 0548  89 47 4d          L427            mov     +4dH[edi],eax
 054b  b8 85 00 00 00                    mov     eax,00000085H
 0550  83 c5 0a                          add     ebp,0000000aH
 0553  e8 00 00 00 00                    call    void near * near operator new( int unsigned )
 0558  85 c0                             test    eax,eax
 055a  74 11                             je      L428
 055c  6a 00                             push    00000000H
 055e  bb e8 01 00 00                    mov     ebx,offset L138
 0563  55                                push    ebp
 0564  89 fa                             mov     edx,edi
 0566  31 c9                             xor     ecx,ecx
 0568  e8 00 00 00 00                    call    near GUIcheckbox::GUIcheckbox( GUIrect near *, char near *, int, int, int )
 056d  c7 47 3d 00 00 00 
       00                L428            mov     dword ptr +3dH[edi],00000000H
 0574  8b 57 29                          mov     edx,+29H[edi]
 0577  89 47 51                          mov     +51H[edi],eax
 057a  89 f8                             mov     eax,edi
 057c  ff 52 20                          call    dword ptr +20H[edx]
 057f  e9 76 01 00 00                    jmp     L439
 0584  b8 4d 00 00 00    L429            mov     eax,0000004dH
 0589  e8 00 00 00 00                    call    void near * near operator new( int unsigned )
 058e  85 c0                             test    eax,eax
 0590  0f 84 64 01 00 00                 je      L439
 0596  8b 54 24 0c                       mov     edx,+0cH[esp]
 059a  8b 52 39                          mov     edx,+39H[edx]
 059d  e8 00 00 00 00                    call    near epane::epane( effectedit near * )
 05a2  89 c2                             mov     edx,eax
 05a4  89 c7                             mov     edi,eax
 05a6  c7 40 29 00 00 00 
       00                                mov     dword ptr +29H[eax],offset void (near * const near __vftbl[])()
 05ad  b8 85 00 00 00                    mov     eax,00000085H
 05b2  bd 05 00 00 00                    mov     ebp,00000005H
 05b7  e8 00 00 00 00                    call    void near * near operator new( int unsigned )
 05bc  85 c0                             test    eax,eax
 05be  74 0f                             je      L430
 05c0  6a 00                             push    00000000H
 05c2  55                                push    ebp
 05c3  bb f3 01 00 00                    mov     ebx,offset L139
 05c8  31 c9                             xor     ecx,ecx
 05ca  e8 00 00 00 00                    call    near GUIcheckbox::GUIcheckbox( GUIrect near *, char near *, int, int, int )
 05cf  89 47 41          L430            mov     +41H[edi],eax
 05d2  b8 85 00 00 00                    mov     eax,00000085H
 05d7  83 c5 0a                          add     ebp,0000000aH
 05da  e8 00 00 00 00                    call    void near * near operator new( int unsigned )
 05df  85 c0                             test    eax,eax
 05e1  74 11                             je      L431
 05e3  6a 00                             push    00000000H
 05e5  bb fa 01 00 00                    mov     ebx,offset L140
 05ea  55                                push    ebp
 05eb  89 fa                             mov     edx,edi
 05ed  31 c9                             xor     ecx,ecx
 05ef  e8 00 00 00 00                    call    near GUIcheckbox::GUIcheckbox( GUIrect near *, char near *, int, int, int )
 05f4  89 47 45          L431            mov     +45H[edi],eax
 05f7  b8 85 00 00 00                    mov     eax,00000085H
 05fc  83 c5 0a                          add     ebp,0000000aH
 05ff  e8 00 00 00 00                    call    void near * near operator new( int unsigned )
 0604  85 c0                             test    eax,eax
 0606  74 11                             je      L432
 0608  6a 00                             push    00000000H
 060a  bb 00 02 00 00                    mov     ebx,offset L141
 060f  55                                push    ebp
 0610  89 fa                             mov     edx,edi
 0612  31 c9                             xor     ecx,ecx
 0614  e8 00 00 00 00                    call    near GUIcheckbox::GUIcheckbox( GUIrect near *, char near *, int, int, int )
 0619  c7 47 3d 00 00 00 
       00                L432            mov     dword ptr +3dH[edi],00000000H
 0620  8b 57 29                          mov     edx,+29H[edi]
 0623  89 47 49                          mov     +49H[edi],eax
 0626  89 f8                             mov     eax,edi
 0628  ff 52 20                          call    dword ptr +20H[edx]
 062b  e9 ca 00 00 00                    jmp     L439
 0630  b8 4d 00 00 00    L433            mov     eax,0000004dH
 0635  e8 00 00 00 00                    call    void near * near operator new( int unsigned )
 063a  85 c0                             test    eax,eax
 063c  0f 84 b8 00 00 00                 je      L439
 0642  8b 54 24 0c                       mov     edx,+0cH[esp]
 0646  8b 52 39                          mov     edx,+39H[edx]
 0649  e8 00 00 00 00                    call    near epane::epane( effectedit near * )
 064e  89 c2                             mov     edx,eax
 0650  89 c7                             mov     edi,eax
 0652  c7 40 29 00 00 00 
       00                                mov     dword ptr +29H[eax],offset void (near * const near __vftbl[])()
 0659  b8 85 00 00 00                    mov     eax,00000085H
 065e  bd 05 00 00 00                    mov     ebp,00000005H
 0663  e8 00 00 00 00                    call    void near * near operator new( int unsigned )
 0668  85 c0                             test    eax,eax
 066a  74 0f                             je      L434
 066c  6a 00                             push    00000000H
 066e  55                                push    ebp
 066f  bb 06 02 00 00                    mov     ebx,offset L142
 0674  31 c9                             xor     ecx,ecx
 0676  e8 00 00 00 00                    call    near GUIcheckbox::GUIcheckbox( GUIrect near *, char near *, int, int, int )
 067b  89 47 41          L434            mov     +41H[edi],eax
 067e  b8 85 00 00 00                    mov     eax,00000085H
 0683  83 c5 0a                          add     ebp,0000000aH
 0686  e8 00 00 00 00                    call    void near * near operator new( int unsigned )
 068b  85 c0                             test    eax,eax
 068d  74 11                             je      L435
 068f  6a 00                             push    00000000H
 0691  bb 12 02 00 00                    mov     ebx,offset L143
 0696  55                                push    ebp
 0697  89 fa                             mov     edx,edi
 0699  31 c9                             xor     ecx,ecx
 069b  e8 00 00 00 00                    call    near GUIcheckbox::GUIcheckbox( GUIrect near *, char near *, int, int, int )
 06a0  89 47 45          L435            mov     +45H[edi],eax
 06a3  b8 85 00 00 00                    mov     eax,00000085H
 06a8  83 c5 0a                          add     ebp,0000000aH
 06ab  e8 00 00 00 00                    call    void near * near operator new( int unsigned )
 06b0  85 c0                             test    eax,eax
 06b2  74 11                             je      L436
 06b4  6a 00                             push    00000000H
 06b6  bb 1d 02 00 00                    mov     ebx,offset L144
 06bb  55                                push    ebp
 06bc  89 fa                             mov     edx,edi
 06be  31 c9                             xor     ecx,ecx
 06c0  e8 00 00 00 00                    call    near GUIcheckbox::GUIcheckbox( GUIrect near *, char near *, int, int, int )
 06c5  c7 47 3d 00 00 00 
       00                L436            mov     dword ptr +3dH[edi],00000000H
 06cc  8b 57 29                          mov     edx,+29H[edi]
 06cf  89 47 49                          mov     +49H[edi],eax
 06d2  89 f8                             mov     eax,edi
 06d4  ff 52 20                          call    dword ptr +20H[edx]
 06d7  eb 21                             jmp     L439
 06d9  8a 43 01          L437            mov     al,+1H[ebx]
 06dc  24 07                             and     al,07H
 06de  3c 01                             cmp     al,01H
 06e0  72 10                             jb      L438
 06e2  0f 86 9c fe ff ff                 jbe     L429
 06e8  3c 02                             cmp     al,02H
 06ea  0f 84 40 ff ff ff                 je      L433
 06f0  eb 08                             jmp     L439
 06f2  84 c0             L438            test    al,al
 06f4  0f 84 94 fd ff ff                 je      L423
 06fa  8b 44 24 0c       L439            mov     eax,+0cH[esp]
 06fe  8b 48 35                          mov     ecx,+35H[eax]
 0701  85 c9                             test    ecx,ecx
 0703  74 33                             je      L440
 0705  8b 5c 24 0c                       mov     ebx,+0cH[esp]
 0709  ba 00 80 00 00                    mov     edx,00008000H
 070e  8b 79 29                          mov     edi,+29H[ecx]
 0711  8b 5b 3d                          mov     ebx,+3dH[ebx]
 0714  89 c8                             mov     eax,ecx
 0716  83 c3 0e                          add     ebx,0000000eH
 0719  ff 57 10                          call    dword ptr +10H[edi]
 071c  8b 44 24 0c                       mov     eax,+0cH[esp]
 0720  bf 01 00 00 00                    mov     edi,00000001H
 0725  ba 28 02 00 00                    mov     edx,offset L145
 072a  8b 40 5d                          mov     eax,+5dH[eax]
 072d  89 3d 00 00 00 00                 mov     int near e_region_edit::showingflags,edi
 0733  e8 00 00 00 00                    call    void near GUItextbutton::settext( char near * )
 0738  8b 04 24          L440            mov     eax,[esp]
 073b  3b 46 59                          cmp     eax,+59H[esi]
 073e  0f 85 81 02 00 00                 jne     L456
 0744  83 7c 24 04 01                    cmp     dword ptr +4H[esp],00000001H
 0749  0f 85 76 02 00 00                 jne     L456
 074f  83 3d 00 00 00 00 
       00                                cmp     dword ptr int near e_region_edit::showingeffects,00000000H
 0756  74 5b                             je      L443
 0758  8b 4e 35                          mov     ecx,+35H[esi]
 075b  89 f3                             mov     ebx,esi
 075d  85 c9                             test    ecx,ecx
 075f  74 0e                             je      L441
 0761  89 c8                             mov     eax,ecx
 0763  74 0a                             je      L441
 0765  8b 71 29                          mov     esi,+29H[ecx]
 0768  ba 02 00 00 00                    mov     edx,00000002H
 076d  ff 16                             call    dword ptr [esi]
 076f  83 3d 00 00 00 00 
       00                L441            cmp     dword ptr int near e_region_edit::showingflags,00000000H
 0776  74 15                             je      L442
 0778  ba b0 01 00 00                    mov     edx,offset L132
 077d  8b 43 5d                          mov     eax,+5dH[ebx]
 0780  31 ff                             xor     edi,edi
 0782  e8 00 00 00 00                    call    void near GUItextbutton::settext( char near * )
 0787  89 3d 00 00 00 00                 mov     int near e_region_edit::showingflags,edi
 078d  83 3d 00 00 00 00 
       00                L442            cmp     dword ptr int near e_region_edit::showingeffects,00000000H
 0794  0f 84 2b 02 00 00                 je      L456
 079a  ba b8 01 00 00                    mov     edx,offset L133
 079f  8b 43 59                          mov     eax,+59H[ebx]
 07a2  e8 00 00 00 00                    call    void near GUItextbutton::settext( char near * )
 07a7  31 c0                             xor     eax,eax
 07a9  a3 00 00 00 00                    mov     int near e_region_edit::showingeffects,eax
 07ae  e9 12 02 00 00                    jmp     L456
 07b3  8b 5e 35          L443            mov     ebx,+35H[esi]
 07b6  89 f7                             mov     edi,esi
 07b8  85 db                             test    ebx,ebx
 07ba  74 53                             je      L446
 07bc  8b 4e 35                          mov     ecx,+35H[esi]
 07bf  89 f3                             mov     ebx,esi
 07c1  85 c9                             test    ecx,ecx
 07c3  74 0e                             je      L444
 07c5  89 c8                             mov     eax,ecx
 07c7  74 0a                             je      L444
 07c9  8b 71 29                          mov     esi,+29H[ecx]
 07cc  ba 02 00 00 00                    mov     edx,00000002H
 07d1  ff 16                             call    dword ptr [esi]
 07d3  83 3d 00 00 00 00 
       00                L444            cmp     dword ptr int near e_region_edit::showingflags,00000000H
 07da  74 15                             je      L445
 07dc  ba b0 01 00 00                    mov     edx,offset L132
 07e1  8b 43 5d                          mov     eax,+5dH[ebx]
 07e4  31 ed                             xor     ebp,ebp
 07e6  e8 00 00 00 00                    call    void near GUItextbutton::settext( char near * )
 07eb  89 2d 00 00 00 00                 mov     int near e_region_edit::showingflags,ebp
 07f1  83 3d 00 00 00 00 
       00                L445            cmp     dword ptr int near e_region_edit::showingeffects,00000000H
 07f8  74 15                             je      L446
 07fa  ba b8 01 00 00                    mov     edx,offset L133
 07ff  8b 43 59                          mov     eax,+59H[ebx]
 0802  e8 00 00 00 00                    call    void near GUItextbutton::settext( char near * )
 0807  31 d2                             xor     edx,edx
 0809  89 15 00 00 00 00                 mov     int near e_region_edit::showingeffects,edx
 080f  83 7f 3d 00       L446            cmp     dword ptr +3dH[edi],00000000H
 0813  0f 84 ac 01 00 00                 je      L456
 0819  b8 61 00 00 00                    mov     eax,00000061H
 081e  e8 00 00 00 00                    call    void near * near operator new( int unsigned )
 0823  85 c0                             test    eax,eax
 0825  0f 84 6d 01 00 00                 je      L455
 082b  8b 57 39                          mov     edx,+39H[edi]
 082e  e8 00 00 00 00                    call    near epane::epane( effectedit near * )
 0833  c7 40 3d 00 00 00 
       00                                mov     dword ptr +3dH[eax],00000000H
 083a  c7 40 29 00 00 00 
       00                                mov     dword ptr +29H[eax],offset void (near * const near __vftbl[])()
 0841  89 c2                             mov     edx,eax
 0843  c7 40 5d 00 00 00 
       00                                mov     dword ptr +5dH[eax],00000000H
 084a  89 c6                             mov     esi,eax
 084c  8b 40 5d                          mov     eax,+5dH[eax]
 084f  89 42 59                          mov     +59H[edx],eax
 0852  b8 81 00 00 00                    mov     eax,00000081H
 0857  e8 00 00 00 00                    call    void near * near operator new( int unsigned )
 085c  85 c0                             test    eax,eax
 085e  74 13                             je      L447
 0860  6a 05                             push    00000005H
 0862  6a 05                             push    00000005H
 0864  b9 30 02 00 00                    mov     ecx,offset L146
 0869  bb 01 00 00 00                    mov     ebx,00000001H
 086e  e8 00 00 00 00                    call    near GUIstatictext::GUIstatictext( GUIrect near *, int, char near *, int, int )
 0873  b8 59 00 00 00    L447            mov     eax,00000059H
 0878  e8 00 00 00 00                    call    void near * near operator new( int unsigned )
 087d  85 c0                             test    eax,eax
 087f  74 28                             je      L448
 0881  8b 56 21                          mov     edx,+21H[esi]
 0884  8b 4e 19                          mov     ecx,+19H[esi]
 0887  6a 0a                             push    0000000aH
 0889  29 ca                             sub     edx,ecx
 088b  6a 03                             push    00000003H
 088d  83 ea 0a                          sub     edx,0000000aH
 0890  bb 05 00 00 00                    mov     ebx,00000005H
 0895  52                                push    edx
 0896  b9 0f 00 00 00                    mov     ecx,0000000fH
 089b  89 f2                             mov     edx,esi
 089d  e8 00 00 00 00                    call    near GUIlistbox::GUIlistbox( GUIrect near *, int, int, int, int, int )
 08a2  c7 40 29 00 00 00 
       00                                mov     dword ptr +29H[eax],offset void (near * const near __vftbl[])()
 08a9  89 46 41          L448            mov     +41H[esi],eax
 08ac  b8 8a 00 00 00                    mov     eax,0000008aH
 08b1  e8 00 00 00 00                    call    void near * near operator new( int unsigned )
 08b6  85 c0                             test    eax,eax
 08b8  74 13                             je      L449
 08ba  6a 30                             push    00000030H
 08bc  b9 14 00 00 00                    mov     ecx,00000014H
 08c1  bb 37 02 00 00                    mov     ebx,offset L147
 08c6  89 f2                             mov     edx,esi
 08c8  e8 00 00 00 00                    call    near GUItextbutton::GUItextbutton( GUIrect near *, char near *, int, int )
 08cd  89 46 49          L449            mov     +49H[esi],eax
 08d0  b8 8a 00 00 00                    mov     eax,0000008aH
 08d5  e8 00 00 00 00                    call    void near * near operator new( int unsigned )
 08da  85 c0                             test    eax,eax
 08dc  74 13                             je      L450
 08de  6a 30                             push    00000030H
 08e0  b9 3c 00 00 00                    mov     ecx,0000003cH
 08e5  bb 3b 02 00 00                    mov     ebx,offset L148
 08ea  89 f2                             mov     edx,esi
 08ec  e8 00 00 00 00                    call    near GUItextbutton::GUItextbutton( GUIrect near *, char near *, int, int )
 08f1  89 46 4d          L450            mov     +4dH[esi],eax
 08f4  b8 81 00 00 00                    mov     eax,00000081H
 08f9  e8 00 00 00 00                    call    void near * near operator new( int unsigned )
 08fe  85 c0                             test    eax,eax
 0900  74 15                             je      L451
 0902  6a 3e                             push    0000003eH
 0904  b9 42 02 00 00                    mov     ecx,offset L149
 0909  6a 05                             push    00000005H
 090b  bb 01 00 00 00                    mov     ebx,00000001H
 0910  89 f2                             mov     edx,esi
 0912  e8 00 00 00 00                    call    near GUIstatictext::GUIstatictext( GUIrect near *, int, char near *, int, int )
 0917  b8 59 00 00 00    L451            mov     eax,00000059H
 091c  e8 00 00 00 00                    call    void near * near operator new( int unsigned )
 0921  85 c0                             test    eax,eax
 0923  74 28                             je      L452
 0925  8b 56 21                          mov     edx,+21H[esi]
 0928  8b 6e 19                          mov     ebp,+19H[esi]
 092b  6a 0a                             push    0000000aH
 092d  29 ea                             sub     edx,ebp
 092f  6a 03                             push    00000003H
 0931  83 ea 0a                          sub     edx,0000000aH
 0934  b9 48 00 00 00                    mov     ecx,00000048H
 0939  52                                push    edx
 093a  bb 05 00 00 00                    mov     ebx,00000005H
 093f  89 f2                             mov     edx,esi
 0941  e8 00 00 00 00                    call    near GUIlistbox::GUIlistbox( GUIrect near *, int, int, int, int, int )
 0946  c7 40 29 00 00 00 
       00                                mov     dword ptr +29H[eax],offset void (near * const near __vftbl[])()
 094d  89 46 45          L452            mov     +45H[esi],eax
 0950  b8 8a 00 00 00                    mov     eax,0000008aH
 0955  e8 00 00 00 00                    call    void near * near operator new( int unsigned )
 095a  85 c0                             test    eax,eax
 095c  74 13                             je      L453
 095e  6a 69                             push    00000069H
 0960  b9 14 00 00 00                    mov     ecx,00000014H
 0965  bb 4a 02 00 00                    mov     ebx,offset L150
 096a  89 f2                             mov     edx,esi
 096c  e8 00 00 00 00                    call    near GUItextbutton::GUItextbutton( GUIrect near *, char near *, int, int )
 0971  89 46 51          L453            mov     +51H[esi],eax
 0974  b8 8a 00 00 00                    mov     eax,0000008aH
 0979  e8 00 00 00 00                    call    void near * near operator new( int unsigned )
 097e  85 c0                             test    eax,eax
 0980  74 13                             je      L454
 0982  6a 69                             push    00000069H
 0984  b9 3c 00 00 00                    mov     ecx,0000003cH
 0989  bb 4e 02 00 00                    mov     ebx,offset L151
 098e  89 f2                             mov     edx,esi
 0990  e8 00 00 00 00                    call    near GUItextbutton::GUItextbutton( GUIrect near *, char near *, int, int )
 0995  89 46 55          L454            mov     +55H[esi],eax
 0998  8b 47 35          L455            mov     eax,+35H[edi]
 099b  85 c0                             test    eax,eax
 099d  74 26                             je      L456
 099f  8b 70 29                          mov     esi,+29H[eax]
 09a2  ba 00 80 00 00                    mov     edx,00008000H
 09a7  8b 5f 3d                          mov     ebx,+3dH[edi]
 09aa  ff 56 10                          call    dword ptr +10H[esi]
 09ad  ba 01 00 00 00                    mov     edx,00000001H
 09b2  8b 47 59                          mov     eax,+59H[edi]
 09b5  89 15 00 00 00 00                 mov     int near e_region_edit::showingeffects,edx
 09bb  ba 55 02 00 00                    mov     edx,offset L152
 09c0  e8 00 00 00 00                    call    void near GUItextbutton::settext( char near * )
 09c5  b8 01 00 00 00    L456            mov     eax,00000001H
 09ca  83 c4 10                          add     esp,00000010H
 09cd  5d                                pop     ebp
 09ce  5f                                pop     edi
 09cf  5e                                pop     esi
 09d0  59                                pop     ecx
 09d1  c3                                ret     
 09d2  8b c0                             mov     eax,eax

No disassembly errors

------------------------------------------------------------

Comdat: char near * near e_region_edit::getname()  SEGMENT ANY '_TEXT'  00000008 bytes  
 0000  b8 75 02 00 00                    mov     eax,offset L155
 0005  c3                                ret     
 0006  8b c0                             mov     eax,eax

No disassembly errors

------------------------------------------------------------

Comdat: void near e_region_edit::draweffect( char near * )  SEGMENT ANY '_TEXT'  00000018 bytes  
 0000  53                                push    ebx
 0001  83 78 3d 00                       cmp     dword ptr +3dH[eax],00000000H
 0005  74 0e                             je      L457
 0007  8b 58 39                          mov     ebx,+39H[eax]
 000a  8b 5b 39                          mov     ebx,+39H[ebx]
 000d  8b 40 3d                          mov     eax,+3dH[eax]
 0010  e8 00 00 00 00                    call    void near e_region::draw( char near *, object near * )
 0015  5b                L457            pop     ebx
 0016  c3                                ret     
 0017  90                                nop     

No disassembly errors

------------------------------------------------------------

Comdat: GUIrect near * near e_region_edit::click( mouse near & )  SEGMENT ANY '_TEXT'  000000ac bytes  
 0000  53                                push    ebx
 0001  51                                push    ecx
 0002  56                                push    esi
 0003  57                                push    edi
 0004  55                                push    ebp
 0005  83 ec 04                          sub     esp,00000004H
 0008  89 c1                             mov     ecx,eax
 000a  89 d7                             mov     edi,edx
 000c  8b 40 39                          mov     eax,+39H[eax]
 000f  8b 5a 14                          mov     ebx,+14H[edx]
 0012  8b 70 35                          mov     esi,+35H[eax]
 0015  8b 52 10                          mov     edx,+10H[edx]
 0018  8b 40 39                          mov     eax,+39H[eax]
 001b  8b 6e 29                          mov     ebp,+29H[esi]
 001e  89 04 24                          mov     [esp],eax
 0021  89 f0                             mov     eax,esi
 0023  ff 55 04                          call    dword ptr +4H[ebp]
 0026  85 c0                             test    eax,eax
 0028  75 19                             jne     L459
 002a  8b 51 35                          mov     edx,+35H[ecx]
 002d  85 d2                             test    edx,edx
 002f  74 0e                             je      L458
 0031  89 d0                             mov     eax,edx
 0033  74 0a                             je      L458
 0035  8b 5a 29                          mov     ebx,+29H[edx]
 0038  ba 02 00 00 00                    mov     edx,00000002H
 003d  ff 13                             call    dword ptr [ebx]
 003f  31 c0             L458            xor     eax,eax
 0041  eb 5e                             jmp     L460
 0043  8d 41 49          L459            lea     eax,+49H[ecx]
 0046  66 c7 00 00 00                    mov     word ptr [eax],0000H
 004b  83 c0 06                          add     eax,00000006H
 004e  66 c7 40 fc 00 00                 mov     word ptr -4H[eax],0000H
 0054  66 c7 40 fe 00 00                 mov     word ptr -2H[eax],0000H
 005a  66 c7 40 02 00 00                 mov     word ptr +2H[eax],0000H
 0060  66 c7 40 04 00 00                 mov     word ptr +4H[eax],0000H
 0066  66 c7 00 00 00                    mov     word ptr [eax],0000H
 006b  8b 04 24                          mov     eax,[esp]
 006e  8b 57 10                          mov     edx,+10H[edi]
 0071  8b 5e 19                          mov     ebx,+19H[esi]
 0074  8b 40 30                          mov     eax,+30H[eax]
 0077  29 da                             sub     edx,ebx
 0079  c1 f8 10                          sar     eax,10H
 007c  29 c2                             sub     edx,eax
 007e  66 89 51 49                       mov     +49H[ecx],dx
 0082  8b 04 24                          mov     eax,[esp]
 0085  8b 57 14                          mov     edx,+14H[edi]
 0088  8b 40 34                          mov     eax,+34H[eax]
 008b  8b 7e 1d                          mov     edi,+1dH[esi]
 008e  c1 f8 10                          sar     eax,10H
 0091  29 fa                             sub     edx,edi
 0093  66 c7 41 4b fb ff                 mov     word ptr +4bH[ecx],0fffbH
 0099  29 c2                             sub     edx,eax
 009b  89 c8                             mov     eax,ecx
 009d  66 89 51 4d                       mov     +4dH[ecx],dx
 00a1  83 c4 04          L460            add     esp,00000004H
 00a4  5d                                pop     ebp
 00a5  5f                                pop     edi
 00a6  5e                                pop     esi
 00a7  59                                pop     ecx
 00a8  5b                                pop     ebx
 00a9  c3                                ret     
 00aa  8b c0                             mov     eax,eax

No disassembly errors

------------------------------------------------------------

Comdat: int near e_region_edit::drag( mouse near & )  SEGMENT ANY '_TEXT'  00000114 bytes  
 0000  53                                push    ebx
 0001  51                                push    ecx
 0002  56                                push    esi
 0003  57                                push    edi
 0004  55                                push    ebp
 0005  83 ec 50                          sub     esp,00000050H
 0008  89 c3                             mov     ebx,eax
 000a  8b 40 39                          mov     eax,+39H[eax]
 000d  8b 48 35                          mov     ecx,+35H[eax]
 0010  8b 70 39                          mov     esi,+39H[eax]
 0013  8b 42 10                          mov     eax,+10H[edx]
 0016  2b 41 19                          sub     eax,+19H[ecx]
 0019  8b 7e 30                          mov     edi,+30H[esi]
 001c  c1 ff 10                          sar     edi,10H
 001f  29 f8                             sub     eax,edi
 0021  66 89 43 4f                       mov     +4fH[ebx],ax
 0025  8b 52 14                          mov     edx,+14H[edx]
 0028  8b 46 34                          mov     eax,+34H[esi]
 002b  8b 69 1d                          mov     ebp,+1dH[ecx]
 002e  c1 f8 10                          sar     eax,10H
 0031  29 ea                             sub     edx,ebp
 0033  66 c7 43 51 05 00                 mov     word ptr +51H[ebx],0005H
 0039  29 c2                             sub     edx,eax
 003b  8b 73 3d                          mov     esi,+3dH[ebx]
 003e  66 89 53 53                       mov     +53H[ebx],dx
 0042  8d 7e 02                          lea     edi,+2H[esi]
 0045  8d 73 49                          lea     esi,+49H[ebx]
 0048  a5                                movsd   
 0049  a5                                movsd   
 004a  a5                                movsd   
 004b  8b 53 3d                          mov     edx,+3dH[ebx]
 004e  83 c2 02                          add     edx,00000002H
 0051  66 8b 0a                          mov     cx,[edx]
 0054  66 8b 72 06                       mov     si,+6H[edx]
 0058  89 d0                             mov     eax,edx
 005a  66 39 f1                          cmp     cx,si
 005d  7e 0d                             jle     L461
 005f  8b 72 04                          mov     esi,+4H[edx]
 0062  c1 fe 10                          sar     esi,10H
 0065  66 89 4a 06                       mov     +6H[edx],cx
 0069  66 89 32                          mov     [edx],si
 006c  66 8b 50 04       L461            mov     dx,+4H[eax]
 0070  66 3b 50 0a                       cmp     dx,+0aH[eax]
 0074  7e 0e                             jle     L462
 0076  8b 48 08                          mov     ecx,+8H[eax]
 0079  c1 f9 10                          sar     ecx,10H
 007c  66 89 50 0a                       mov     +0aH[eax],dx
 0080  66 89 48 04                       mov     +4H[eax],cx
 0084  66 8b 50 02       L462            mov     dx,+2H[eax]
 0088  66 3b 50 08                       cmp     dx,+8H[eax]
 008c  7e 0e                             jle     L463
 008e  8b 48 06                          mov     ecx,+6H[eax]
 0091  c1 f9 10                          sar     ecx,10H
 0094  66 89 50 08                       mov     +8H[eax],dx
 0098  66 89 48 02                       mov     +2H[eax],cx
 009c  8b 43 3d          L463            mov     eax,+3dH[ebx]
 009f  8b 50 02                          mov     edx,+2H[eax]
 00a2  c1 fa 10                          sar     edx,10H
 00a5  52                                push    edx
 00a6  8b 50 04                          mov     edx,+4H[eax]
 00a9  c1 fa 10                          sar     edx,10H
 00ac  8b 00                             mov     eax,[eax]
 00ae  52                                push    edx
 00af  c1 f8 10                          sar     eax,10H
 00b2  50                                push    eax
 00b3  68 5f 02 00 00                    push    offset L153
 00b8  8d 44 24 10                       lea     eax,+10H[esp]
 00bc  50                                push    eax
 00bd  e8 00 00 00 00                    call    sprintf_
 00c2  83 c4 14                          add     esp,00000014H
 00c5  89 e2                             mov     edx,esp
 00c7  8b 43 61                          mov     eax,+61H[ebx]
 00ca  e8 00 00 00 00                    call    void near GUIstatictext::settext( char near * )
 00cf  8b 43 3d                          mov     eax,+3dH[ebx]
 00d2  8b 50 08                          mov     edx,+8H[eax]
 00d5  c1 fa 10                          sar     edx,10H
 00d8  52                                push    edx
 00d9  8b 50 0a                          mov     edx,+0aH[eax]
 00dc  c1 fa 10                          sar     edx,10H
 00df  8b 40 06                          mov     eax,+6H[eax]
 00e2  52                                push    edx
 00e3  c1 f8 10                          sar     eax,10H
 00e6  50                                push    eax
 00e7  68 6a 02 00 00                    push    offset L154
 00ec  8d 44 24 10                       lea     eax,+10H[esp]
 00f0  50                                push    eax
 00f1  e8 00 00 00 00                    call    sprintf_
 00f6  83 c4 14                          add     esp,00000014H
 00f9  89 e2                             mov     edx,esp
 00fb  8b 43 65                          mov     eax,+65H[ebx]
 00fe  e8 00 00 00 00                    call    void near GUIstatictext::settext( char near * )
 0103  b8 01 00 00 00                    mov     eax,00000001H
 0108  83 c4 50                          add     esp,00000050H
 010b  5d                                pop     ebp
 010c  5f                                pop     edi
 010d  5e                                pop     esi
 010e  59                                pop     ecx
 010f  5b                                pop     ebx
 0110  c3                                ret     
 0111  8d 40 00                          lea     eax,+0H[eax]

No disassembly errors

------------------------------------------------------------

Comdat: int near e_region_edit::release( mouse near & )  SEGMENT ANY '_TEXT'  00000006 bytes  
 0000  b8 01 00 00 00                    mov     eax,00000001H
 0005  c3                                ret     

No disassembly errors

------------------------------------------------------------

Comdat: near e_region_edit::~e_region_edit()  SEGMENT ANY '_TEXT'  000000b8 bytes  
 0000  53                                push    ebx
 0001  51                                push    ecx
 0002  56                                push    esi
 0003  57                                push    edi
 0004  55                                push    ebp
 0005  83 ec 08                          sub     esp,00000008H
 0008  89 c1                             mov     ecx,eax
 000a  89 54 24 04                       mov     +4H[esp],edx
 000e  f6 44 24 04 04                    test    byte ptr +4H[esp],04H
 0013  74 16                             je      L464
 0015  ba 00 00 00 00                    mov     edx,offset char unsigned const near __typesig[]
 001a  89 c8                             mov     eax,ecx
 001c  e8 00 00 00 00                    call    __wcpp_2_dtor_array_store__
 0021  e8 00 00 00 00                    call    void near operator delete []( void near * )
 0026  e9 81 00 00 00                    jmp     L470
 002b  ba 01 00 00 00    L464            mov     edx,00000001H
 0030  c7 41 29 00 00 00 
       00                                mov     dword ptr +29H[ecx],offset void (near * const near __vftbl[])()
 0037  89 cb                             mov     ebx,ecx
 0039  8b 71 2d                          mov     esi,+2dH[ecx]
 003c  89 14 24                          mov     [esp],edx
 003f  85 f6                             test    esi,esi
 0041  74 3c                             je      L468
 0043  8b 79 35                          mov     edi,+35H[ecx]
 0046  85 ff                             test    edi,edi
 0048  74 0e                             je      L465
 004a  89 f8                             mov     eax,edi
 004c  74 0a                             je      L465
 004e  8b 4f 29                          mov     ecx,+29H[edi]
 0051  ba 02 00 00 00                    mov     edx,00000002H
 0056  ff 11                             call    dword ptr [ecx]
 0058  8b 6b 31          L465            mov     ebp,+31H[ebx]
 005b  85 ed                             test    ebp,ebp
 005d  74 09                             je      L466
 005f  c7 45 35 00 00 00 
       00                                mov     dword ptr +35H[ebp],00000000H
 0066  eb 06                             jmp     L467
 0068  8b 43 2d          L466            mov     eax,+2dH[ebx]
 006b  89 68 2d                          mov     +2dH[eax],ebp
 006e  8b 4b 2d          L467            mov     ecx,+2dH[ebx]
 0071  8b 43 31                          mov     eax,+31H[ebx]
 0074  89 41 31                          mov     +31H[ecx],eax
 0077  8b 43 2d                          mov     eax,+2dH[ebx]
 007a  e8 00 00 00 00                    call    void near panelist::refreshsize()
 007f  ba 01 00 00 00    L468            mov     edx,00000001H
 0084  89 d8                             mov     eax,ebx
 0086  e8 00 00 00 00                    call    near GUIrect::~GUIrect()
 008b  8a 14 24                          mov     dl,[esp]
 008e  89 c3                             mov     ebx,eax
 0090  f6 c2 02                          test    dl,02H
 0093  74 05                             je      L469
 0095  e8 00 00 00 00                    call    void near operator delete( void near * )
 009a  8a 74 24 04       L469            mov     dh,+4H[esp]
 009e  89 d9                             mov     ecx,ebx
 00a0  f6 c6 02                          test    dh,02H
 00a3  74 07                             je      L470
 00a5  89 d8                             mov     eax,ebx
 00a7  e8 00 00 00 00                    call    void near operator delete( void near * )
 00ac  89 c8             L470            mov     eax,ecx
 00ae  83 c4 08                          add     esp,00000008H
 00b1  5d                                pop     ebp
 00b2  5f                                pop     edi
 00b3  5e                                pop     esi
 00b4  59                                pop     ecx
 00b5  5b                                pop     ebx
 00b6  c3                                ret     
 00b7  90                                nop     

No disassembly errors

------------------------------------------------------------

Comdat: near regioneffectlist::~regioneffectlist()  SEGMENT ANY '_TEXT'  000000b8 bytes  
 0000  53                                push    ebx
 0001  51                                push    ecx
 0002  56                                push    esi
 0003  57                                push    edi
 0004  55                                push    ebp
 0005  83 ec 08                          sub     esp,00000008H
 0008  89 c1                             mov     ecx,eax
 000a  89 54 24 04                       mov     +4H[esp],edx
 000e  f6 44 24 04 04                    test    byte ptr +4H[esp],04H
 0013  74 16                             je      L471
 0015  ba 00 00 00 00                    mov     edx,offset char unsigned const near __typesig[]
 001a  89 c8                             mov     eax,ecx
 001c  e8 00 00 00 00                    call    __wcpp_2_dtor_array_store__
 0021  e8 00 00 00 00                    call    void near operator delete []( void near * )
 0026  e9 81 00 00 00                    jmp     L477
 002b  ba 01 00 00 00    L471            mov     edx,00000001H
 0030  c7 41 29 00 00 00 
       00                                mov     dword ptr +29H[ecx],offset void (near * const near __vftbl[])()
 0037  89 cb                             mov     ebx,ecx
 0039  8b 71 2d                          mov     esi,+2dH[ecx]
 003c  89 14 24                          mov     [esp],edx
 003f  85 f6                             test    esi,esi
 0041  74 3c                             je      L475
 0043  8b 79 35                          mov     edi,+35H[ecx]
 0046  85 ff                             test    edi,edi
 0048  74 0e                             je      L472
 004a  89 f8                             mov     eax,edi
 004c  74 0a                             je      L472
 004e  8b 4f 29                          mov     ecx,+29H[edi]
 0051  ba 02 00 00 00                    mov     edx,00000002H
 0056  ff 11                             call    dword ptr [ecx]
 0058  8b 6b 31          L472            mov     ebp,+31H[ebx]
 005b  85 ed                             test    ebp,ebp
 005d  74 09                             je      L473
 005f  c7 45 35 00 00 00 
       00                                mov     dword ptr +35H[ebp],00000000H
 0066  eb 06                             jmp     L474
 0068  8b 43 2d          L473            mov     eax,+2dH[ebx]
 006b  89 68 2d                          mov     +2dH[eax],ebp
 006e  8b 4b 2d          L474            mov     ecx,+2dH[ebx]
 0071  8b 43 31                          mov     eax,+31H[ebx]
 0074  89 41 31                          mov     +31H[ecx],eax
 0077  8b 43 2d                          mov     eax,+2dH[ebx]
 007a  e8 00 00 00 00                    call    void near panelist::refreshsize()
 007f  ba 01 00 00 00    L475            mov     edx,00000001H
 0084  89 d8                             mov     eax,ebx
 0086  e8 00 00 00 00                    call    near GUIrect::~GUIrect()
 008b  8a 14 24                          mov     dl,[esp]
 008e  89 c3                             mov     ebx,eax
 0090  f6 c2 02                          test    dl,02H
 0093  74 05                             je      L476
 0095  e8 00 00 00 00                    call    void near operator delete( void near * )
 009a  8a 74 24 04       L476            mov     dh,+4H[esp]
 009e  89 d9                             mov     ecx,ebx
 00a0  f6 c6 02                          test    dh,02H
 00a3  74 07                             je      L477
 00a5  89 d8                             mov     eax,ebx
 00a7  e8 00 00 00 00                    call    void near operator delete( void near * )
 00ac  89 c8             L477            mov     eax,ecx
 00ae  83 c4 08                          add     esp,00000008H
 00b1  5d                                pop     ebp
 00b2  5f                                pop     edi
 00b3  5e                                pop     esi
 00b4  59                                pop     ecx
 00b5  5b                                pop     ebx
 00b6  c3                                ret     
 00b7  90                                nop     

No disassembly errors

------------------------------------------------------------

Comdat: near attackflags::~attackflags()  SEGMENT ANY '_TEXT'  000000b8 bytes  
 0000  53                                push    ebx
 0001  51                                push    ecx
 0002  56                                push    esi
 0003  57                                push    edi
 0004  55                                push    ebp
 0005  83 ec 08                          sub     esp,00000008H
 0008  89 c1                             mov     ecx,eax
 000a  89 54 24 04                       mov     +4H[esp],edx
 000e  f6 44 24 04 04                    test    byte ptr +4H[esp],04H
 0013  74 16                             je      L478
 0015  ba 00 00 00 00                    mov     edx,offset char unsigned const near __typesig[]
 001a  89 c8                             mov     eax,ecx
 001c  e8 00 00 00 00                    call    __wcpp_2_dtor_array_store__
 0021  e8 00 00 00 00                    call    void near operator delete []( void near * )
 0026  e9 81 00 00 00                    jmp     L484
 002b  ba 01 00 00 00    L478            mov     edx,00000001H
 0030  c7 41 29 00 00 00 
       00                                mov     dword ptr +29H[ecx],offset void (near * const near __vftbl[])()
 0037  89 cb                             mov     ebx,ecx
 0039  8b 71 2d                          mov     esi,+2dH[ecx]
 003c  89 14 24                          mov     [esp],edx
 003f  85 f6                             test    esi,esi
 0041  74 3c                             je      L482
 0043  8b 79 35                          mov     edi,+35H[ecx]
 0046  85 ff                             test    edi,edi
 0048  74 0e                             je      L479
 004a  89 f8                             mov     eax,edi
 004c  74 0a                             je      L479
 004e  8b 4f 29                          mov     ecx,+29H[edi]
 0051  ba 02 00 00 00                    mov     edx,00000002H
 0056  ff 11                             call    dword ptr [ecx]
 0058  8b 6b 31          L479            mov     ebp,+31H[ebx]
 005b  85 ed                             test    ebp,ebp
 005d  74 09                             je      L480
 005f  c7 45 35 00 00 00 
       00                                mov     dword ptr +35H[ebp],00000000H
 0066  eb 06                             jmp     L481
 0068  8b 43 2d          L480            mov     eax,+2dH[ebx]
 006b  89 68 2d                          mov     +2dH[eax],ebp
 006e  8b 4b 2d          L481            mov     ecx,+2dH[ebx]
 0071  8b 43 31                          mov     eax,+31H[ebx]
 0074  89 41 31                          mov     +31H[ecx],eax
 0077  8b 43 2d                          mov     eax,+2dH[ebx]
 007a  e8 00 00 00 00                    call    void near panelist::refreshsize()
 007f  ba 01 00 00 00    L482            mov     edx,00000001H
 0084  89 d8                             mov     eax,ebx
 0086  e8 00 00 00 00                    call    near GUIrect::~GUIrect()
 008b  8a 14 24                          mov     dl,[esp]
 008e  89 c3                             mov     ebx,eax
 0090  f6 c2 02                          test    dl,02H
 0093  74 05                             je      L483
 0095  e8 00 00 00 00                    call    void near operator delete( void near * )
 009a  8a 74 24 04       L483            mov     dh,+4H[esp]
 009e  89 d9                             mov     ecx,ebx
 00a0  f6 c6 02                          test    dh,02H
 00a3  74 07                             je      L484
 00a5  89 d8                             mov     eax,ebx
 00a7  e8 00 00 00 00                    call    void near operator delete( void near * )
 00ac  89 c8             L484            mov     eax,ecx
 00ae  83 c4 08                          add     esp,00000008H
 00b1  5d                                pop     ebp
 00b2  5f                                pop     edi
 00b3  5e                                pop     esi
 00b4  59                                pop     ecx
 00b5  5b                                pop     ebx
 00b6  c3                                ret     
 00b7  90                                nop     

No disassembly errors

------------------------------------------------------------

Comdat: near vulnflags::~vulnflags()  SEGMENT ANY '_TEXT'  000000b8 bytes  
 0000  53                                push    ebx
 0001  51                                push    ecx
 0002  56                                push    esi
 0003  57                                push    edi
 0004  55                                push    ebp
 0005  83 ec 08                          sub     esp,00000008H
 0008  89 c1                             mov     ecx,eax
 000a  89 54 24 04                       mov     +4H[esp],edx
 000e  f6 44 24 04 04                    test    byte ptr +4H[esp],04H
 0013  74 16                             je      L485
 0015  ba 00 00 00 00                    mov     edx,offset char unsigned const near __typesig[]
 001a  89 c8                             mov     eax,ecx
 001c  e8 00 00 00 00                    call    __wcpp_2_dtor_array_store__
 0021  e8 00 00 00 00                    call    void near operator delete []( void near * )
 0026  e9 81 00 00 00                    jmp     L491
 002b  ba 01 00 00 00    L485            mov     edx,00000001H
 0030  c7 41 29 00 00 00 
       00                                mov     dword ptr +29H[ecx],offset void (near * const near __vftbl[])()
 0037  89 cb                             mov     ebx,ecx
 0039  8b 71 2d                          mov     esi,+2dH[ecx]
 003c  89 14 24                          mov     [esp],edx
 003f  85 f6                             test    esi,esi
 0041  74 3c                             je      L489
 0043  8b 79 35                          mov     edi,+35H[ecx]
 0046  85 ff                             test    edi,edi
 0048  74 0e                             je      L486
 004a  89 f8                             mov     eax,edi
 004c  74 0a                             je      L486
 004e  8b 4f 29                          mov     ecx,+29H[edi]
 0051  ba 02 00 00 00                    mov     edx,00000002H
 0056  ff 11                             call    dword ptr [ecx]
 0058  8b 6b 31          L486            mov     ebp,+31H[ebx]
 005b  85 ed                             test    ebp,ebp
 005d  74 09                             je      L487
 005f  c7 45 35 00 00 00 
       00                                mov     dword ptr +35H[ebp],00000000H
 0066  eb 06                             jmp     L488
 0068  8b 43 2d          L487            mov     eax,+2dH[ebx]
 006b  89 68 2d                          mov     +2dH[eax],ebp
 006e  8b 4b 2d          L488            mov     ecx,+2dH[ebx]
 0071  8b 43 31                          mov     eax,+31H[ebx]
 0074  89 41 31                          mov     +31H[ecx],eax
 0077  8b 43 2d                          mov     eax,+2dH[ebx]
 007a  e8 00 00 00 00                    call    void near panelist::refreshsize()
 007f  ba 01 00 00 00    L489            mov     edx,00000001H
 0084  89 d8                             mov     eax,ebx
 0086  e8 00 00 00 00                    call    near GUIrect::~GUIrect()
 008b  8a 14 24                          mov     dl,[esp]
 008e  89 c3                             mov     ebx,eax
 0090  f6 c2 02                          test    dl,02H
 0093  74 05                             je      L490
 0095  e8 00 00 00 00                    call    void near operator delete( void near * )
 009a  8a 74 24 04       L490            mov     dh,+4H[esp]
 009e  89 d9                             mov     ecx,ebx
 00a0  f6 c6 02                          test    dh,02H
 00a3  74 07                             je      L491
 00a5  89 d8                             mov     eax,ebx
 00a7  e8 00 00 00 00                    call    void near operator delete( void near * )
 00ac  89 c8             L491            mov     eax,ecx
 00ae  83 c4 08                          add     esp,00000008H
 00b1  5d                                pop     ebp
 00b2  5f                                pop     edi
 00b3  5e                                pop     esi
 00b4  59                                pop     ecx
 00b5  5b                                pop     ebx
 00b6  c3                                ret     
 00b7  90                                nop     

No disassembly errors

------------------------------------------------------------

Comdat: near impermflags::~impermflags()  SEGMENT ANY '_TEXT'  000000b8 bytes  
 0000  53                                push    ebx
 0001  51                                push    ecx
 0002  56                                push    esi
 0003  57                                push    edi
 0004  55                                push    ebp
 0005  83 ec 08                          sub     esp,00000008H
 0008  89 c1                             mov     ecx,eax
 000a  89 54 24 04                       mov     +4H[esp],edx
 000e  f6 44 24 04 04                    test    byte ptr +4H[esp],04H
 0013  74 16                             je      L492
 0015  ba 00 00 00 00                    mov     edx,offset char unsigned const near __typesig[]
 001a  89 c8                             mov     eax,ecx
 001c  e8 00 00 00 00                    call    __wcpp_2_dtor_array_store__
 0021  e8 00 00 00 00                    call    void near operator delete []( void near * )
 0026  e9 81 00 00 00                    jmp     L498
 002b  ba 01 00 00 00    L492            mov     edx,00000001H
 0030  c7 41 29 00 00 00 
       00                                mov     dword ptr +29H[ecx],offset void (near * const near __vftbl[])()
 0037  89 cb                             mov     ebx,ecx
 0039  8b 71 2d                          mov     esi,+2dH[ecx]
 003c  89 14 24                          mov     [esp],edx
 003f  85 f6                             test    esi,esi
 0041  74 3c                             je      L496
 0043  8b 79 35                          mov     edi,+35H[ecx]
 0046  85 ff                             test    edi,edi
 0048  74 0e                             je      L493
 004a  89 f8                             mov     eax,edi
 004c  74 0a                             je      L493
 004e  8b 4f 29                          mov     ecx,+29H[edi]
 0051  ba 02 00 00 00                    mov     edx,00000002H
 0056  ff 11                             call    dword ptr [ecx]
 0058  8b 6b 31          L493            mov     ebp,+31H[ebx]
 005b  85 ed                             test    ebp,ebp
 005d  74 09                             je      L494
 005f  c7 45 35 00 00 00 
       00                                mov     dword ptr +35H[ebp],00000000H
 0066  eb 06                             jmp     L495
 0068  8b 43 2d          L494            mov     eax,+2dH[ebx]
 006b  89 68 2d                          mov     +2dH[eax],ebp
 006e  8b 4b 2d          L495            mov     ecx,+2dH[ebx]
 0071  8b 43 31                          mov     eax,+31H[ebx]
 0074  89 41 31                          mov     +31H[ecx],eax
 0077  8b 43 2d                          mov     eax,+2dH[ebx]
 007a  e8 00 00 00 00                    call    void near panelist::refreshsize()
 007f  ba 01 00 00 00    L496            mov     edx,00000001H
 0084  89 d8                             mov     eax,ebx
 0086  e8 00 00 00 00                    call    near GUIrect::~GUIrect()
 008b  8a 14 24                          mov     dl,[esp]
 008e  89 c3                             mov     ebx,eax
 0090  f6 c2 02                          test    dl,02H
 0093  74 05                             je      L497
 0095  e8 00 00 00 00                    call    void near operator delete( void near * )
 009a  8a 74 24 04       L497            mov     dh,+4H[esp]
 009e  89 d9                             mov     ecx,ebx
 00a0  f6 c6 02                          test    dh,02H
 00a3  74 07                             je      L498
 00a5  89 d8                             mov     eax,ebx
 00a7  e8 00 00 00 00                    call    void near operator delete( void near * )
 00ac  89 c8             L498            mov     eax,ecx
 00ae  83 c4 08                          add     esp,00000008H
 00b1  5d                                pop     ebp
 00b2  5f                                pop     edi
 00b3  5e                                pop     esi
 00b4  59                                pop     ecx
 00b5  5b                                pop     ebx
 00b6  c3                                ret     
 00b7  90                                nop     

No disassembly errors

------------------------------------------------------------

Comdat: near e_blood_edit::~e_blood_edit()  SEGMENT ANY '_TEXT'  000000b8 bytes  
 0000  53                                push    ebx
 0001  51                                push    ecx
 0002  56                                push    esi
 0003  57                                push    edi
 0004  55                                push    ebp
 0005  83 ec 08                          sub     esp,00000008H
 0008  89 c1                             mov     ecx,eax
 000a  89 54 24 04                       mov     +4H[esp],edx
 000e  f6 44 24 04 04                    test    byte ptr +4H[esp],04H
 0013  74 16                             je      L499
 0015  ba 00 00 00 00                    mov     edx,offset char unsigned const near __typesig[]
 001a  89 c8                             mov     eax,ecx
 001c  e8 00 00 00 00                    call    __wcpp_2_dtor_array_store__
 0021  e8 00 00 00 00                    call    void near operator delete []( void near * )
 0026  e9 81 00 00 00                    jmp     L505
 002b  ba 01 00 00 00    L499            mov     edx,00000001H
 0030  c7 41 29 00 00 00 
       00                                mov     dword ptr +29H[ecx],offset void (near * const near __vftbl[])()
 0037  89 cb                             mov     ebx,ecx
 0039  8b 71 2d                          mov     esi,+2dH[ecx]
 003c  89 14 24                          mov     [esp],edx
 003f  85 f6                             test    esi,esi
 0041  74 3c                             je      L503
 0043  8b 79 35                          mov     edi,+35H[ecx]
 0046  85 ff                             test    edi,edi
 0048  74 0e                             je      L500
 004a  89 f8                             mov     eax,edi
 004c  74 0a                             je      L500
 004e  8b 4f 29                          mov     ecx,+29H[edi]
 0051  ba 02 00 00 00                    mov     edx,00000002H
 0056  ff 11                             call    dword ptr [ecx]
 0058  8b 6b 31          L500            mov     ebp,+31H[ebx]
 005b  85 ed                             test    ebp,ebp
 005d  74 09                             je      L501
 005f  c7 45 35 00 00 00 
       00                                mov     dword ptr +35H[ebp],00000000H
 0066  eb 06                             jmp     L502
 0068  8b 43 2d          L501            mov     eax,+2dH[ebx]
 006b  89 68 2d                          mov     +2dH[eax],ebp
 006e  8b 4b 2d          L502            mov     ecx,+2dH[ebx]
 0071  8b 43 31                          mov     eax,+31H[ebx]
 0074  89 41 31                          mov     +31H[ecx],eax
 0077  8b 43 2d                          mov     eax,+2dH[ebx]
 007a  e8 00 00 00 00                    call    void near panelist::refreshsize()
 007f  ba 01 00 00 00    L503            mov     edx,00000001H
 0084  89 d8                             mov     eax,ebx
 0086  e8 00 00 00 00                    call    near GUIrect::~GUIrect()
 008b  8a 14 24                          mov     dl,[esp]
 008e  89 c3                             mov     ebx,eax
 0090  f6 c2 02                          test    dl,02H
 0093  74 05                             je      L504
 0095  e8 00 00 00 00                    call    void near operator delete( void near * )
 009a  8a 74 24 04       L504            mov     dh,+4H[esp]
 009e  89 d9                             mov     ecx,ebx
 00a0  f6 c6 02                          test    dh,02H
 00a3  74 07                             je      L505
 00a5  89 d8                             mov     eax,ebx
 00a7  e8 00 00 00 00                    call    void near operator delete( void near * )
 00ac  89 c8             L505            mov     eax,ecx
 00ae  83 c4 08                          add     esp,00000008H
 00b1  5d                                pop     ebp
 00b2  5f                                pop     edi
 00b3  5e                                pop     esi
 00b4  59                                pop     ecx
 00b5  5b                                pop     ebx
 00b6  c3                                ret     
 00b7  90                                nop     

No disassembly errors

------------------------------------------------------------

Comdat: near e_newobject_edit::~e_newobject_edit()  SEGMENT ANY '_TEXT'  000000b8 bytes  
 0000  53                                push    ebx
 0001  51                                push    ecx
 0002  56                                push    esi
 0003  57                                push    edi
 0004  55                                push    ebp
 0005  83 ec 08                          sub     esp,00000008H
 0008  89 c1                             mov     ecx,eax
 000a  89 54 24 04                       mov     +4H[esp],edx
 000e  f6 44 24 04 04                    test    byte ptr +4H[esp],04H
 0013  74 16                             je      L506
 0015  ba 00 00 00 00                    mov     edx,offset char unsigned const near __typesig[]
 001a  89 c8                             mov     eax,ecx
 001c  e8 00 00 00 00                    call    __wcpp_2_dtor_array_store__
 0021  e8 00 00 00 00                    call    void near operator delete []( void near * )
 0026  e9 81 00 00 00                    jmp     L512
 002b  ba 01 00 00 00    L506            mov     edx,00000001H
 0030  c7 41 29 00 00 00 
       00                                mov     dword ptr +29H[ecx],offset void (near * const near __vftbl[])()
 0037  89 cb                             mov     ebx,ecx
 0039  8b 71 2d                          mov     esi,+2dH[ecx]
 003c  89 14 24                          mov     [esp],edx
 003f  85 f6                             test    esi,esi
 0041  74 3c                             je      L510
 0043  8b 79 35                          mov     edi,+35H[ecx]
 0046  85 ff                             test    edi,edi
 0048  74 0e                             je      L507
 004a  89 f8                             mov     eax,edi
 004c  74 0a                             je      L507
 004e  8b 4f 29                          mov     ecx,+29H[edi]
 0051  ba 02 00 00 00                    mov     edx,00000002H
 0056  ff 11                             call    dword ptr [ecx]
 0058  8b 6b 31          L507            mov     ebp,+31H[ebx]
 005b  85 ed                             test    ebp,ebp
 005d  74 09                             je      L508
 005f  c7 45 35 00 00 00 
       00                                mov     dword ptr +35H[ebp],00000000H
 0066  eb 06                             jmp     L509
 0068  8b 43 2d          L508            mov     eax,+2dH[ebx]
 006b  89 68 2d                          mov     +2dH[eax],ebp
 006e  8b 4b 2d          L509            mov     ecx,+2dH[ebx]
 0071  8b 43 31                          mov     eax,+31H[ebx]
 0074  89 41 31                          mov     +31H[ecx],eax
 0077  8b 43 2d                          mov     eax,+2dH[ebx]
 007a  e8 00 00 00 00                    call    void near panelist::refreshsize()
 007f  ba 01 00 00 00    L510            mov     edx,00000001H
 0084  89 d8                             mov     eax,ebx
 0086  e8 00 00 00 00                    call    near GUIrect::~GUIrect()
 008b  8a 14 24                          mov     dl,[esp]
 008e  89 c3                             mov     ebx,eax
 0090  f6 c2 02                          test    dl,02H
 0093  74 05                             je      L511
 0095  e8 00 00 00 00                    call    void near operator delete( void near * )
 009a  8a 74 24 04       L511            mov     dh,+4H[esp]
 009e  89 d9                             mov     ecx,ebx
 00a0  f6 c6 02                          test    dh,02H
 00a3  74 07                             je      L512
 00a5  89 d8                             mov     eax,ebx
 00a7  e8 00 00 00 00                    call    void near operator delete( void near * )
 00ac  89 c8             L512            mov     eax,ecx
 00ae  83 c4 08                          add     esp,00000008H
 00b1  5d                                pop     ebp
 00b2  5f                                pop     edi
 00b3  5e                                pop     esi
 00b4  59                                pop     ecx
 00b5  5b                                pop     ebx
 00b6  c3                                ret     
 00b7  90                                nop     

No disassembly errors

------------------------------------------------------------

Comdat: near e_gotoseriesname_edit::~e_gotoseriesname_edit()  SEGMENT ANY '_TEXT'  000000b8 bytes  
 0000  53                                push    ebx
 0001  51                                push    ecx
 0002  56                                push    esi
 0003  57                                push    edi
 0004  55                                push    ebp
 0005  83 ec 08                          sub     esp,00000008H
 0008  89 c1                             mov     ecx,eax
 000a  89 54 24 04                       mov     +4H[esp],edx
 000e  f6 44 24 04 04                    test    byte ptr +4H[esp],04H
 0013  74 16                             je      L513
 0015  ba 00 00 00 00                    mov     edx,offset char unsigned const near __typesig[]
 001a  89 c8                             mov     eax,ecx
 001c  e8 00 00 00 00                    call    __wcpp_2_dtor_array_store__
 0021  e8 00 00 00 00                    call    void near operator delete []( void near * )
 0026  e9 81 00 00 00                    jmp     L519
 002b  ba 01 00 00 00    L513            mov     edx,00000001H
 0030  c7 41 29 00 00 00 
       00                                mov     dword ptr +29H[ecx],offset void (near * const near __vftbl[])()
 0037  89 cb                             mov     ebx,ecx
 0039  8b 71 2d                          mov     esi,+2dH[ecx]
 003c  89 14 24                          mov     [esp],edx
 003f  85 f6                             test    esi,esi
 0041  74 3c                             je      L517
 0043  8b 79 35                          mov     edi,+35H[ecx]
 0046  85 ff                             test    edi,edi
 0048  74 0e                             je      L514
 004a  89 f8                             mov     eax,edi
 004c  74 0a                             je      L514
 004e  8b 4f 29                          mov     ecx,+29H[edi]
 0051  ba 02 00 00 00                    mov     edx,00000002H
 0056  ff 11                             call    dword ptr [ecx]
 0058  8b 6b 31          L514            mov     ebp,+31H[ebx]
 005b  85 ed                             test    ebp,ebp
 005d  74 09                             je      L515
 005f  c7 45 35 00 00 00 
       00                                mov     dword ptr +35H[ebp],00000000H
 0066  eb 06                             jmp     L516
 0068  8b 43 2d          L515            mov     eax,+2dH[ebx]
 006b  89 68 2d                          mov     +2dH[eax],ebp
 006e  8b 4b 2d          L516            mov     ecx,+2dH[ebx]
 0071  8b 43 31                          mov     eax,+31H[ebx]
 0074  89 41 31                          mov     +31H[ecx],eax
 0077  8b 43 2d                          mov     eax,+2dH[ebx]
 007a  e8 00 00 00 00                    call    void near panelist::refreshsize()
 007f  ba 01 00 00 00    L517            mov     edx,00000001H
 0084  89 d8                             mov     eax,ebx
 0086  e8 00 00 00 00                    call    near GUIrect::~GUIrect()
 008b  8a 14 24                          mov     dl,[esp]
 008e  89 c3                             mov     ebx,eax
 0090  f6 c2 02                          test    dl,02H
 0093  74 05                             je      L518
 0095  e8 00 00 00 00                    call    void near operator delete( void near * )
 009a  8a 74 24 04       L518            mov     dh,+4H[esp]
 009e  89 d9                             mov     ecx,ebx
 00a0  f6 c6 02                          test    dh,02H
 00a3  74 07                             je      L519
 00a5  89 d8                             mov     eax,ebx
 00a7  e8 00 00 00 00                    call    void near operator delete( void near * )
 00ac  89 c8             L519            mov     eax,ecx
 00ae  83 c4 08                          add     esp,00000008H
 00b1  5d                                pop     ebp
 00b2  5f                                pop     edi
 00b3  5e                                pop     esi
 00b4  59                                pop     ecx
 00b5  5b                                pop     ebx
 00b6  c3                                ret     
 00b7  90                                nop     

No disassembly errors

------------------------------------------------------------

Comdat: near e_goto_edit::~e_goto_edit()  SEGMENT ANY '_TEXT'  000000b8 bytes  
 0000  53                                push    ebx
 0001  51                                push    ecx
 0002  56                                push    esi
 0003  57                                push    edi
 0004  55                                push    ebp
 0005  83 ec 08                          sub     esp,00000008H
 0008  89 c1                             mov     ecx,eax
 000a  89 54 24 04                       mov     +4H[esp],edx
 000e  f6 44 24 04 04                    test    byte ptr +4H[esp],04H
 0013  74 16                             je      L520
 0015  ba 00 00 00 00                    mov     edx,offset char unsigned const near __typesig[]
 001a  89 c8                             mov     eax,ecx
 001c  e8 00 00 00 00                    call    __wcpp_2_dtor_array_store__
 0021  e8 00 00 00 00                    call    void near operator delete []( void near * )
 0026  e9 81 00 00 00                    jmp     L526
 002b  ba 01 00 00 00    L520            mov     edx,00000001H
 0030  c7 41 29 00 00 00 
       00                                mov     dword ptr +29H[ecx],offset void (near * const near __vftbl[])()
 0037  89 cb                             mov     ebx,ecx
 0039  8b 71 2d                          mov     esi,+2dH[ecx]
 003c  89 14 24                          mov     [esp],edx
 003f  85 f6                             test    esi,esi
 0041  74 3c                             je      L524
 0043  8b 79 35                          mov     edi,+35H[ecx]
 0046  85 ff                             test    edi,edi
 0048  74 0e                             je      L521
 004a  89 f8                             mov     eax,edi
 004c  74 0a                             je      L521
 004e  8b 4f 29                          mov     ecx,+29H[edi]
 0051  ba 02 00 00 00                    mov     edx,00000002H
 0056  ff 11                             call    dword ptr [ecx]
 0058  8b 6b 31          L521            mov     ebp,+31H[ebx]
 005b  85 ed                             test    ebp,ebp
 005d  74 09                             je      L522
 005f  c7 45 35 00 00 00 
       00                                mov     dword ptr +35H[ebp],00000000H
 0066  eb 06                             jmp     L523
 0068  8b 43 2d          L522            mov     eax,+2dH[ebx]
 006b  89 68 2d                          mov     +2dH[eax],ebp
 006e  8b 4b 2d          L523            mov     ecx,+2dH[ebx]
 0071  8b 43 31                          mov     eax,+31H[ebx]
 0074  89 41 31                          mov     +31H[ecx],eax
 0077  8b 43 2d                          mov     eax,+2dH[ebx]
 007a  e8 00 00 00 00                    call    void near panelist::refreshsize()
 007f  ba 01 00 00 00    L524            mov     edx,00000001H
 0084  89 d8                             mov     eax,ebx
 0086  e8 00 00 00 00                    call    near GUIrect::~GUIrect()
 008b  8a 14 24                          mov     dl,[esp]
 008e  89 c3                             mov     ebx,eax
 0090  f6 c2 02                          test    dl,02H
 0093  74 05                             je      L525
 0095  e8 00 00 00 00                    call    void near operator delete( void near * )
 009a  8a 74 24 04       L525            mov     dh,+4H[esp]
 009e  89 d9                             mov     ecx,ebx
 00a0  f6 c6 02                          test    dh,02H
 00a3  74 07                             je      L526
 00a5  89 d8                             mov     eax,ebx
 00a7  e8 00 00 00 00                    call    void near operator delete( void near * )
 00ac  89 c8             L526            mov     eax,ecx
 00ae  83 c4 08                          add     esp,00000008H
 00b1  5d                                pop     ebp
 00b2  5f                                pop     edi
 00b3  5e                                pop     esi
 00b4  59                                pop     ecx
 00b5  5b                                pop     ebx
 00b6  c3                                ret     
 00b7  90                                nop     

No disassembly errors

------------------------------------------------------------

Comdat: near e_dir_edit::~e_dir_edit()  SEGMENT ANY '_TEXT'  000000b8 bytes  
 0000  53                                push    ebx
 0001  51                                push    ecx
 0002  56                                push    esi
 0003  57                                push    edi
 0004  55                                push    ebp
 0005  83 ec 08                          sub     esp,00000008H
 0008  89 c1                             mov     ecx,eax
 000a  89 54 24 04                       mov     +4H[esp],edx
 000e  f6 44 24 04 04                    test    byte ptr +4H[esp],04H
 0013  74 16                             je      L527
 0015  ba 00 00 00 00                    mov     edx,offset char unsigned const near __typesig[]
 001a  89 c8                             mov     eax,ecx
 001c  e8 00 00 00 00                    call    __wcpp_2_dtor_array_store__
 0021  e8 00 00 00 00                    call    void near operator delete []( void near * )
 0026  e9 81 00 00 00                    jmp     L533
 002b  ba 01 00 00 00    L527            mov     edx,00000001H
 0030  c7 41 29 00 00 00 
       00                                mov     dword ptr +29H[ecx],offset void (near * const near __vftbl[])()
 0037  89 cb                             mov     ebx,ecx
 0039  8b 71 2d                          mov     esi,+2dH[ecx]
 003c  89 14 24                          mov     [esp],edx
 003f  85 f6                             test    esi,esi
 0041  74 3c                             je      L531
 0043  8b 79 35                          mov     edi,+35H[ecx]
 0046  85 ff                             test    edi,edi
 0048  74 0e                             je      L528
 004a  89 f8                             mov     eax,edi
 004c  74 0a                             je      L528
 004e  8b 4f 29                          mov     ecx,+29H[edi]
 0051  ba 02 00 00 00                    mov     edx,00000002H
 0056  ff 11                             call    dword ptr [ecx]
 0058  8b 6b 31          L528            mov     ebp,+31H[ebx]
 005b  85 ed                             test    ebp,ebp
 005d  74 09                             je      L529
 005f  c7 45 35 00 00 00 
       00                                mov     dword ptr +35H[ebp],00000000H
 0066  eb 06                             jmp     L530
 0068  8b 43 2d          L529            mov     eax,+2dH[ebx]
 006b  89 68 2d                          mov     +2dH[eax],ebp
 006e  8b 4b 2d          L530            mov     ecx,+2dH[ebx]
 0071  8b 43 31                          mov     eax,+31H[ebx]
 0074  89 41 31                          mov     +31H[ecx],eax
 0077  8b 43 2d                          mov     eax,+2dH[ebx]
 007a  e8 00 00 00 00                    call    void near panelist::refreshsize()
 007f  ba 01 00 00 00    L531            mov     edx,00000001H
 0084  89 d8                             mov     eax,ebx
 0086  e8 00 00 00 00                    call    near GUIrect::~GUIrect()
 008b  8a 14 24                          mov     dl,[esp]
 008e  89 c3                             mov     ebx,eax
 0090  f6 c2 02                          test    dl,02H
 0093  74 05                             je      L532
 0095  e8 00 00 00 00                    call    void near operator delete( void near * )
 009a  8a 74 24 04       L532            mov     dh,+4H[esp]
 009e  89 d9                             mov     ecx,ebx
 00a0  f6 c6 02                          test    dh,02H
 00a3  74 07                             je      L533
 00a5  89 d8                             mov     eax,ebx
 00a7  e8 00 00 00 00                    call    void near operator delete( void near * )
 00ac  89 c8             L533            mov     eax,ecx
 00ae  83 c4 08                          add     esp,00000008H
 00b1  5d                                pop     ebp
 00b2  5f                                pop     edi
 00b3  5e                                pop     esi
 00b4  59                                pop     ecx
 00b5  5b                                pop     ebx
 00b6  c3                                ret     
 00b7  90                                nop     

No disassembly errors

------------------------------------------------------------

Comdat: near e_sound_edit::~e_sound_edit()  SEGMENT ANY '_TEXT'  000000b8 bytes  
 0000  53                                push    ebx
 0001  51                                push    ecx
 0002  56                                push    esi
 0003  57                                push    edi
 0004  55                                push    ebp
 0005  83 ec 08                          sub     esp,00000008H
 0008  89 c1                             mov     ecx,eax
 000a  89 54 24 04                       mov     +4H[esp],edx
 000e  f6 44 24 04 04                    test    byte ptr +4H[esp],04H
 0013  74 16                             je      L534
 0015  ba 00 00 00 00                    mov     edx,offset char unsigned const near __typesig[]
 001a  89 c8                             mov     eax,ecx
 001c  e8 00 00 00 00                    call    __wcpp_2_dtor_array_store__
 0021  e8 00 00 00 00                    call    void near operator delete []( void near * )
 0026  e9 81 00 00 00                    jmp     L540
 002b  ba 01 00 00 00    L534            mov     edx,00000001H
 0030  c7 41 29 00 00 00 
       00                                mov     dword ptr +29H[ecx],offset void (near * const near __vftbl[])()
 0037  89 cb                             mov     ebx,ecx
 0039  8b 71 2d                          mov     esi,+2dH[ecx]
 003c  89 14 24                          mov     [esp],edx
 003f  85 f6                             test    esi,esi
 0041  74 3c                             je      L538
 0043  8b 79 35                          mov     edi,+35H[ecx]
 0046  85 ff                             test    edi,edi
 0048  74 0e                             je      L535
 004a  89 f8                             mov     eax,edi
 004c  74 0a                             je      L535
 004e  8b 4f 29                          mov     ecx,+29H[edi]
 0051  ba 02 00 00 00                    mov     edx,00000002H
 0056  ff 11                             call    dword ptr [ecx]
 0058  8b 6b 31          L535            mov     ebp,+31H[ebx]
 005b  85 ed                             test    ebp,ebp
 005d  74 09                             je      L536
 005f  c7 45 35 00 00 00 
       00                                mov     dword ptr +35H[ebp],00000000H
 0066  eb 06                             jmp     L537
 0068  8b 43 2d          L536            mov     eax,+2dH[ebx]
 006b  89 68 2d                          mov     +2dH[eax],ebp
 006e  8b 4b 2d          L537            mov     ecx,+2dH[ebx]
 0071  8b 43 31                          mov     eax,+31H[ebx]
 0074  89 41 31                          mov     +31H[ecx],eax
 0077  8b 43 2d                          mov     eax,+2dH[ebx]
 007a  e8 00 00 00 00                    call    void near panelist::refreshsize()
 007f  ba 01 00 00 00    L538            mov     edx,00000001H
 0084  89 d8                             mov     eax,ebx
 0086  e8 00 00 00 00                    call    near GUIrect::~GUIrect()
 008b  8a 14 24                          mov     dl,[esp]
 008e  89 c3                             mov     ebx,eax
 0090  f6 c2 02                          test    dl,02H
 0093  74 05                             je      L539
 0095  e8 00 00 00 00                    call    void near operator delete( void near * )
 009a  8a 74 24 04       L539            mov     dh,+4H[esp]
 009e  89 d9                             mov     ecx,ebx
 00a0  f6 c6 02                          test    dh,02H
 00a3  74 07                             je      L540
 00a5  89 d8                             mov     eax,ebx
 00a7  e8 00 00 00 00                    call    void near operator delete( void near * )
 00ac  89 c8             L540            mov     eax,ecx
 00ae  83 c4 08                          add     esp,00000008H
 00b1  5d                                pop     ebp
 00b2  5f                                pop     edi
 00b3  5e                                pop     esi
 00b4  59                                pop     ecx
 00b5  5b                                pop     ebx
 00b6  c3                                ret     
 00b7  90                                nop     

No disassembly errors

------------------------------------------------------------

Comdat: near e_shake_edit::~e_shake_edit()  SEGMENT ANY '_TEXT'  000000b8 bytes  
 0000  53                                push    ebx
 0001  51                                push    ecx
 0002  56                                push    esi
 0003  57                                push    edi
 0004  55                                push    ebp
 0005  83 ec 08                          sub     esp,00000008H
 0008  89 c1                             mov     ecx,eax
 000a  89 54 24 04                       mov     +4H[esp],edx
 000e  f6 44 24 04 04                    test    byte ptr +4H[esp],04H
 0013  74 16                             je      L541
 0015  ba 00 00 00 00                    mov     edx,offset char unsigned const near __typesig[]
 001a  89 c8                             mov     eax,ecx
 001c  e8 00 00 00 00                    call    __wcpp_2_dtor_array_store__
 0021  e8 00 00 00 00                    call    void near operator delete []( void near * )
 0026  e9 81 00 00 00                    jmp     L547
 002b  ba 01 00 00 00    L541            mov     edx,00000001H
 0030  c7 41 29 00 00 00 
       00                                mov     dword ptr +29H[ecx],offset void (near * const near __vftbl[])()
 0037  89 cb                             mov     ebx,ecx
 0039  8b 71 2d                          mov     esi,+2dH[ecx]
 003c  89 14 24                          mov     [esp],edx
 003f  85 f6                             test    esi,esi
 0041  74 3c                             je      L545
 0043  8b 79 35                          mov     edi,+35H[ecx]
 0046  85 ff                             test    edi,edi
 0048  74 0e                             je      L542
 004a  89 f8                             mov     eax,edi
 004c  74 0a                             je      L542
 004e  8b 4f 29                          mov     ecx,+29H[edi]
 0051  ba 02 00 00 00                    mov     edx,00000002H
 0056  ff 11                             call    dword ptr [ecx]
 0058  8b 6b 31          L542            mov     ebp,+31H[ebx]
 005b  85 ed                             test    ebp,ebp
 005d  74 09                             je      L543
 005f  c7 45 35 00 00 00 
       00                                mov     dword ptr +35H[ebp],00000000H
 0066  eb 06                             jmp     L544
 0068  8b 43 2d          L543            mov     eax,+2dH[ebx]
 006b  89 68 2d                          mov     +2dH[eax],ebp
 006e  8b 4b 2d          L544            mov     ecx,+2dH[ebx]
 0071  8b 43 31                          mov     eax,+31H[ebx]
 0074  89 41 31                          mov     +31H[ecx],eax
 0077  8b 43 2d                          mov     eax,+2dH[ebx]
 007a  e8 00 00 00 00                    call    void near panelist::refreshsize()
 007f  ba 01 00 00 00    L545            mov     edx,00000001H
 0084  89 d8                             mov     eax,ebx
 0086  e8 00 00 00 00                    call    near GUIrect::~GUIrect()
 008b  8a 14 24                          mov     dl,[esp]
 008e  89 c3                             mov     ebx,eax
 0090  f6 c2 02                          test    dl,02H
 0093  74 05                             je      L546
 0095  e8 00 00 00 00                    call    void near operator delete( void near * )
 009a  8a 74 24 04       L546            mov     dh,+4H[esp]
 009e  89 d9                             mov     ecx,ebx
 00a0  f6 c6 02                          test    dh,02H
 00a3  74 07                             je      L547
 00a5  89 d8                             mov     eax,ebx
 00a7  e8 00 00 00 00                    call    void near operator delete( void near * )
 00ac  89 c8             L547            mov     eax,ecx
 00ae  83 c4 08                          add     esp,00000008H
 00b1  5d                                pop     ebp
 00b2  5f                                pop     edi
 00b3  5e                                pop     esi
 00b4  59                                pop     ecx
 00b5  5b                                pop     ebx
 00b6  c3                                ret     
 00b7  90                                nop     

No disassembly errors

------------------------------------------------------------

Comdat: near frameeffectlist::~frameeffectlist()  SEGMENT ANY '_TEXT'  000000b8 bytes  
 0000  53                                push    ebx
 0001  51                                push    ecx
 0002  56                                push    esi
 0003  57                                push    edi
 0004  55                                push    ebp
 0005  83 ec 08                          sub     esp,00000008H
 0008  89 c1                             mov     ecx,eax
 000a  89 54 24 04                       mov     +4H[esp],edx
 000e  f6 44 24 04 04                    test    byte ptr +4H[esp],04H
 0013  74 16                             je      L548
 0015  ba 00 00 00 00                    mov     edx,offset char unsigned const near __typesig[]
 001a  89 c8                             mov     eax,ecx
 001c  e8 00 00 00 00                    call    __wcpp_2_dtor_array_store__
 0021  e8 00 00 00 00                    call    void near operator delete []( void near * )
 0026  e9 81 00 00 00                    jmp     L554
 002b  ba 01 00 00 00    L548            mov     edx,00000001H
 0030  c7 41 29 00 00 00 
       00                                mov     dword ptr +29H[ecx],offset void (near * const near __vftbl[])()
 0037  89 cb                             mov     ebx,ecx
 0039  8b 71 2d                          mov     esi,+2dH[ecx]
 003c  89 14 24                          mov     [esp],edx
 003f  85 f6                             test    esi,esi
 0041  74 3c                             je      L552
 0043  8b 79 35                          mov     edi,+35H[ecx]
 0046  85 ff                             test    edi,edi
 0048  74 0e                             je      L549
 004a  89 f8                             mov     eax,edi
 004c  74 0a                             je      L549
 004e  8b 4f 29                          mov     ecx,+29H[edi]
 0051  ba 02 00 00 00                    mov     edx,00000002H
 0056  ff 11                             call    dword ptr [ecx]
 0058  8b 6b 31          L549            mov     ebp,+31H[ebx]
 005b  85 ed                             test    ebp,ebp
 005d  74 09                             je      L550
 005f  c7 45 35 00 00 00 
       00                                mov     dword ptr +35H[ebp],00000000H
 0066  eb 06                             jmp     L551
 0068  8b 43 2d          L550            mov     eax,+2dH[ebx]
 006b  89 68 2d                          mov     +2dH[eax],ebp
 006e  8b 4b 2d          L551            mov     ecx,+2dH[ebx]
 0071  8b 43 31                          mov     eax,+31H[ebx]
 0074  89 41 31                          mov     +31H[ecx],eax
 0077  8b 43 2d                          mov     eax,+2dH[ebx]
 007a  e8 00 00 00 00                    call    void near panelist::refreshsize()
 007f  ba 01 00 00 00    L552            mov     edx,00000001H
 0084  89 d8                             mov     eax,ebx
 0086  e8 00 00 00 00                    call    near GUIrect::~GUIrect()
 008b  8a 14 24                          mov     dl,[esp]
 008e  89 c3                             mov     ebx,eax
 0090  f6 c2 02                          test    dl,02H
 0093  74 05                             je      L553
 0095  e8 00 00 00 00                    call    void near operator delete( void near * )
 009a  8a 74 24 04       L553            mov     dh,+4H[esp]
 009e  89 d9                             mov     ecx,ebx
 00a0  f6 c6 02                          test    dh,02H
 00a3  74 07                             je      L554
 00a5  89 d8                             mov     eax,ebx
 00a7  e8 00 00 00 00                    call    void near operator delete( void near * )
 00ac  89 c8             L554            mov     eax,ecx
 00ae  83 c4 08                          add     esp,00000008H
 00b1  5d                                pop     ebp
 00b2  5f                                pop     edi
 00b3  5e                                pop     esi
 00b4  59                                pop     ecx
 00b5  5b                                pop     ebx
 00b6  c3                                ret     
 00b7  90                                nop     

No disassembly errors

------------------------------------------------------------

Comdat: near effectlistbox::~effectlistbox()  SEGMENT ANY '_TEXT'  00000048 bytes  
 0000  53                                push    ebx
 0001  51                                push    ecx
 0002  89 c3                             mov     ebx,eax
 0004  89 d1                             mov     ecx,edx
 0006  f6 c1 04                          test    cl,04H
 0009  74 14                             je      L555
 000b  ba 00 00 00 00                    mov     edx,offset char unsigned const near __typesig[]
 0010  e8 00 00 00 00                    call    __wcpp_2_dtor_array_store__
 0015  e8 00 00 00 00                    call    void near operator delete []( void near * )
 001a  89 d8                             mov     eax,ebx
 001c  59                                pop     ecx
 001d  5b                                pop     ebx
 001e  c3                                ret     
 001f  ba 01 00 00 00    L555            mov     edx,00000001H
 0024  c7 40 29 00 00 00 
       00                                mov     dword ptr +29H[eax],offset void (near * const near __vftbl[])()
 002b  e8 00 00 00 00                    call    void near GUIlistbox::freeitems()
 0030  89 d8                             mov     eax,ebx
 0032  e8 00 00 00 00                    call    near GUIrect::~GUIrect()
 0037  89 c3                             mov     ebx,eax
 0039  f6 c1 02                          test    cl,02H
 003c  74 05                             je      L556
 003e  e8 00 00 00 00                    call    void near operator delete( void near * )
 0043  89 d8             L556            mov     eax,ebx
 0045  59                                pop     ecx
 0046  5b                                pop     ebx
 0047  c3                                ret     

No disassembly errors

------------------------------------------------------------

Comdat: near epane::~epane()  SEGMENT ANY '_TEXT'  000000b8 bytes  
 0000  53                                push    ebx
 0001  51                                push    ecx
 0002  56                                push    esi
 0003  57                                push    edi
 0004  55                                push    ebp
 0005  83 ec 08                          sub     esp,00000008H
 0008  89 c1                             mov     ecx,eax
 000a  89 54 24 04                       mov     +4H[esp],edx
 000e  f6 44 24 04 04                    test    byte ptr +4H[esp],04H
 0013  74 16                             je      L557
 0015  ba 00 00 00 00                    mov     edx,offset char unsigned const near __typesig[]
 001a  89 c8                             mov     eax,ecx
 001c  e8 00 00 00 00                    call    __wcpp_2_dtor_array_store__
 0021  e8 00 00 00 00                    call    void near operator delete []( void near * )
 0026  e9 81 00 00 00                    jmp     L563
 002b  ba 01 00 00 00    L557            mov     edx,00000001H
 0030  c7 41 29 00 00 00 
       00                                mov     dword ptr +29H[ecx],offset void (near * const near __vftbl[])()
 0037  89 cb                             mov     ebx,ecx
 0039  8b 71 2d                          mov     esi,+2dH[ecx]
 003c  89 14 24                          mov     [esp],edx
 003f  85 f6                             test    esi,esi
 0041  74 3c                             je      L561
 0043  8b 79 35                          mov     edi,+35H[ecx]
 0046  85 ff                             test    edi,edi
 0048  74 0e                             je      L558
 004a  89 f8                             mov     eax,edi
 004c  74 0a                             je      L558
 004e  8b 4f 29                          mov     ecx,+29H[edi]
 0051  ba 02 00 00 00                    mov     edx,00000002H
 0056  ff 11                             call    dword ptr [ecx]
 0058  8b 6b 31          L558            mov     ebp,+31H[ebx]
 005b  85 ed                             test    ebp,ebp
 005d  74 09                             je      L559
 005f  c7 45 35 00 00 00 
       00                                mov     dword ptr +35H[ebp],00000000H
 0066  eb 06                             jmp     L560
 0068  8b 43 2d          L559            mov     eax,+2dH[ebx]
 006b  89 68 2d                          mov     +2dH[eax],ebp
 006e  8b 4b 2d          L560            mov     ecx,+2dH[ebx]
 0071  8b 43 31                          mov     eax,+31H[ebx]
 0074  89 41 31                          mov     +31H[ecx],eax
 0077  8b 43 2d                          mov     eax,+2dH[ebx]
 007a  e8 00 00 00 00                    call    void near panelist::refreshsize()
 007f  ba 01 00 00 00    L561            mov     edx,00000001H
 0084  89 d8                             mov     eax,ebx
 0086  e8 00 00 00 00                    call    near GUIrect::~GUIrect()
 008b  8a 14 24                          mov     dl,[esp]
 008e  89 c3                             mov     ebx,eax
 0090  f6 c2 02                          test    dl,02H
 0093  74 05                             je      L562
 0095  e8 00 00 00 00                    call    void near operator delete( void near * )
 009a  8a 74 24 04       L562            mov     dh,+4H[esp]
 009e  89 d9                             mov     ecx,ebx
 00a0  f6 c6 02                          test    dh,02H
 00a3  74 07                             je      L563
 00a5  89 d8                             mov     eax,ebx
 00a7  e8 00 00 00 00                    call    void near operator delete( void near * )
 00ac  89 c8             L563            mov     eax,ecx
 00ae  83 c4 08                          add     esp,00000008H
 00b1  5d                                pop     ebp
 00b2  5f                                pop     edi
 00b3  5e                                pop     esi
 00b4  59                                pop     ecx
 00b5  5b                                pop     ebx
 00b6  c3                                ret     
 00b7  90                                nop     

No disassembly errors

------------------------------------------------------------

Comdat: near panelist::~panelist()  SEGMENT ANY '_TEXT'  0000003c bytes  
 0000  53                                push    ebx
 0001  51                                push    ecx
 0002  89 c3                             mov     ebx,eax
 0004  89 d1                             mov     ecx,edx
 0006  f6 c1 04                          test    cl,04H
 0009  74 14                             je      L564
 000b  ba 00 00 00 00                    mov     edx,offset char unsigned const near __typesig[]
 0010  e8 00 00 00 00                    call    __wcpp_2_dtor_array_store__
 0015  e8 00 00 00 00                    call    void near operator delete []( void near * )
 001a  89 d8                             mov     eax,ebx
 001c  59                                pop     ecx
 001d  5b                                pop     ebx
 001e  c3                                ret     
 001f  ba 01 00 00 00    L564            mov     edx,00000001H
 0024  e8 00 00 00 00                    call    near GUIrect::~GUIrect()
 0029  89 c3                             mov     ebx,eax
 002b  f6 c1 02                          test    cl,02H
 002e  74 05                             je      L565
 0030  e8 00 00 00 00                    call    void near operator delete( void near * )
 0035  89 d8             L565            mov     eax,ebx
 0037  59                                pop     ecx
 0038  5b                                pop     ebx
 0039  c3                                ret     
 003a  8b c0                             mov     eax,eax

No disassembly errors

------------------------------------------------------------

Comdat: near GUIstringlistbox::~GUIstringlistbox()  SEGMENT ANY '_TEXT'  00000048 bytes  
 0000  53                                push    ebx
 0001  51                                push    ecx
 0002  89 c3                             mov     ebx,eax
 0004  89 d1                             mov     ecx,edx
 0006  f6 c1 04                          test    cl,04H
 0009  74 14                             je      L566
 000b  ba 00 00 00 00                    mov     edx,offset char unsigned const near __typesig[]
 0010  e8 00 00 00 00                    call    __wcpp_2_dtor_array_store__
 0015  e8 00 00 00 00                    call    void near operator delete []( void near * )
 001a  89 d8                             mov     eax,ebx
 001c  59                                pop     ecx
 001d  5b                                pop     ebx
 001e  c3                                ret     
 001f  ba 01 00 00 00    L566            mov     edx,00000001H
 0024  c7 40 29 00 00 00 
       00                                mov     dword ptr +29H[eax],offset void (near * const near __vftbl[])()
 002b  e8 00 00 00 00                    call    void near GUIlistbox::freeitems()
 0030  89 d8                             mov     eax,ebx
 0032  e8 00 00 00 00                    call    near GUIrect::~GUIrect()
 0037  89 c3                             mov     ebx,eax
 0039  f6 c1 02                          test    cl,02H
 003c  74 05                             je      L567
 003e  e8 00 00 00 00                    call    void near operator delete( void near * )
 0043  89 d8             L567            mov     eax,ebx
 0045  59                                pop     ecx
 0046  5b                                pop     ebx
 0047  c3                                ret     

No disassembly errors

------------------------------------------------------------

Comdat: near GUIstaticcenteredtext::~GUIstaticcenteredtext()  SEGMENT ANY '_TEXT'  0000003c bytes  
 0000  53                                push    ebx
 0001  51                                push    ecx
 0002  89 c3                             mov     ebx,eax
 0004  89 d1                             mov     ecx,edx
 0006  f6 c1 04                          test    cl,04H
 0009  74 14                             je      L568
 000b  ba 00 00 00 00                    mov     edx,offset char unsigned const near __typesig[]
 0010  e8 00 00 00 00                    call    __wcpp_2_dtor_array_store__
 0015  e8 00 00 00 00                    call    void near operator delete []( void near * )
 001a  89 d8                             mov     eax,ebx
 001c  59                                pop     ecx
 001d  5b                                pop     ebx
 001e  c3                                ret     
 001f  ba 01 00 00 00    L568            mov     edx,00000001H
 0024  e8 00 00 00 00                    call    near GUIrect::~GUIrect()
 0029  89 c3                             mov     ebx,eax
 002b  f6 c1 02                          test    cl,02H
 002e  74 05                             je      L569
 0030  e8 00 00 00 00                    call    void near operator delete( void near * )
 0035  89 d8             L569            mov     eax,ebx
 0037  59                                pop     ecx
 0038  5b                                pop     ebx
 0039  c3                                ret     
 003a  8b c0                             mov     eax,eax

No disassembly errors

------------------------------------------------------------

Comdat: void (near * const near __vftbl[])()  SEGMENT ANY 'DGROUP:CONST2'  00000048 bytes  
 0000  00 00 00 00                             DD      near GUIcontents::~GUIcontents()
 0004  00 00 00 00                             DD      GUIrect near * near GUIrect::hittest( int, int )
 0008  00 00 00 00                             DD      void near GUIrect::bringtofront()
 000c  00 00 00 00                             DD      void near GUIrect::sendtoback()
 0010  00 00 00 00                             DD      void near GUIrect::refresh( int, void near * )
 0014  00 00 00 00                             DD      int near GUIrect::acceptfocus()
 0018  00 00 00 00                             DD      void near GUIrect::receivefocus()
 001c  00 00 00 00                             DD      void near GUIrect::losefocus()
 0020  00 00 00 00                             DD      void near GUIrect::losechildfocus()
 0024  00 00 00 00                             DD      GUIrect near * near GUIrect::click( mouse near & )
 0028  00 00 00 00                             DD      int near GUIrect::release( mouse near & )
 002c  00 00 00 00                             DD      int near GUIrect::drag( mouse near & )
 0030  00 00 00 00                             DD      void near GUIrect::draw( char near * )
 0034  00 00 00 00                             DD      int near GUIcontents::keyhit( char, char )
 0038  00 00 00 00                             DD      char near * near GUIrect::getname()
 003c  00 00 00 00                             DD      int near GUIrect::sendmessage( GUIrect near *, int )
 0040  00 00 00 00                             DD      void near GUIcontents::maximize()
 0044  00 00 00 00                             DD      void near GUIcontents::restore()

No disassembly errors

------------------------------------------------------------

Comdat: void (near * const near __vftbl[])()  SEGMENT ANY 'DGROUP:CONST2'  00000040 bytes  
 0000  00 00 00 00                             DD      near GUIstaticcenteredtext::~GUIstaticcenteredtext()
 0004  00 00 00 00                             DD      GUIrect near * near GUIrect::hittest( int, int )
 0008  00 00 00 00                             DD      void near GUIrect::bringtofront()
 000c  00 00 00 00                             DD      void near GUIrect::sendtoback()
 0010  00 00 00 00                             DD      void near GUIrect::refresh( int, void near * )
 0014  00 00 00 00                             DD      int near GUIrect::acceptfocus()
 0018  00 00 00 00                             DD      void near GUIrect::receivefocus()
 001c  00 00 00 00                             DD      void near GUIrect::losefocus()
 0020  00 00 00 00                             DD      void near GUIrect::losechildfocus()
 0024  00 00 00 00                             DD      GUIrect near * near GUIrect::click( mouse near & )
 0028  00 00 00 00                             DD      int near GUIrect::release( mouse near & )
 002c  00 00 00 00                             DD      int near GUIrect::drag( mouse near & )
 0030  00 00 00 00                             DD      void near GUIstaticcenteredtext::draw( char near * )
 0034  00 00 00 00                             DD      int near GUIrect::keyhit( char, char )
 0038  00 00 00 00                             DD      char near * near GUIstatictext::getname()
 003c  00 00 00 00                             DD      int near GUIrect::sendmessage( GUIrect near *, int )

No disassembly errors

------------------------------------------------------------

Comdat: void (near * const near __vftbl[])()  SEGMENT ANY 'DGROUP:CONST2'  00000044 bytes  
 0000  00 00 00 00                             DD      near GUIlistbox::~GUIlistbox()
 0004  00 00 00 00                             DD      GUIrect near * near GUIrect::hittest( int, int )
 0008  00 00 00 00                             DD      void near GUIrect::bringtofront()
 000c  00 00 00 00                             DD      void near GUIrect::sendtoback()
 0010  00 00 00 00                             DD      void near GUIrect::refresh( int, void near * )
 0014  00 00 00 00                             DD      int near GUIlistbox::acceptfocus()
 0018  00 00 00 00                             DD      void near GUIrect::receivefocus()
 001c  00 00 00 00                             DD      void near GUIrect::losefocus()
 0020  00 00 00 00                             DD      void near GUIrect::losechildfocus()
 0024  00 00 00 00                             DD      GUIrect near * near GUIlistbox::click( mouse near & )
 0028  00 00 00 00                             DD      int near GUIlistbox::release( mouse near & )
 002c  00 00 00 00                             DD      int near GUIlistbox::drag( mouse near & )
 0030  00 00 00 00                             DD      void near GUIlistbox::draw( char near * )
 0034  00 00 00 00                             DD      int near GUIlistbox::keyhit( char, char )
 0038  00 00 00 00                             DD      char near * near GUIlistbox::getname()
 003c  00 00 00 00                             DD      int near GUIrect::sendmessage( GUIrect near *, int )
 0040  00 00 00 00                             DD      void near GUIlistbox::drawitems( char near *, int, int )

No disassembly errors

------------------------------------------------------------

Comdat: void (near * const near __vftbl[])()  SEGMENT ANY 'DGROUP:CONST2'  00000044 bytes  
 0000  00 00 00 00                             DD      near GUIstringlistbox::~GUIstringlistbox()
 0004  00 00 00 00                             DD      GUIrect near * near GUIrect::hittest( int, int )
 0008  00 00 00 00                             DD      void near GUIrect::bringtofront()
 000c  00 00 00 00                             DD      void near GUIrect::sendtoback()
 0010  00 00 00 00                             DD      void near GUIrect::refresh( int, void near * )
 0014  00 00 00 00                             DD      int near GUIlistbox::acceptfocus()
 0018  00 00 00 00                             DD      void near GUIrect::receivefocus()
 001c  00 00 00 00                             DD      void near GUIrect::losefocus()
 0020  00 00 00 00                             DD      void near GUIrect::losechildfocus()
 0024  00 00 00 00                             DD      GUIrect near * near GUIlistbox::click( mouse near & )
 0028  00 00 00 00                             DD      int near GUIlistbox::release( mouse near & )
 002c  00 00 00 00                             DD      int near GUIlistbox::drag( mouse near & )
 0030  00 00 00 00                             DD      void near GUIlistbox::draw( char near * )
 0034  00 00 00 00                             DD      int near GUIlistbox::keyhit( char, char )
 0038  00 00 00 00                             DD      char near * near GUIstringlistbox::getname()
 003c  00 00 00 00                             DD      int near GUIrect::sendmessage( GUIrect near *, int )
 0040  00 00 00 00                             DD      void near GUIstringlistbox::drawitems( char near *, int, int )

No disassembly errors

------------------------------------------------------------

Comdat: void (near * const near __vftbl[])()  SEGMENT ANY 'DGROUP:CONST2'  00000048 bytes  
 0000  00 00 00 00                             DD      near panelist::~panelist()
 0004  00 00 00 00                             DD      GUIrect near * near GUIrect::hittest( int, int )
 0008  00 00 00 00                             DD      void near GUIrect::bringtofront()
 000c  00 00 00 00                             DD      void near GUIrect::sendtoback()
 0010  00 00 00 00                             DD      void near GUIrect::refresh( int, void near * )
 0014  00 00 00 00                             DD      int near GUIrect::acceptfocus()
 0018  00 00 00 00                             DD      void near GUIrect::receivefocus()
 001c  00 00 00 00                             DD      void near GUIrect::losefocus()
 0020  00 00 00 00                             DD      void near GUIrect::losechildfocus()
 0024  00 00 00 00                             DD      GUIrect near * near GUIrect::click( mouse near & )
 0028  00 00 00 00                             DD      int near GUIrect::release( mouse near & )
 002c  00 00 00 00                             DD      int near GUIrect::drag( mouse near & )
 0030  00 00 00 00                             DD      void near panelist::draw( char near * )
 0034  00 00 00 00                             DD      int near panelist::keyhit( char, char )
 0038  00 00 00 00                             DD      char near * near GUIrect::getname()
 003c  00 00 00 00                             DD      int near GUIrect::sendmessage( GUIrect near *, int )
 0040  00 00 00 00                             DD      void near GUIcontents::maximize()
 0044  00 00 00 00                             DD      void near GUIcontents::restore()

No disassembly errors

------------------------------------------------------------

Comdat: void (near * const near __vftbl[])()  SEGMENT ANY 'DGROUP:CONST2'  00000040 bytes  
 0000  00 00 00 00                             DD      near pane::~pane()
 0004  00 00 00 00                             DD      GUIrect near * near GUIrect::hittest( int, int )
 0008  00 00 00 00                             DD      void near GUIrect::bringtofront()
 000c  00 00 00 00                             DD      void near GUIrect::sendtoback()
 0010  00 00 00 00                             DD      void near GUIrect::refresh( int, void near * )
 0014  00 00 00 00                             DD      int near GUIrect::acceptfocus()
 0018  00 00 00 00                             DD      void near GUIrect::receivefocus()
 001c  00 00 00 00                             DD      void near GUIrect::losefocus()
 0020  00 00 00 00                             DD      void near GUIrect::losechildfocus()
 0024  00 00 00 00                             DD      GUIrect near * near GUIrect::click( mouse near & )
 0028  00 00 00 00                             DD      int near GUIrect::release( mouse near & )
 002c  00 00 00 00                             DD      int near GUIrect::drag( mouse near & )
 0030  00 00 00 00                             DD      void near GUIrect::draw( char near * )
 0034  00 00 00 00                             DD      int near GUIrect::keyhit( char, char )
 0038  00 00 00 00                             DD      char near * near GUIrect::getname()
 003c  00 00 00 00                             DD      int near GUIrect::sendmessage( GUIrect near *, int )

No disassembly errors

------------------------------------------------------------

Comdat: void (near * const near __vftbl[])()  SEGMENT ANY 'DGROUP:CONST2'  00000044 bytes  
 0000  00 00 00 00                             DD      near effectlistbox::~effectlistbox()
 0004  00 00 00 00                             DD      GUIrect near * near GUIrect::hittest( int, int )
 0008  00 00 00 00                             DD      void near GUIrect::bringtofront()
 000c  00 00 00 00                             DD      void near GUIrect::sendtoback()
 0010  00 00 00 00                             DD      void near GUIrect::refresh( int, void near * )
 0014  00 00 00 00                             DD      int near GUIlistbox::acceptfocus()
 0018  00 00 00 00                             DD      void near GUIrect::receivefocus()
 001c  00 00 00 00                             DD      void near GUIrect::losefocus()
 0020  00 00 00 00                             DD      void near GUIrect::losechildfocus()
 0024  00 00 00 00                             DD      GUIrect near * near GUIlistbox::click( mouse near & )
 0028  00 00 00 00                             DD      int near GUIlistbox::release( mouse near & )
 002c  00 00 00 00                             DD      int near GUIlistbox::drag( mouse near & )
 0030  00 00 00 00                             DD      void near GUIlistbox::draw( char near * )
 0034  00 00 00 00                             DD      int near GUIlistbox::keyhit( char, char )
 0038  00 00 00 00                             DD      char near * near effectlistbox::getname()
 003c  00 00 00 00                             DD      int near GUIrect::sendmessage( GUIrect near *, int )
 0040  00 00 00 00                             DD      void near effectlistbox::drawitems( char near *, int, int )

No disassembly errors

------------------------------------------------------------

Comdat: void (near * const near __vftbl[])()  SEGMENT ANY 'DGROUP:CONST2'  00000048 bytes  
 0000  00 00 00 00                             DD      near effectedit::~effectedit()
 0004  00 00 00 00                             DD      GUIrect near * near GUIrect::hittest( int, int )
 0008  00 00 00 00                             DD      void near GUIrect::bringtofront()
 000c  00 00 00 00                             DD      void near GUIrect::sendtoback()
 0010  00 00 00 00                             DD      void near effectedit::refresh( int, void near * )
 0014  00 00 00 00                             DD      int near effectedit::acceptfocus()
 0018  00 00 00 00                             DD      void near GUIrect::receivefocus()
 001c  00 00 00 00                             DD      void near GUIrect::losefocus()
 0020  00 00 00 00                             DD      void near GUIrect::losechildfocus()
 0024  00 00 00 00                             DD      GUIrect near * near GUIrect::click( mouse near & )
 0028  00 00 00 00                             DD      int near GUIrect::release( mouse near & )
 002c  00 00 00 00                             DD      int near GUIrect::drag( mouse near & )
 0030  00 00 00 00                             DD      void near panelist::draw( char near * )
 0034  00 00 00 00                             DD      int near panelist::keyhit( char, char )
 0038  00 00 00 00                             DD      char near * near effectedit::getname()
 003c  00 00 00 00                             DD      int near GUIrect::sendmessage( GUIrect near *, int )
 0040  00 00 00 00                             DD      void near GUIcontents::maximize()
 0044  00 00 00 00                             DD      void near GUIcontents::restore()

No disassembly errors

------------------------------------------------------------

Comdat: void (near * const near __vftbl[])()  SEGMENT ANY 'DGROUP:CONST2'  00000044 bytes  
 0000  00 00 00 00                             DD      near epane::~epane()
 0004  00 00 00 00                             DD      GUIrect near * near GUIrect::hittest( int, int )
 0008  00 00 00 00                             DD      void near GUIrect::bringtofront()
 000c  00 00 00 00                             DD      void near GUIrect::sendtoback()
 0010  00 00 00 00                             DD      void near GUIrect::refresh( int, void near * )
 0014  00 00 00 00                             DD      int near epane::acceptfocus()
 0018  00 00 00 00                             DD      void near GUIrect::receivefocus()
 001c  00 00 00 00                             DD      void near GUIrect::losefocus()
 0020  00 00 00 00                             DD      void near GUIrect::losechildfocus()
 0024  00 00 00 00                             DD      GUIrect near * near GUIrect::click( mouse near & )
 0028  00 00 00 00                             DD      int near GUIrect::release( mouse near & )
 002c  00 00 00 00                             DD      int near GUIrect::drag( mouse near & )
 0030  00 00 00 00                             DD      void near GUIrect::draw( char near * )
 0034  00 00 00 00                             DD      int near GUIrect::keyhit( char, char )
 0038  00 00 00 00                             DD      char near * near GUIrect::getname()
 003c  00 00 00 00                             DD      int near GUIrect::sendmessage( GUIrect near *, int )
 0040  00 00 00 00                             DD      void near epane::draweffect( char near * )

No disassembly errors

------------------------------------------------------------

Comdat: void (near * const near __vftbl[])()  SEGMENT ANY 'DGROUP:CONST2'  00000044 bytes  
 0000  00 00 00 00                             DD      near frameeffectlist::~frameeffectlist()
 0004  00 00 00 00                             DD      GUIrect near * near GUIrect::hittest( int, int )
 0008  00 00 00 00                             DD      void near GUIrect::bringtofront()
 000c  00 00 00 00                             DD      void near GUIrect::sendtoback()
 0010  00 00 00 00                             DD      void near frameeffectlist::refresh( int, void near * )
 0014  00 00 00 00                             DD      int near epane::acceptfocus()
 0018  00 00 00 00                             DD      void near GUIrect::receivefocus()
 001c  00 00 00 00                             DD      void near GUIrect::losefocus()
 0020  00 00 00 00                             DD      void near GUIrect::losechildfocus()
 0024  00 00 00 00                             DD      GUIrect near * near GUIrect::click( mouse near & )
 0028  00 00 00 00                             DD      int near GUIrect::release( mouse near & )
 002c  00 00 00 00                             DD      int near GUIrect::drag( mouse near & )
 0030  00 00 00 00                             DD      void near GUIrect::draw( char near * )
 0034  00 00 00 00                             DD      int near GUIrect::keyhit( char, char )
 0038  00 00 00 00                             DD      char near * near frameeffectlist::getname()
 003c  00 00 00 00                             DD      int near frameeffectlist::sendmessage( GUIrect near *, int )
 0040  00 00 00 00                             DD      void near epane::draweffect( char near * )

No disassembly errors

------------------------------------------------------------

Comdat: void (near * const near __vftbl[])()  SEGMENT ANY 'DGROUP:CONST2'  00000044 bytes  
 0000  00 00 00 00                             DD      near e_shake_edit::~e_shake_edit()
 0004  00 00 00 00                             DD      GUIrect near * near GUIrect::hittest( int, int )
 0008  00 00 00 00                             DD      void near GUIrect::bringtofront()
 000c  00 00 00 00                             DD      void near GUIrect::sendtoback()
 0010  00 00 00 00                             DD      void near e_shake_edit::refresh( int, void near * )
 0014  00 00 00 00                             DD      int near epane::acceptfocus()
 0018  00 00 00 00                             DD      void near GUIrect::receivefocus()
 001c  00 00 00 00                             DD      void near GUIrect::losefocus()
 0020  00 00 00 00                             DD      void near GUIrect::losechildfocus()
 0024  00 00 00 00                             DD      GUIrect near * near GUIrect::click( mouse near & )
 0028  00 00 00 00                             DD      int near GUIrect::release( mouse near & )
 002c  00 00 00 00                             DD      int near GUIrect::drag( mouse near & )
 0030  00 00 00 00                             DD      void near GUIrect::draw( char near * )
 0034  00 00 00 00                             DD      int near e_shake_edit::keyhit( char, char )
 0038  00 00 00 00                             DD      char near * near e_shake_edit::getname()
 003c  00 00 00 00                             DD      int near e_shake_edit::sendmessage( GUIrect near *, int )
 0040  00 00 00 00                             DD      void near epane::draweffect( char near * )

No disassembly errors

------------------------------------------------------------

Comdat: void (near * const near __vftbl[])()  SEGMENT ANY 'DGROUP:CONST2'  00000044 bytes  
 0000  00 00 00 00                             DD      near e_sound_edit::~e_sound_edit()
 0004  00 00 00 00                             DD      GUIrect near * near GUIrect::hittest( int, int )
 0008  00 00 00 00                             DD      void near GUIrect::bringtofront()
 000c  00 00 00 00                             DD      void near GUIrect::sendtoback()
 0010  00 00 00 00                             DD      void near e_sound_edit::refresh( int, void near * )
 0014  00 00 00 00                             DD      int near epane::acceptfocus()
 0018  00 00 00 00                             DD      void near GUIrect::receivefocus()
 001c  00 00 00 00                             DD      void near GUIrect::losefocus()
 0020  00 00 00 00                             DD      void near GUIrect::losechildfocus()
 0024  00 00 00 00                             DD      GUIrect near * near GUIrect::click( mouse near & )
 0028  00 00 00 00                             DD      int near GUIrect::release( mouse near & )
 002c  00 00 00 00                             DD      int near GUIrect::drag( mouse near & )
 0030  00 00 00 00                             DD      void near GUIrect::draw( char near * )
 0034  00 00 00 00                             DD      int near e_sound_edit::keyhit( char, char )
 0038  00 00 00 00                             DD      char near * near e_sound_edit::getname()
 003c  00 00 00 00                             DD      int near e_sound_edit::sendmessage( GUIrect near *, int )
 0040  00 00 00 00                             DD      void near epane::draweffect( char near * )

No disassembly errors

------------------------------------------------------------

Comdat: void (near * const near __vftbl[])()  SEGMENT ANY 'DGROUP:CONST2'  00000044 bytes  
 0000  00 00 00 00                             DD      near e_dir_edit::~e_dir_edit()
 0004  00 00 00 00                             DD      GUIrect near * near GUIrect::hittest( int, int )
 0008  00 00 00 00                             DD      void near GUIrect::bringtofront()
 000c  00 00 00 00                             DD      void near GUIrect::sendtoback()
 0010  00 00 00 00                             DD      void near e_dir_edit::refresh( int, void near * )
 0014  00 00 00 00                             DD      int near epane::acceptfocus()
 0018  00 00 00 00                             DD      void near GUIrect::receivefocus()
 001c  00 00 00 00                             DD      void near GUIrect::losefocus()
 0020  00 00 00 00                             DD      void near GUIrect::losechildfocus()
 0024  00 00 00 00                             DD      GUIrect near * near GUIrect::click( mouse near & )
 0028  00 00 00 00                             DD      int near GUIrect::release( mouse near & )
 002c  00 00 00 00                             DD      int near GUIrect::drag( mouse near & )
 0030  00 00 00 00                             DD      void near GUIrect::draw( char near * )
 0034  00 00 00 00                             DD      int near e_dir_edit::keyhit( char, char )
 0038  00 00 00 00                             DD      char near * near e_dir_edit::getname()
 003c  00 00 00 00                             DD      int near e_dir_edit::sendmessage( GUIrect near *, int )
 0040  00 00 00 00                             DD      void near epane::draweffect( char near * )

No disassembly errors

------------------------------------------------------------

Comdat: void (near * const near __vftbl[])()  SEGMENT ANY 'DGROUP:CONST2'  00000044 bytes  
 0000  00 00 00 00                             DD      near e_goto_edit::~e_goto_edit()
 0004  00 00 00 00                             DD      GUIrect near * near GUIrect::hittest( int, int )
 0008  00 00 00 00                             DD      void near GUIrect::bringtofront()
 000c  00 00 00 00                             DD      void near GUIrect::sendtoback()
 0010  00 00 00 00                             DD      void near e_goto_edit::refresh( int, void near * )
 0014  00 00 00 00                             DD      int near epane::acceptfocus()
 0018  00 00 00 00                             DD      void near GUIrect::receivefocus()
 001c  00 00 00 00                             DD      void near GUIrect::losefocus()
 0020  00 00 00 00                             DD      void near GUIrect::losechildfocus()
 0024  00 00 00 00                             DD      GUIrect near * near GUIrect::click( mouse near & )
 0028  00 00 00 00                             DD      int near GUIrect::release( mouse near & )
 002c  00 00 00 00                             DD      int near GUIrect::drag( mouse near & )
 0030  00 00 00 00                             DD      void near GUIrect::draw( char near * )
 0034  00 00 00 00                             DD      int near e_goto_edit::keyhit( char, char )
 0038  00 00 00 00                             DD      char near * near e_goto_edit::getname()
 003c  00 00 00 00                             DD      int near e_goto_edit::sendmessage( GUIrect near *, int )
 0040  00 00 00 00                             DD      void near epane::draweffect( char near * )

No disassembly errors

------------------------------------------------------------

Comdat: void (near * const near __vftbl[])()  SEGMENT ANY 'DGROUP:CONST2'  00000044 bytes  
 0000  00 00 00 00                             DD      near e_gotoseriesname_edit::~e_gotoseriesname_edit()
 0004  00 00 00 00                             DD      GUIrect near * near GUIrect::hittest( int, int )
 0008  00 00 00 00                             DD      void near GUIrect::bringtofront()
 000c  00 00 00 00                             DD      void near GUIrect::sendtoback()
 0010  00 00 00 00                             DD      void near e_gotoseriesname_edit::refresh( int, void near * )
 0014  00 00 00 00                             DD      int near epane::acceptfocus()
 0018  00 00 00 00                             DD      void near GUIrect::receivefocus()
 001c  00 00 00 00                             DD      void near GUIrect::losefocus()
 0020  00 00 00 00                             DD      void near GUIrect::losechildfocus()
 0024  00 00 00 00                             DD      GUIrect near * near GUIrect::click( mouse near & )
 0028  00 00 00 00                             DD      int near GUIrect::release( mouse near & )
 002c  00 00 00 00                             DD      int near GUIrect::drag( mouse near & )
 0030  00 00 00 00                             DD      void near GUIrect::draw( char near * )
 0034  00 00 00 00                             DD      int near GUIrect::keyhit( char, char )
 0038  00 00 00 00                             DD      char near * near e_gotoseriesname_edit::getname()
 003c  00 00 00 00                             DD      int near e_gotoseriesname_edit::sendmessage( GUIrect near *, int )
 0040  00 00 00 00                             DD      void near epane::draweffect( char near * )

No disassembly errors

------------------------------------------------------------

Comdat: void (near * const near __vftbl[])()  SEGMENT ANY 'DGROUP:CONST2'  00000044 bytes  
 0000  00 00 00 00                             DD      near e_newobject_edit::~e_newobject_edit()
 0004  00 00 00 00                             DD      GUIrect near * near GUIrect::hittest( int, int )
 0008  00 00 00 00                             DD      void near GUIrect::bringtofront()
 000c  00 00 00 00                             DD      void near GUIrect::sendtoback()
 0010  00 00 00 00                             DD      void near e_newobject_edit::refresh( int, void near * )
 0014  00 00 00 00                             DD      int near epane::acceptfocus()
 0018  00 00 00 00                             DD      void near GUIrect::receivefocus()
 001c  00 00 00 00                             DD      void near GUIrect::losefocus()
 0020  00 00 00 00                             DD      void near GUIrect::losechildfocus()
 0024  00 00 00 00                             DD      GUIrect near * near e_newobject_edit::click( mouse near & )
 0028  00 00 00 00                             DD      int near e_newobject_edit::release( mouse near & )
 002c  00 00 00 00                             DD      int near e_newobject_edit::drag( mouse near & )
 0030  00 00 00 00                             DD      void near GUIrect::draw( char near * )
 0034  00 00 00 00                             DD      int near e_newobject_edit::keyhit( char, char )
 0038  00 00 00 00                             DD      char near * near e_newobject_edit::getname()
 003c  00 00 00 00                             DD      int near e_newobject_edit::sendmessage( GUIrect near *, int )
 0040  00 00 00 00                             DD      void near e_newobject_edit::draweffect( char near * )

No disassembly errors

------------------------------------------------------------

Comdat: void (near * const near __vftbl[])()  SEGMENT ANY 'DGROUP:CONST2'  00000044 bytes  
 0000  00 00 00 00                             DD      near e_blood_edit::~e_blood_edit()
 0004  00 00 00 00                             DD      GUIrect near * near GUIrect::hittest( int, int )
 0008  00 00 00 00                             DD      void near GUIrect::bringtofront()
 000c  00 00 00 00                             DD      void near GUIrect::sendtoback()
 0010  00 00 00 00                             DD      void near e_blood_edit::refresh( int, void near * )
 0014  00 00 00 00                             DD      int near epane::acceptfocus()
 0018  00 00 00 00                             DD      void near GUIrect::receivefocus()
 001c  00 00 00 00                             DD      void near GUIrect::losefocus()
 0020  00 00 00 00                             DD      void near GUIrect::losechildfocus()
 0024  00 00 00 00                             DD      GUIrect near * near e_blood_edit::click( mouse near & )
 0028  00 00 00 00                             DD      int near e_blood_edit::release( mouse near & )
 002c  00 00 00 00                             DD      int near e_blood_edit::drag( mouse near & )
 0030  00 00 00 00                             DD      void near GUIrect::draw( char near * )
 0034  00 00 00 00                             DD      int near e_blood_edit::keyhit( char, char )
 0038  00 00 00 00                             DD      char near * near e_blood_edit::getname()
 003c  00 00 00 00                             DD      int near e_blood_edit::sendmessage( GUIrect near *, int )
 0040  00 00 00 00                             DD      void near e_blood_edit::draweffect( char near * )

No disassembly errors

------------------------------------------------------------

Comdat: void (near * const near __vftbl[])()  SEGMENT ANY 'DGROUP:CONST2'  00000044 bytes  
 0000  00 00 00 00                             DD      near impermflags::~impermflags()
 0004  00 00 00 00                             DD      GUIrect near * near GUIrect::hittest( int, int )
 0008  00 00 00 00                             DD      void near GUIrect::bringtofront()
 000c  00 00 00 00                             DD      void near GUIrect::sendtoback()
 0010  00 00 00 00                             DD      void near impermflags::refresh( int, void near * )
 0014  00 00 00 00                             DD      int near impermflags::acceptfocus()
 0018  00 00 00 00                             DD      void near GUIrect::receivefocus()
 001c  00 00 00 00                             DD      void near GUIrect::losefocus()
 0020  00 00 00 00                             DD      void near GUIrect::losechildfocus()
 0024  00 00 00 00                             DD      GUIrect near * near GUIrect::click( mouse near & )
 0028  00 00 00 00                             DD      int near GUIrect::release( mouse near & )
 002c  00 00 00 00                             DD      int near GUIrect::drag( mouse near & )
 0030  00 00 00 00                             DD      void near GUIrect::draw( char near * )
 0034  00 00 00 00                             DD      int near GUIrect::keyhit( char, char )
 0038  00 00 00 00                             DD      char near * near GUIrect::getname()
 003c  00 00 00 00                             DD      int near impermflags::sendmessage( GUIrect near *, int )
 0040  00 00 00 00                             DD      void near epane::draweffect( char near * )

No disassembly errors

------------------------------------------------------------

Comdat: void (near * const near __vftbl[])()  SEGMENT ANY 'DGROUP:CONST2'  00000044 bytes  
 0000  00 00 00 00                             DD      near vulnflags::~vulnflags()
 0004  00 00 00 00                             DD      GUIrect near * near GUIrect::hittest( int, int )
 0008  00 00 00 00                             DD      void near GUIrect::bringtofront()
 000c  00 00 00 00                             DD      void near GUIrect::sendtoback()
 0010  00 00 00 00                             DD      void near vulnflags::refresh( int, void near * )
 0014  00 00 00 00                             DD      int near vulnflags::acceptfocus()
 0018  00 00 00 00                             DD      void near GUIrect::receivefocus()
 001c  00 00 00 00                             DD      void near GUIrect::losefocus()
 0020  00 00 00 00                             DD      void near GUIrect::losechildfocus()
 0024  00 00 00 00                             DD      GUIrect near * near GUIrect::click( mouse near & )
 0028  00 00 00 00                             DD      int near GUIrect::release( mouse near & )
 002c  00 00 00 00                             DD      int near GUIrect::drag( mouse near & )
 0030  00 00 00 00                             DD      void near GUIrect::draw( char near * )
 0034  00 00 00 00                             DD      int near GUIrect::keyhit( char, char )
 0038  00 00 00 00                             DD      char near * near GUIrect::getname()
 003c  00 00 00 00                             DD      int near vulnflags::sendmessage( GUIrect near *, int )
 0040  00 00 00 00                             DD      void near epane::draweffect( char near * )

No disassembly errors

------------------------------------------------------------

Comdat: void (near * const near __vftbl[])()  SEGMENT ANY 'DGROUP:CONST2'  00000044 bytes  
 0000  00 00 00 00                             DD      near attackflags::~attackflags()
 0004  00 00 00 00                             DD      GUIrect near * near GUIrect::hittest( int, int )
 0008  00 00 00 00                             DD      void near GUIrect::bringtofront()
 000c  00 00 00 00                             DD      void near GUIrect::sendtoback()
 0010  00 00 00 00                             DD      void near attackflags::refresh( int, void near * )
 0014  00 00 00 00                             DD      int near attackflags::acceptfocus()
 0018  00 00 00 00                             DD      void near GUIrect::receivefocus()
 001c  00 00 00 00                             DD      void near GUIrect::losefocus()
 0020  00 00 00 00                             DD      void near GUIrect::losechildfocus()
 0024  00 00 00 00                             DD      GUIrect near * near GUIrect::click( mouse near & )
 0028  00 00 00 00                             DD      int near GUIrect::release( mouse near & )
 002c  00 00 00 00                             DD      int near GUIrect::drag( mouse near & )
 0030  00 00 00 00                             DD      void near GUIrect::draw( char near * )
 0034  00 00 00 00                             DD      int near GUIrect::keyhit( char, char )
 0038  00 00 00 00                             DD      char near * near GUIrect::getname()
 003c  00 00 00 00                             DD      int near attackflags::sendmessage( GUIrect near *, int )
 0040  00 00 00 00                             DD      void near epane::draweffect( char near * )

No disassembly errors

------------------------------------------------------------

Comdat: void (near * const near __vftbl[])()  SEGMENT ANY 'DGROUP:CONST2'  00000044 bytes  
 0000  00 00 00 00                             DD      near regioneffectlist::~regioneffectlist()
 0004  00 00 00 00                             DD      GUIrect near * near GUIrect::hittest( int, int )
 0008  00 00 00 00                             DD      void near GUIrect::bringtofront()
 000c  00 00 00 00                             DD      void near GUIrect::sendtoback()
 0010  00 00 00 00                             DD      void near regioneffectlist::refresh( int, void near * )
 0014  00 00 00 00                             DD      int near regioneffectlist::acceptfocus()
 0018  00 00 00 00                             DD      void near GUIrect::receivefocus()
 001c  00 00 00 00                             DD      void near GUIrect::losefocus()
 0020  00 00 00 00                             DD      void near GUIrect::losechildfocus()
 0024  00 00 00 00                             DD      GUIrect near * near GUIrect::click( mouse near & )
 0028  00 00 00 00                             DD      int near GUIrect::release( mouse near & )
 002c  00 00 00 00                             DD      int near GUIrect::drag( mouse near & )
 0030  00 00 00 00                             DD      void near GUIrect::draw( char near * )
 0034  00 00 00 00                             DD      int near GUIrect::keyhit( char, char )
 0038  00 00 00 00                             DD      char near * near regioneffectlist::getname()
 003c  00 00 00 00                             DD      int near regioneffectlist::sendmessage( GUIrect near *, int )
 0040  00 00 00 00                             DD      void near epane::draweffect( char near * )

No disassembly errors

------------------------------------------------------------

Comdat: void (near * const near __vftbl[])()  SEGMENT ANY 'DGROUP:CONST2'  00000044 bytes  
 0000  00 00 00 00                             DD      near e_region_edit::~e_region_edit()
 0004  00 00 00 00                             DD      GUIrect near * near GUIrect::hittest( int, int )
 0008  00 00 00 00                             DD      void near GUIrect::bringtofront()
 000c  00 00 00 00                             DD      void near GUIrect::sendtoback()
 0010  00 00 00 00                             DD      void near e_region_edit::refresh( int, void near * )
 0014  00 00 00 00                             DD      int near epane::acceptfocus()
 0018  00 00 00 00                             DD      void near GUIrect::receivefocus()
 001c  00 00 00 00                             DD      void near GUIrect::losefocus()
 0020  00 00 00 00                             DD      void near GUIrect::losechildfocus()
 0024  00 00 00 00                             DD      GUIrect near * near e_region_edit::click( mouse near & )
 0028  00 00 00 00                             DD      int near e_region_edit::release( mouse near & )
 002c  00 00 00 00                             DD      int near e_region_edit::drag( mouse near & )
 0030  00 00 00 00                             DD      void near GUIrect::draw( char near * )
 0034  00 00 00 00                             DD      int near e_region_edit::keyhit( char, char )
 0038  00 00 00 00                             DD      char near * near e_region_edit::getname()
 003c  00 00 00 00                             DD      int near e_region_edit::sendmessage( GUIrect near *, int )
 0040  00 00 00 00                             DD      void near e_region_edit::draweffect( char near * )

No disassembly errors

------------------------------------------------------------

Comdat: char unsigned const near __typesig[]  SEGMENT ANY 'DGROUP:CONST2'  00000011 bytes  
 0000  00 00 00 00 00                          - .....
 0005  00 00 00 00                             DD      near GUIlistbox::GUIlistbox( GUIlistbox const near & )
 0009  00 00 00 00                             DD      near GUIlistbox::~GUIlistbox()
 000d  59 00 00 00                             - Y...

No disassembly errors

------------------------------------------------------------

Comdat: char unsigned const near __typesig[]  SEGMENT ANY 'DGROUP:CONST2'  00000011 bytes  
 0000  00 00 00 00 00                          - .....
 0005  00 00 00 00                             DD      near pane::pane( pane const near & )
 0009  00 00 00 00                             DD      near pane::~pane()
 000d  39 00 00 00                             - 9...

No disassembly errors

------------------------------------------------------------

Comdat: char unsigned const near __typesig[]  SEGMENT ANY 'DGROUP:CONST2'  00000011 bytes  
 0000  00                                      - .
 0001  00 00 00 00                             DD      near effectedit::effectedit()
 0005  00 00 00 00                             DD      near effectedit::effectedit( effectedit const near & )
 0009  00 00 00 00                             DD      near effectedit::~effectedit()
 000d  49 00 00 00                             - I...

No disassembly errors

------------------------------------------------------------

Comdat: char unsigned const near __typesig[]  SEGMENT ANY 'DGROUP:CONST2'  00000011 bytes  
 0000  00 00 00 00 00                          - .....
 0005  00 00 00 00                             DD      near e_region_edit::e_region_edit( e_region_edit const near & )
 0009  00 00 00 00                             DD      near e_region_edit::~e_region_edit()
 000d  69 00 00 00                             - i...

No disassembly errors

------------------------------------------------------------

Comdat: char unsigned const near __typesig[]  SEGMENT ANY 'DGROUP:CONST2'  00000011 bytes  
 0000  00 00 00 00 00                          - .....
 0005  00 00 00 00                             DD      near regioneffectlist::regioneffectlist( regioneffectlist const near & )
 0009  00 00 00 00                             DD      near regioneffectlist::~regioneffectlist()
 000d  61 00 00 00                             - a...

No disassembly errors

------------------------------------------------------------

Comdat: char unsigned const near __typesig[]  SEGMENT ANY 'DGROUP:CONST2'  00000011 bytes  
 0000  00 00 00 00 00                          - .....
 0005  00 00 00 00                             DD      near attackflags::attackflags( attackflags const near & )
 0009  00 00 00 00                             DD      near attackflags::~attackflags()
 000d  4d 00 00 00                             - M...

No disassembly errors

------------------------------------------------------------

Comdat: char unsigned const near __typesig[]  SEGMENT ANY 'DGROUP:CONST2'  00000011 bytes  
 0000  00 00 00 00 00                          - .....
 0005  00 00 00 00                             DD      near vulnflags::vulnflags( vulnflags const near & )
 0009  00 00 00 00                             DD      near vulnflags::~vulnflags()
 000d  4d 00 00 00                             - M...

No disassembly errors

------------------------------------------------------------

Comdat: char unsigned const near __typesig[]  SEGMENT ANY 'DGROUP:CONST2'  00000011 bytes  
 0000  00 00 00 00 00                          - .....
 0005  00 00 00 00                             DD      near impermflags::impermflags( impermflags const near & )
 0009  00 00 00 00                             DD      near impermflags::~impermflags()
 000d  55 00 00 00                             - U...

No disassembly errors

------------------------------------------------------------

Comdat: char unsigned const near __typesig[]  SEGMENT ANY 'DGROUP:CONST2'  00000011 bytes  
 0000  00 00 00 00 00                          - .....
 0005  00 00 00 00                             DD      near e_blood_edit::e_blood_edit( e_blood_edit const near & )
 0009  00 00 00 00                             DD      near e_blood_edit::~e_blood_edit()
 000d  49 00 00 00                             - I...

No disassembly errors

------------------------------------------------------------

Comdat: char unsigned const near __typesig[]  SEGMENT ANY 'DGROUP:CONST2'  00000011 bytes  
 0000  00 00 00 00 00                          - .....
 0005  00 00 00 00                             DD      near e_newobject_edit::e_newobject_edit( e_newobject_edit const near & )
 0009  00 00 00 00                             DD      near e_newobject_edit::~e_newobject_edit()
 000d  4d 00 00 00                             - M...

No disassembly errors

------------------------------------------------------------

Comdat: char unsigned const near __typesig[]  SEGMENT ANY 'DGROUP:CONST2'  00000011 bytes  
 0000  00 00 00 00 00                          - .....
 0005  00 00 00 00                             DD      near e_gotoseriesname_edit::e_gotoseriesname_edit( e_gotoseriesname_edit const near & )
 0009  00 00 00 00                             DD      near e_gotoseriesname_edit::~e_gotoseriesname_edit()
 000d  45 00 00 00                             - E...

No disassembly errors

------------------------------------------------------------

Comdat: char unsigned const near __typesig[]  SEGMENT ANY 'DGROUP:CONST2'  00000011 bytes  
 0000  00 00 00 00 00                          - .....
 0005  00 00 00 00                             DD      near e_goto_edit::e_goto_edit( e_goto_edit const near & )
 0009  00 00 00 00                             DD      near e_goto_edit::~e_goto_edit()
 000d  45 00 00 00                             - E...

No disassembly errors

------------------------------------------------------------

Comdat: char unsigned const near __typesig[]  SEGMENT ANY 'DGROUP:CONST2'  00000011 bytes  
 0000  00 00 00 00 00                          - .....
 0005  00 00 00 00                             DD      near e_dir_edit::e_dir_edit( e_dir_edit const near & )
 0009  00 00 00 00                             DD      near e_dir_edit::~e_dir_edit()
 000d  45 00 00 00                             - E...

No disassembly errors

------------------------------------------------------------

Comdat: char unsigned const near __typesig[]  SEGMENT ANY 'DGROUP:CONST2'  00000011 bytes  
 0000  00 00 00 00 00                          - .....
 0005  00 00 00 00                             DD      near e_sound_edit::e_sound_edit( e_sound_edit const near & )
 0009  00 00 00 00                             DD      near e_sound_edit::~e_sound_edit()
 000d  4d 00 00 00                             - M...

No disassembly errors

------------------------------------------------------------

Comdat: char unsigned const near __typesig[]  SEGMENT ANY 'DGROUP:CONST2'  00000011 bytes  
 0000  00 00 00 00 00                          - .....
 0005  00 00 00 00                             DD      near e_shake_edit::e_shake_edit( e_shake_edit const near & )
 0009  00 00 00 00                             DD      near e_shake_edit::~e_shake_edit()
 000d  45 00 00 00                             - E...

No disassembly errors

------------------------------------------------------------

Comdat: char unsigned const near __typesig[]  SEGMENT ANY 'DGROUP:CONST2'  00000011 bytes  
 0000  00 00 00 00 00                          - .....
 0005  00 00 00 00                             DD      near frameeffectlist::frameeffectlist( frameeffectlist const near & )
 0009  00 00 00 00                             DD      near frameeffectlist::~frameeffectlist()
 000d  51 00 00 00                             - Q...

No disassembly errors

------------------------------------------------------------

Comdat: char unsigned const near __typesig[]  SEGMENT ANY 'DGROUP:CONST2'  00000011 bytes  
 0000  00 00 00 00 00                          - .....
 0005  00 00 00 00                             DD      near effectlistbox::effectlistbox( effectlistbox const near & )
 0009  00 00 00 00                             DD      near effectlistbox::~effectlistbox()
 000d  59 00 00 00                             - Y...

No disassembly errors

------------------------------------------------------------

Comdat: char unsigned const near __typesig[]  SEGMENT ANY 'DGROUP:CONST2'  00000011 bytes  
 0000  00 00 00 00 00                          - .....
 0005  00 00 00 00                             DD      near epane::epane( epane const near & )
 0009  00 00 00 00                             DD      near epane::~epane()
 000d  3d 00 00 00                             - =...

No disassembly errors

------------------------------------------------------------

Comdat: char unsigned const near __typesig[]  SEGMENT ANY 'DGROUP:CONST2'  00000011 bytes  
 0000  00                                      - .
 0001  00 00 00 00                             DD      near panelist::panelist()
 0005  00 00 00 00                             DD      near panelist::panelist( panelist const near & )
 0009  00 00 00 00                             DD      near panelist::~panelist()
 000d  35 00 00 00                             - 5...

No disassembly errors

------------------------------------------------------------

Comdat: char unsigned const near __typesig[]  SEGMENT ANY 'DGROUP:CONST2'  00000011 bytes  
 0000  00 00 00 00 00                          - .....
 0005  00 00 00 00                             DD      near GUIstringlistbox::GUIstringlistbox( GUIstringlistbox const near & )
 0009  00 00 00 00                             DD      near GUIstringlistbox::~GUIstringlistbox()
 000d  59 00 00 00                             - Y...

No disassembly errors

------------------------------------------------------------

Comdat: char unsigned const near __typesig[]  SEGMENT ANY 'DGROUP:CONST2'  00000011 bytes  
 0000  00 00 00 00 00                          - .....
 0005  00 00 00 00                             DD      near GUIstaticcenteredtext::GUIstaticcenteredtext( GUIstaticcenteredtext const near & )
 0009  00 00 00 00                             DD      near GUIstaticcenteredtext::~GUIstaticcenteredtext()
 000d  81 00 00 00                             - ....

No disassembly errors

------------------------------------------------------------

Comdat: char unsigned const near __typesig[]  SEGMENT ANY 'DGROUP:CONST2'  00000011 bytes  
 0000  00 00 00 00 00                          - .....
 0005  00 00 00 00                             DD      near GUIstatictext::GUIstatictext( GUIstatictext const near & )
 0009  00 00 00 00                             DD      near GUIstatictext::~GUIstatictext()
 000d  81 00 00 00                             - ....

No disassembly errors

------------------------------------------------------------

Comdat: near GUIstatictext::~GUIstatictext()  SEGMENT ANY '_TEXT'  0000003c bytes  
 0000  53                                push    ebx
 0001  51                                push    ecx
 0002  89 c3                             mov     ebx,eax
 0004  89 d1                             mov     ecx,edx
 0006  f6 c1 04                          test    cl,04H
 0009  74 14                             je      L570
 000b  ba 00 00 00 00                    mov     edx,offset char unsigned const near __typesig[]
 0010  e8 00 00 00 00                    call    __wcpp_2_dtor_array_store__
 0015  e8 00 00 00 00                    call    void near operator delete []( void near * )
 001a  89 d8                             mov     eax,ebx
 001c  59                                pop     ecx
 001d  5b                                pop     ebx
 001e  c3                                ret     
 001f  ba 01 00 00 00    L570            mov     edx,00000001H
 0024  e8 00 00 00 00                    call    near GUIrect::~GUIrect()
 0029  89 c3                             mov     ebx,eax
 002b  f6 c1 02                          test    cl,02H
 002e  74 05                             je      L571
 0030  e8 00 00 00 00                    call    void near operator delete( void near * )
 0035  89 d8             L571            mov     eax,ebx
 0037  59                                pop     ecx
 0038  5b                                pop     ebx
 0039  c3                                ret     
 003a  8b c0                             mov     eax,eax

No disassembly errors

------------------------------------------------------------

Comdat: near GUIcontents::~GUIcontents()  SEGMENT ANY '_TEXT'  0000003a bytes  
 0000  53                                push    ebx
 0001  51                                push    ecx
 0002  89 c3                             mov     ebx,eax
 0004  89 d1                             mov     ecx,edx
 0006  f6 c1 04                          test    cl,04H
 0009  74 14                             je      L572
 000b  ba 00 00 00 00                    mov     edx,offset char unsigned const near __typesig[]
 0010  e8 00 00 00 00                    call    __wcpp_2_dtor_array_store__
 0015  e8 00 00 00 00                    call    void near operator delete []( void near * )
 001a  89 d8                             mov     eax,ebx
 001c  59                                pop     ecx
 001d  5b                                pop     ebx
 001e  c3                                ret     
 001f  ba 01 00 00 00    L572            mov     edx,00000001H
 0024  e8 00 00 00 00                    call    near GUIrect::~GUIrect()
 0029  89 c3                             mov     ebx,eax
 002b  f6 c1 02                          test    cl,02H
 002e  74 05                             je      L573
 0030  e8 00 00 00 00                    call    void near operator delete( void near * )
 0035  89 d8             L573            mov     eax,ebx
 0037  59                                pop     ecx
 0038  5b                                pop     ebx
 0039  c3                                ret     

No disassembly errors

------------------------------------------------------------

Comdat: char unsigned const near __typesig[]  SEGMENT ANY 'DGROUP:CONST2'  00000011 bytes  
 0000  00 00 00 00 00                          - .....
 0005  00 00 00 00                             DD      near GUIcontents::GUIcontents( GUIcontents const near & )
 0009  00 00 00 00                             DD      near GUIcontents::~GUIcontents()
 000d  2d 00 00 00                             - -...

No disassembly errors

------------------------------------------------------------
